date,Straight_Outta_Compton_(2015_film),N.W.A,Dr._Dre,Ice_Cube,Eazy-E
2015-07-01,7895.0,7808.0,8688.0,7859.0,8423.0
2015-07-02,8414.0,8117.0,8736.0,8339.0,8720.0
2015-07-03,7835.0,7583.0,8364.0,7726.0,8166.0
2015-07-04,7630.0,7358.0,9352.0,8148.0,8018.0
2015-07-05,8465.0,7622.0,9771.0,9277.0,8400.0
2015-07-06,8140.0,7353.0,9376.0,8749.0,7964.0
2015-07-07,7765.0,7686.0,8648.0,8717.0,8172.0
2015-07-08,7578.0,7563.0,8714.0,8155.0,7823.0
2015-07-09,8012.0,7462.0,8488.0,8599.0,7692.0
2015-07-10,10238.0,9278.0,8940.0,10206.0,8913.0
2015-07-11,9993.0,8461.0,8621.0,8950.0,8303.0
2015-07-12,10348.0,8242.0,8474.0,9819.0,8374.0
2015-07-13,9596.0,7975.0,9027.0,9640.0,7673.0
2015-07-14,9003.0,7515.0,8760.0,8727.0,7542.0
2015-07-15,9485.0,8429.0,8833.0,9246.0,8324.0
2015-07-16,9451.0,8622.0,8926.0,9147.0,8904.0
2015-07-17,9089.0,8524.0,10384.0,9397.0,8682.0
2015-07-18,8532.0,9650.0,10525.0,9574.0,9361.0
2015-07-19,10096.0,12310.0,10636.0,11057.0,11709.0
2015-07-20,18962.0,26271.0,14471.0,15846.0,23188.0
2015-07-21,32072.0,41593.0,19892.0,24602.0,40976.0
2015-07-22,25591.0,41725.0,19134.0,21033.0,36754.0
2015-07-23,25142.0,46336.0,20394.0,21286.0,41451.0
2015-07-24,19257.0,29189.0,14971.0,16788.0,25945.0
2015-07-25,17766.0,25217.0,13672.0,15593.0,23104.0
2015-07-26,19180.0,27220.0,14592.0,16736.0,24473.0
2015-07-27,20812.0,29351.0,16064.0,17983.0,25950.0
2015-07-28,22968.0,32967.0,16644.0,19278.0,29397.0
2015-07-29,21233.0,30304.0,17500.0,18322.0,27240.0
2015-07-30,25012.0,37573.0,21735.0,20069.0,30338.0
2015-07-31,30109.0,46912.0,23795.0,24112.0,40979.0
2015-08-01,24235.0,37253.0,23182.0,21116.0,32986.0
2015-08-02,34631.0,52062.0,56178.0,26259.0,42624.0
2015-08-03,32511.0,44702.0,47897.0,24816.0,39462.0
2015-08-04,38990.0,49617.0,40529.0,27951.0,40947.0
2015-08-05,36623.0,44975.0,34771.0,25175.0,38066.0
2015-08-06,60280.0,93354.0,50099.0,52175.0,60698.0
2015-08-07,78077.0,95299.0,138543.0,49838.0,69186.0
2015-08-08,65953.0,77985.0,87472.0,43276.0,59854.0
2015-08-09,63627.0,72608.0,70878.0,40329.0,59535.0
2015-08-10,70385.0,80535.0,60718.0,41515.0,62427.0
2015-08-11,82249.0,90396.0,68980.0,48536.0,75036.0
2015-08-12,90400.0,91725.0,64331.0,64605.0,77227.0
2015-08-13,106758.0,113008.0,68647.0,65574.0,95003.0
2015-08-14,202100.0,204826.0,121485.0,128544.0,191487.0
2015-08-15,239100.0,211568.0,170383.0,166932.0,270030.0
2015-08-16,258339.0,207368.0,203626.0,194606.0,316343.0
2015-08-17,290671.0,231608.0,220746.0,216754.0,338170.0
2015-08-18,214884.0,184138.0,170885.0,162500.0,293754.0
2015-08-19,165173.0,153505.0,158109.0,141570.0,233649.0
2015-08-20,122324.0,110179.0,114009.0,106963.0,168479.0
2015-08-21,117774.0,102048.0,111276.0,99799.0,143262.0
2015-08-22,122703.0,103133.0,129060.0,110586.0,154545.0
2015-08-23,131174.0,106733.0,125083.0,127183.0,170086.0
2015-08-24,123080.0,91197.0,103130.0,101470.0,136577.0
2015-08-25,84530.0,67750.0,73319.0,70640.0,96459.0
2015-08-26,84563.0,73978.0,71254.0,73433.0,113385.0
2015-08-27,73614.0,59198.0,60987.0,57944.0,83498.0
2015-08-28,80256.0,70013.0,66698.0,63637.0,90925.0
2015-08-29,100597.0,94183.0,97752.0,89595.0,139080.0
2015-08-30,117183.0,109179.0,121445.0,111275.0,165332.0
2015-08-31,117673.0,100822.0,111702.0,110847.0,148187.0
2015-09-01,82672.0,72581.0,79221.0,74143.0,107735.0
2015-09-02,78331.0,71979.0,77900.0,71652.0,103792.0
2015-09-03,73319.0,70747.0,72732.0,69837.0,97940.0
2015-09-04,71834.0,67151.0,72528.0,67347.0,97746.0
2015-09-05,83947.0,79101.0,91651.0,84739.0,122248.0
2015-09-06,91329.0,82931.0,101402.0,93506.0,136861.0
2015-09-07,86748.0,78812.0,100313.0,90243.0,164902.0
2015-09-08,70698.0,62640.0,76898.0,69224.0,121451.0
2015-09-09,56131.0,51896.0,59687.0,58976.0,83020.0
2015-09-10,49525.0,49970.0,51243.0,50956.0,67326.0
2015-09-11,48171.0,44916.0,49947.0,46122.0,63697.0
2015-09-12,55197.0,50332.0,60323.0,57626.0,79462.0
2015-09-13,58855.0,53538.0,67617.0,60640.0,89406.0
2015-09-14,44577.0,40056.0,48657.0,44249.0,63749.0
2015-09-15,36610.0,33627.0,38643.0,35762.0,50734.0
2015-09-16,34541.0,33555.0,37221.0,35420.0,46705.0
2015-09-17,30673.0,29403.0,33639.0,33117.0,41781.0
2015-09-18,32293.0,29560.0,34885.0,33575.0,42040.0
2015-09-19,36689.0,33672.0,41720.0,39353.0,52781.0
2015-09-20,39412.0,34679.0,45491.0,41130.0,57764.0
2015-09-21,29688.0,26675.0,33343.0,30705.0,41393.0
2015-09-22,25282.0,22310.0,28045.0,25903.0,33209.0
2015-09-23,24388.0,22316.0,27798.0,25042.0,31879.0
2015-09-24,21951.0,20381.0,24654.0,22854.0,28377.0
2015-09-25,22948.0,21018.0,25488.0,22236.0,39700.0
2015-09-26,24144.0,22415.0,28585.0,24381.0,36873.0
2015-09-27,26154.0,23525.0,31240.0,28961.0,36561.0
2015-09-28,21455.0,19523.0,25545.0,23236.0,27192.0
2015-09-29,18311.0,16547.0,21408.0,19839.0,22900.0
2015-09-30,17124.0,16240.0,20207.0,17860.0,22018.0
2015-10-01,16377.0,15414.0,18776.0,16008.0,21068.0
2015-10-02,17802.0,16333.0,19710.0,16876.0,22051.0
2015-10-03,19847.0,17806.0,22874.0,19819.0,26734.0
2015-10-04,20646.0,18758.0,24652.0,21537.0,28525.0
2015-10-05,17770.0,16310.0,20341.0,17699.0,22758.0
2015-10-06,19244.0,14637.0,18061.0,15496.0,20068.0
2015-10-07,16308.0,14500.0,17813.0,15289.0,20258.0
2015-10-08,14956.0,15236.0,17608.0,14362.0,18023.0
2015-10-09,15165.0,15112.0,17596.0,14407.0,18110.0
2015-10-10,17025.0,16263.0,20876.0,17474.0,22847.0
2015-10-11,16921.0,15774.0,21561.0,17766.0,23350.0
2015-10-12,19512.0,14395.0,20365.0,16072.0,20001.0
2015-10-13,14151.0,12640.0,17822.0,13336.0,16915.0
2015-10-14,12343.0,11766.0,16159.0,12954.0,15524.0
2015-10-15,11814.0,11343.0,15127.0,12801.0,15155.0
2015-10-16,12364.0,11466.0,15976.0,13778.0,15993.0
2015-10-17,13920.0,12714.0,19017.0,15880.0,18788.0
2015-10-18,15010.0,13529.0,20292.0,17954.0,21149.0
2015-10-19,12665.0,11288.0,16342.0,13940.0,16415.0
2015-10-20,10490.0,10553.0,14572.0,11602.0,14035.0
2015-10-21,10125.0,10226.0,13574.0,11687.0,13594.0
2015-10-22,9908.0,9962.0,13527.0,11155.0,13396.0
2015-10-23,9389.0,10083.0,13631.0,11285.0,25029.0
2015-10-24,8766.0,10901.0,15260.0,12804.0,16253.0
2015-10-25,8968.0,12424.0,16757.0,14659.0,18579.0
2015-10-26,5885.0,10678.0,14248.0,12365.0,14824.0
2015-10-27,2756.0,9605.0,13385.0,11142.0,12725.0
2015-10-28,2565.0,9646.0,12878.0,10721.0,12551.0
2015-10-29,2317.0,12457.0,13759.0,10553.0,12889.0
2015-10-30,2569.0,9837.0,12902.0,10661.0,13110.0
2015-10-31,2815.0,10536.0,13784.0,11574.0,15129.0
2015-11-01,2796.0,11074.0,14282.0,12038.0,16478.0
2015-11-02,2689.0,10222.0,13314.0,11575.0,15088.0
2015-11-03,2398.0,8960.0,12194.0,10654.0,12171.0
2015-11-04,2334.0,9095.0,12791.0,10988.0,12125.0
2015-11-05,2256.0,8784.0,12341.0,10668.0,12421.0
2015-11-06,2207.0,9078.0,13026.0,11580.0,12505.0
2015-11-07,2336.0,9781.0,14530.0,12621.0,14431.0
2015-11-08,2656.0,10400.0,15719.0,12678.0,15596.0
2015-11-09,2447.0,9152.0,13933.0,11361.0,12640.0
2015-11-10,1958.0,8165.0,12860.0,9865.0,10988.0
2015-11-11,1717.0,8025.0,12308.0,9535.0,11173.0
2015-11-12,1738.0,8551.0,12047.0,9967.0,11021.0
