date,Barbenheimer,Barbie_(film),Oppenheimer_(film),Margot_Robbie,Cillian_Murphy,J._Robert_Oppenheimer,Manhattan_Project
2022-02-24,0.0,1.0,13935.0,8613.0,14050.0,18619.0,6463.0
2022-02-25,0.0,0.0,10350.0,8549.0,14348.0,13662.0,6966.0
2022-02-26,0.0,0.0,12929.0,11339.0,15903.0,12580.0,5684.0
2022-02-27,0.0,0.0,11363.0,12027.0,26840.0,12277.0,6621.0
2022-02-28,0.0,0.0,8957.0,9575.0,24321.0,11795.0,7471.0
2022-03-01,0.0,0.0,8220.0,8730.0,17393.0,10642.0,6429.0
2022-03-02,0.0,1.0,8514.0,9104.0,15817.0,9556.0,5941.0
2022-03-03,0.0,0.0,8490.0,13462.0,15887.0,9139.0,5925.0
2022-03-04,0.0,0.0,8600.0,10301.0,17614.0,9732.0,7633.0
2022-03-05,0.0,2.0,9526.0,11800.0,18060.0,8991.0,5119.0
2022-03-06,0.0,1.0,10866.0,11302.0,32124.0,9928.0,5240.0
2022-03-07,0.0,1.0,10030.0,9476.0,25588.0,9981.0,5623.0
2022-03-08,0.0,0.0,9217.0,8488.0,19542.0,8316.0,5218.0
2022-03-09,0.0,0.0,10006.0,8066.0,18528.0,8539.0,5799.0
2022-03-10,0.0,0.0,18098.0,8559.0,17348.0,12174.0,6323.0
2022-03-11,0.0,0.0,24265.0,9415.0,17561.0,15030.0,8210.0
2022-03-12,0.0,0.0,19644.0,14344.0,19493.0,11717.0,5953.0
2022-03-13,0.0,0.0,15142.0,14766.0,23812.0,9554.0,4982.0
2022-03-14,0.0,0.0,11604.0,9900.0,18668.0,8301.0,4910.0
2022-03-15,0.0,0.0,9965.0,10140.0,15628.0,7389.0,4718.0
2022-03-16,0.0,0.0,10623.0,8496.0,15992.0,7453.0,4720.0
2022-03-17,0.0,0.0,11262.0,8358.0,15489.0,8142.0,4571.0
2022-03-18,0.0,0.0,10214.0,8429.0,15397.0,7408.0,4073.0
2022-03-19,0.0,0.0,9804.0,9744.0,15640.0,7562.0,4529.0
2022-03-20,0.0,2.0,10747.0,9629.0,22417.0,10070.0,5373.0
2022-03-21,0.0,0.0,9478.0,9364.0,18666.0,12812.0,5239.0
2022-03-22,0.0,32.0,9355.0,8173.0,15774.0,13760.0,5575.0
2022-03-23,0.0,325.0,9581.0,9009.0,14707.0,13459.0,5340.0
2022-03-24,0.0,322.0,8423.0,8736.0,13631.0,11458.0,4788.0
2022-03-25,0.0,288.0,7547.0,8287.0,13616.0,10287.0,4407.0
2022-03-26,0.0,368.0,7971.0,11419.0,14245.0,8940.0,3612.0
2022-03-27,0.0,2120.0,9227.0,11340.0,19598.0,10588.0,4137.0
2022-03-28,0.0,2951.0,9060.0,16463.0,15717.0,10101.0,4292.0
2022-03-29,0.0,2891.0,7997.0,13115.0,13264.0,9172.0,4063.0
2022-03-30,0.0,4733.0,7923.0,12529.0,13054.0,8207.0,4048.0
2022-03-31,0.0,4308.0,7227.0,11811.0,12515.0,7003.0,4065.0
2022-04-01,0.0,3957.0,9133.0,10986.0,12869.0,7420.0,3775.0
2022-04-02,0.0,4728.0,10513.0,12258.0,14885.0,7348.0,3282.0
2022-04-03,0.0,3963.0,10110.0,11696.0,25473.0,7787.0,3821.0
2022-04-04,0.0,2359.0,9677.0,9380.0,25839.0,7259.0,4211.0
2022-04-05,0.0,1938.0,8640.0,9266.0,18784.0,6649.0,4015.0
2022-04-06,0.0,2444.0,8790.0,8768.0,15336.0,6645.0,3799.0
2022-04-07,0.0,2411.0,7725.0,9102.0,13796.0,5951.0,3833.0
2022-04-08,0.0,2440.0,7903.0,9710.0,13834.0,5652.0,3534.0
2022-04-09,0.0,3136.0,8608.0,12493.0,15286.0,5411.0,2964.0
2022-04-10,0.0,3610.0,8730.0,13244.0,15601.0,5519.0,3232.0
2022-04-11,0.0,4030.0,8476.0,10676.0,17330.0,6298.0,3651.0
2022-04-12,0.0,6787.0,7453.0,12428.0,15617.0,5943.0,3776.0
2022-04-13,0.0,4265.0,8862.0,11737.0,14057.0,7232.0,3366.0
2022-04-14,0.0,4491.0,12969.0,9648.0,14446.0,10109.0,3717.0
2022-04-15,0.0,7161.0,14555.0,12809.0,19026.0,10976.0,5072.0
2022-04-16,0.0,6261.0,12200.0,11622.0,20919.0,9175.0,3887.0
2022-04-17,0.0,5416.0,11927.0,14426.0,19048.0,9227.0,3734.0
2022-04-18,0.0,4465.0,10299.0,11030.0,17648.0,8466.0,3899.0
2022-04-19,0.0,3626.0,8641.0,9192.0,13858.0,7637.0,4886.0
2022-04-20,0.0,3178.0,7687.0,9656.0,12320.0,6413.0,3760.0
2022-04-21,0.0,2881.0,7117.0,9182.0,11324.0,5907.0,3645.0
2022-04-22,0.0,2909.0,7993.0,9666.0,12509.0,7306.0,3572.0
2022-04-23,0.0,3102.0,15593.0,10212.0,15213.0,8114.0,3329.0
2022-04-24,0.0,3638.0,12448.0,11218.0,15344.0,7173.0,3434.0
2022-04-25,0.0,3269.0,10750.0,9492.0,12830.0,7172.0,4020.0
2022-04-26,0.0,3765.0,8537.0,9632.0,11081.0,6315.0,3747.0
2022-04-27,0.0,35262.0,17986.0,36401.0,11166.0,10876.0,4351.0
2022-04-28,0.0,14074.0,11036.0,22963.0,9873.0,7146.0,4064.0
2022-04-29,0.0,8555.0,9128.0,14104.0,9629.0,6292.0,3939.0
2022-04-30,0.0,7742.0,8672.0,13498.0,10990.0,5813.0,2992.0
2022-05-01,0.0,8497.0,10615.0,15480.0,11974.0,7324.0,3254.0
2022-05-02,0.0,6065.0,10829.0,14978.0,10405.0,6831.0,3750.0
2022-05-03,0.0,4420.0,8912.0,11033.0,8480.0,6064.0,3539.0
2022-05-04,0.0,3701.0,7723.0,8966.0,7806.0,5559.0,3423.0
2022-05-05,0.0,3350.0,7038.0,8976.0,7769.0,4982.0,3486.0
2022-05-06,0.0,3847.0,7433.0,8703.0,7823.0,4941.0,3378.0
2022-05-07,0.0,4176.0,7677.0,9449.0,9162.0,4564.0,2809.0
2022-05-08,0.0,17454.0,8016.0,11738.0,9432.0,4754.0,3102.0
2022-05-09,0.0,10978.0,7403.0,9572.0,8249.0,4886.0,3526.0
2022-05-10,0.0,5868.0,7606.0,7661.0,8033.0,5348.0,3538.0
2022-05-11,0.0,4818.0,7076.0,8040.0,7489.0,5314.0,3507.0
2022-05-12,0.0,4217.0,6795.0,7941.0,7337.0,5621.0,3491.0
2022-05-13,0.0,3878.0,6813.0,8459.0,7511.0,5613.0,3192.0
2022-05-14,0.0,3911.0,6903.0,8976.0,7859.0,4721.0,2630.0
2022-05-15,0.0,4749.0,7289.0,11287.0,8974.0,4716.0,3116.0
2022-05-16,0.0,8449.0,6375.0,22094.0,7655.0,4978.0,3698.0
2022-05-17,0.0,8298.0,6361.0,20998.0,6997.0,4614.0,3446.0
2022-05-18,0.0,8067.0,6343.0,16374.0,6505.0,4657.0,3741.0
2022-05-19,0.0,10301.0,6158.0,13298.0,6908.0,4911.0,3234.0
2022-05-20,0.0,7520.0,6965.0,13244.0,7774.0,5659.0,2939.0
2022-05-21,0.0,6492.0,7070.0,11475.0,8545.0,6028.0,4088.0
2022-05-22,0.0,6724.0,8094.0,12217.0,9811.0,6245.0,3198.0
2022-05-23,0.0,5656.0,8915.0,10227.0,8296.0,6228.0,3442.0
2022-05-24,0.0,5362.0,7672.0,10509.0,7640.0,5686.0,3279.0
2022-05-25,0.0,4617.0,6705.0,10158.0,11701.0,4829.0,3099.0
2022-05-26,0.0,4059.0,6644.0,10916.0,9394.0,5122.0,3144.0
2022-05-27,0.0,3567.0,6297.0,8969.0,7509.0,4519.0,2543.0
2022-05-28,0.0,3567.0,6293.0,9386.0,8322.0,3847.0,2256.0
2022-05-29,0.0,3790.0,6798.0,9557.0,9412.0,4407.0,2553.0
2022-05-30,0.0,3880.0,6458.0,9095.0,8210.0,4245.0,2668.0
2022-05-31,0.0,4656.0,6037.0,8617.0,7279.0,4939.0,2923.0
2022-06-01,0.0,4636.0,5398.0,9047.0,6982.0,3921.0,2631.0
2022-06-02,0.0,3807.0,5441.0,8221.0,6514.0,3862.0,2566.0
2022-06-03,0.0,3494.0,5413.0,8426.0,6503.0,4037.0,2518.0
2022-06-04,0.0,3569.0,6171.0,9808.0,7803.0,3858.0,2326.0
2022-06-05,0.0,4183.0,7013.0,9174.0,8587.0,4174.0,2528.0
2022-06-06,0.0,3481.0,6368.0,7929.0,7547.0,3983.0,2865.0
2022-06-07,0.0,3242.0,5985.0,7279.0,6880.0,4257.0,2846.0
2022-06-08,0.0,3173.0,6001.0,7553.0,7423.0,4059.0,2893.0
2022-06-09,0.0,3196.0,5918.0,7633.0,7260.0,3801.0,2640.0
2022-06-10,0.0,3279.0,6121.0,10576.0,12305.0,4017.0,2602.0
2022-06-11,0.0,3477.0,7019.0,9444.0,21559.0,4145.0,2430.0
2022-06-12,0.0,3778.0,7720.0,9911.0,26664.0,4488.0,2843.0
2022-06-13,0.0,3749.0,7258.0,8963.0,24399.0,4560.0,2925.0
2022-06-14,0.0,3539.0,6618.0,9984.0,22251.0,4388.0,2783.0
2022-06-15,0.0,53954.0,7344.0,20156.0,22062.0,4452.0,2697.0
2022-06-16,0.0,72017.0,7271.0,31870.0,20188.0,4440.0,2560.0
2022-06-17,0.0,29006.0,6267.0,16999.0,19294.0,4091.0,2434.0
2022-06-18,0.0,20081.0,7064.0,15181.0,21480.0,4479.0,2483.0
2022-06-19,0.0,15194.0,7528.0,13127.0,22440.0,4534.0,2701.0
2022-06-20,0.0,11215.0,7148.0,11591.0,20123.0,4394.0,2781.0
2022-06-21,0.0,9223.0,7398.0,9594.0,18893.0,4626.0,2769.0
2022-06-22,0.0,11851.0,6956.0,12264.0,18200.0,4520.0,2789.0
2022-06-23,0.0,21216.0,6178.0,17909.0,17080.0,4038.0,2826.0
2022-06-24,0.0,16489.0,6162.0,15181.0,16354.0,3981.0,2373.0
2022-06-25,0.0,12400.0,6278.0,13353.0,17320.0,4192.0,2252.0
2022-06-26,0.0,12176.0,7249.0,14373.0,19017.0,5342.0,2675.0
2022-06-27,0.0,10292.0,7556.0,11863.0,17331.0,5196.0,2617.0
2022-06-28,0.0,44670.0,8402.0,26354.0,15661.0,4959.0,2493.0
2022-06-29,0.0,37758.0,7518.0,25991.0,15694.0,4889.0,3080.0
2022-06-30,0.0,29327.0,6576.0,20151.0,14227.0,4059.0,2376.0
2022-07-01,0.0,20046.0,6195.0,16644.0,13596.0,3728.0,2346.0
2022-07-02,0.0,16262.0,6873.0,21723.0,14248.0,4011.0,2564.0
2022-07-03,0.0,13851.0,7362.0,19777.0,14315.0,4031.0,2456.0
2022-07-04,0.0,13099.0,7259.0,16586.0,14200.0,4557.0,2931.0
2022-07-05,0.0,11423.0,6931.0,13421.0,12874.0,4285.0,2749.0
2022-07-06,0.0,10100.0,7289.0,14862.0,12050.0,4061.0,2707.0
2022-07-07,0.0,8978.0,7272.0,15203.0,12075.0,3779.0,2445.0
2022-07-08,0.0,7861.0,6710.0,13931.0,12066.0,3992.0,2433.0
2022-07-09,0.0,7213.0,7401.0,13430.0,12998.0,3804.0,2476.0
2022-07-10,0.0,7268.0,7939.0,13903.0,13714.0,4091.0,2567.0
2022-07-11,0.0,6735.0,8709.0,13528.0,12629.0,4109.0,2662.0
2022-07-12,0.0,5850.0,12499.0,11304.0,11798.0,5834.0,2989.0
2022-07-13,0.0,6399.0,8787.0,12447.0,11075.0,4484.0,2827.0
2022-07-14,0.0,9183.0,6962.0,13358.0,10649.0,3967.0,2630.0
2022-07-15,0.0,7709.0,6960.0,12475.0,10579.0,3888.0,2862.0
2022-07-16,0.0,8538.0,7288.0,13023.0,11486.0,4368.0,3378.0
2022-07-17,0.0,9451.0,8600.0,13239.0,12778.0,4722.0,3706.0
2022-07-18,0.0,7815.0,8480.0,11494.0,11285.0,4579.0,2967.0
2022-07-19,0.0,7679.0,7736.0,10964.0,10466.0,4744.0,2807.0
2022-07-20,0.0,6852.0,8497.0,10588.0,10611.0,4651.0,2767.0
2022-07-21,0.0,9609.0,72385.0,13151.0,18579.0,49783.0,8630.0
2022-07-22,0.0,16542.0,60877.0,15110.0,17238.0,38800.0,7032.0
2022-07-23,0.0,17670.0,27345.0,17683.0,13137.0,17172.0,4244.0
2022-07-24,0.0,15538.0,21433.0,28273.0,13328.0,12658.0,3893.0
2022-07-25,0.0,12629.0,18903.0,19027.0,12192.0,11216.0,3807.0
2022-07-26,0.0,10301.0,16050.0,14015.0,11963.0,9394.0,3329.0
2022-07-27,0.0,8876.0,14141.0,13621.0,11050.0,8665.0,3521.0
2022-07-28,0.0,8871.0,79664.0,20140.0,21256.0,114247.0,14351.0
2022-07-29,0.0,8480.0,49282.0,32213.0,17267.0,65941.0,9095.0
2022-07-30,0.0,8311.0,30096.0,24435.0,15928.0,31131.0,5523.0
2022-07-31,0.0,7808.0,51698.0,16285.0,18688.0,85601.0,9595.0
2022-08-01,0.0,7337.0,30189.0,13193.0,14730.0,47185.0,6753.0
2022-08-02,0.0,6752.0,19058.0,12295.0,12256.0,23883.0,9054.0
2022-08-03,0.0,6292.0,17447.0,12639.0,11703.0,20800.0,4610.0
2022-08-04,0.0,6457.0,14200.0,11962.0,11634.0,15800.0,3964.0
2022-08-05,0.0,5841.0,12683.0,13059.0,12226.0,12402.0,4601.0
2022-08-06,0.0,5302.0,11937.0,11458.0,12115.0,13126.0,5773.0
2022-08-07,0.0,5077.0,12094.0,12141.0,12684.0,12344.0,4274.0
2022-08-08,0.0,4756.0,11426.0,12797.0,11714.0,11250.0,3986.0
2022-08-09,0.0,5107.0,10555.0,13859.0,10611.0,11216.0,4058.0
2022-08-10,0.0,4671.0,9406.0,14291.0,9920.0,10204.0,3436.0
2022-08-11,0.0,4904.0,9292.0,13573.0,9753.0,8862.0,3197.0
2022-08-12,0.0,4811.0,8777.0,13542.0,9594.0,8427.0,5691.0
2022-08-13,0.0,4587.0,8571.0,14199.0,10235.0,7588.0,3802.0
2022-08-14,0.0,4946.0,9615.0,14357.0,10546.0,8489.0,4182.0
2022-08-15,0.0,4651.0,9185.0,12078.0,11794.0,7859.0,3658.0
2022-08-16,0.0,4422.0,9780.0,11032.0,12300.0,8239.0,3535.0
2022-08-17,0.0,4512.0,8399.0,11059.0,11305.0,7329.0,3414.0
2022-08-18,0.0,4323.0,7667.0,14412.0,10444.0,6612.0,3310.0
2022-08-19,0.0,4452.0,7634.0,12662.0,9422.0,6585.0,3111.0
2022-08-20,0.0,4643.0,8452.0,12655.0,12251.0,7151.0,2955.0
2022-08-21,0.0,4823.0,9182.0,11881.0,11940.0,7582.0,3135.0
2022-08-22,0.0,4272.0,8262.0,9831.0,10815.0,6550.0,3354.0
2022-08-23,0.0,3882.0,7799.0,9317.0,10691.0,6230.0,3311.0
2022-08-24,0.0,4200.0,7446.0,10058.0,10185.0,5928.0,3070.0
2022-08-25,0.0,5096.0,7440.0,9767.0,9573.0,5837.0,2979.0
2022-08-26,0.0,4627.0,8343.0,11519.0,9781.0,5865.0,2724.0
2022-08-27,0.0,4335.0,10902.0,12332.0,10367.0,5531.0,2586.0
2022-08-28,0.0,4480.0,11043.0,14217.0,11103.0,6386.0,2863.0
2022-08-29,0.0,4225.0,9491.0,12755.0,9993.0,6033.0,3123.0
2022-08-30,0.0,4028.0,8112.0,10521.0,11370.0,5477.0,3015.0
2022-08-31,0.0,4047.0,7643.0,10113.0,10828.0,5179.0,2965.0
2022-09-01,0.0,3897.0,7552.0,9309.0,10785.0,5009.0,2878.0
2022-09-02,0.0,3737.0,7753.0,9462.0,9822.0,5157.0,3087.0
2022-09-03,0.0,4004.0,8942.0,10520.0,10232.0,5385.0,2760.0
2022-09-04,0.0,4276.0,10688.0,10670.0,10494.0,5978.0,3199.0
2022-09-05,0.0,4232.0,10897.0,10942.0,10734.0,5836.0,3223.0
2022-09-06,0.0,4195.0,12662.0,10038.0,11458.0,5982.0,3515.0
2022-09-07,0.0,3798.0,10429.0,10553.0,11435.0,5523.0,3166.0
2022-09-08,0.0,3399.0,8459.0,9798.0,9302.0,5112.0,3037.0
2022-09-09,0.0,3137.0,8380.0,10368.0,15619.0,5431.0,2905.0
2022-09-10,0.0,3747.0,9286.0,12046.0,17625.0,5602.0,2486.0
2022-09-11,0.0,3965.0,9327.0,13817.0,11813.0,5741.0,2742.0
2022-09-12,0.0,3544.0,8262.0,10809.0,9585.0,5349.0,2924.0
2022-09-13,0.0,4161.0,7858.0,17665.0,8532.0,5303.0,2879.0
2022-09-14,0.0,4246.0,7898.0,18944.0,8335.0,5766.0,3017.0
2022-09-15,0.0,4160.0,7619.0,21125.0,8177.0,4894.0,3032.0
2022-09-16,0.0,3781.0,7530.0,18064.0,8378.0,4717.0,2772.0
2022-09-17,0.0,3960.0,8096.0,15267.0,10104.0,4869.0,2597.0
2022-09-18,0.0,4221.0,8844.0,17092.0,10558.0,5182.0,2916.0
2022-09-19,0.0,3696.0,7946.0,14426.0,8446.0,5108.0,3088.0
2022-09-20,0.0,4909.0,7146.0,23117.0,7752.0,4675.0,2934.0
2022-09-21,0.0,7042.0,7142.0,21390.0,8846.0,4824.0,3183.0
2022-09-22,0.0,5717.0,7386.0,18404.0,8665.0,5042.0,3248.0
2022-09-23,0.0,3697.0,6858.0,13583.0,8659.0,4854.0,2930.0
2022-09-24,0.0,3638.0,7742.0,14778.0,9701.0,5126.0,2593.0
2022-09-25,0.0,3747.0,8138.0,14180.0,9746.0,5200.0,2751.0
2022-09-26,0.0,3531.0,7157.0,12506.0,8417.0,5108.0,3182.0
2022-09-27,0.0,3353.0,8358.0,11981.0,8287.0,5277.0,3113.0
2022-09-28,0.0,3017.0,6715.0,11462.0,7592.0,4760.0,2968.0
2022-09-29,0.0,2816.0,6113.0,10970.0,7740.0,4430.0,2971.0
2022-09-30,0.0,3067.0,5784.0,11873.0,7579.0,4654.0,2908.0
2022-10-01,0.0,3048.0,6304.0,11858.0,8774.0,4501.0,2796.0
2022-10-02,0.0,3194.0,6966.0,13127.0,9268.0,4562.0,2917.0
2022-10-03,0.0,3084.0,6368.0,14765.0,9452.0,4729.0,7143.0
2022-10-04,0.0,2954.0,6605.0,12745.0,8875.0,4998.0,3540.0
2022-10-05,0.0,2860.0,7748.0,13136.0,8916.0,5457.0,3542.0
2022-10-06,0.0,2972.0,7050.0,12473.0,9989.0,5327.0,3380.0
2022-10-07,0.0,3037.0,6685.0,14184.0,9915.0,5365.0,3382.0
2022-10-08,0.0,3232.0,7467.0,16475.0,11687.0,5558.0,3141.0
2022-10-09,0.0,3459.0,7721.0,15906.0,13076.0,5416.0,3327.0
2022-10-10,0.0,3187.0,7235.0,14444.0,10908.0,5657.0,3315.0
2022-10-11,0.0,2994.0,6461.0,14357.0,10425.0,5490.0,3663.0
2022-10-12,0.0,3006.0,6692.0,14908.0,10006.0,5729.0,3641.0
2022-10-13,0.0,3212.0,6863.0,13155.0,13106.0,5462.0,3579.0
2022-10-14,0.0,3351.0,6695.0,11692.0,10828.0,5346.0,3227.0
2022-10-15,0.0,3677.0,7112.0,13378.0,10862.0,5508.0,2980.0
2022-10-16,0.0,4190.0,7611.0,13653.0,10844.0,5835.0,3303.0
2022-10-17,0.0,3805.0,6816.0,11661.0,9346.0,5793.0,4069.0
2022-10-18,0.0,3300.0,6783.0,9626.0,8478.0,6259.0,4789.0
2022-10-19,0.0,3010.0,6478.0,9267.0,8230.0,7203.0,4269.0
2022-10-20,0.0,2898.0,6541.0,13008.0,8652.0,6377.0,3836.0
2022-10-21,0.0,2887.0,6822.0,11698.0,8897.0,5945.0,3556.0
2022-10-22,0.0,3157.0,7239.0,12259.0,9944.0,6228.0,3159.0
2022-10-23,0.0,4665.0,7530.0,13296.0,10589.0,6415.0,3370.0
2022-10-24,0.0,5255.0,7432.0,11134.0,12056.0,7932.0,3945.0
2022-10-25,0.0,4078.0,7328.0,10145.0,10716.0,8008.0,3800.0
2022-10-26,0.0,3683.0,6782.0,10634.0,9971.0,7763.0,3906.0
2022-10-27,0.0,3122.0,6484.0,10059.0,9910.0,7732.0,3857.0
2022-10-28,0.0,3057.0,6849.0,10406.0,9957.0,7477.0,3477.0
2022-10-29,0.0,3156.0,7548.0,10740.0,10730.0,6634.0,3185.0
2022-10-30,0.0,3779.0,7944.0,11096.0,10800.0,7297.0,3289.0
2022-10-31,0.0,3927.0,7026.0,9934.0,9572.0,6790.0,3542.0
2022-11-01,0.0,3670.0,6400.0,10467.0,9312.0,5924.0,3380.0
2022-11-02,0.0,3605.0,6416.0,9180.0,9521.0,5789.0,3518.0
2022-11-03,0.0,3526.0,7017.0,10297.0,9756.0,5932.0,3806.0
2022-11-04,0.0,3536.0,6961.0,13088.0,9215.0,6044.0,3664.0
2022-11-05,0.0,3712.0,7483.0,11726.0,10399.0,5555.0,2924.0
2022-11-06,0.0,3952.0,8267.0,11061.0,12414.0,5854.0,3321.0
2022-11-07,0.0,3566.0,7733.0,9907.0,10234.0,5790.0,3454.0
2022-11-08,0.0,3618.0,7578.0,9900.0,10079.0,5441.0,3433.0
2022-11-09,0.0,3131.0,6359.0,9811.0,9208.0,5010.0,3261.0
2022-11-10,0.0,3164.0,6724.0,10063.0,8927.0,5402.0,3362.0
2022-11-11,0.0,3153.0,7966.0,10552.0,9826.0,6141.0,3448.0
2022-11-12,0.0,3601.0,8575.0,15074.0,10643.0,7289.0,3541.0
2022-11-13,0.0,4041.0,8552.0,14660.0,10042.0,6445.0,3333.0
2022-11-14,0.0,4454.0,8142.0,17409.0,8273.0,6357.0,4009.0
2022-11-15,0.0,4245.0,7545.0,21170.0,8115.0,6112.0,3772.0
2022-11-16,0.0,3804.0,7389.0,16719.0,8468.0,6009.0,3757.0
2022-11-17,0.0,3386.0,7455.0,14437.0,8255.0,5704.0,3311.0
2022-11-18,0.0,3945.0,6778.0,12085.0,8272.0,5494.0,3212.0
2022-11-19,0.0,4355.0,7778.0,13507.0,9745.0,5633.0,2767.0
2022-11-20,0.0,4457.0,8882.0,15463.0,9983.0,5994.0,3378.0
2022-11-21,0.0,3889.0,7983.0,12232.0,8051.0,5547.0,3366.0
2022-11-22,0.0,4103.0,7546.0,11647.0,7207.0,5357.0,3150.0
2022-11-23,0.0,4562.0,7477.0,12515.0,7866.0,5051.0,3056.0
2022-11-24,0.0,3651.0,7063.0,15562.0,7851.0,4724.0,2882.0
2022-11-25,0.0,3635.0,6810.0,19290.0,7905.0,4745.0,2768.0
2022-11-26,0.0,4713.0,8308.0,16184.0,8571.0,5691.0,2778.0
2022-11-27,0.0,4976.0,15414.0,15281.0,9480.0,9951.0,3548.0
2022-11-28,0.0,4061.0,23825.0,13472.0,8832.0,13096.0,4300.0
2022-11-29,0.0,4187.0,15848.0,14729.0,7879.0,9579.0,3923.0
2022-11-30,0.0,3451.0,9453.0,12017.0,7485.0,6487.0,3281.0
2022-12-01,0.0,3168.0,8056.0,11020.0,7291.0,5816.0,3325.0
2022-12-02,0.0,3974.0,8039.0,9723.0,6583.0,6281.0,7014.0
2022-12-03,0.0,3762.0,11357.0,13343.0,7677.0,7796.0,3332.0
2022-12-04,0.0,4344.0,11887.0,15367.0,8316.0,8281.0,3471.0
2022-12-05,0.0,3851.0,9939.0,11252.0,7107.0,7757.0,3839.0
2022-12-06,0.0,3571.0,9106.0,17660.0,7175.0,6889.0,3722.0
2022-12-07,0.0,3624.0,8999.0,18641.0,8015.0,6564.0,4471.0
2022-12-08,0.0,3436.0,10871.0,17289.0,7766.0,7153.0,4460.0
2022-12-09,0.0,3192.0,10542.0,17695.0,7474.0,6714.0,5519.0
2022-12-10,0.0,3325.0,9460.0,16954.0,8778.0,5989.0,3162.0
2022-12-11,0.0,3920.0,10230.0,21122.0,9316.0,6401.0,3377.0
2022-12-12,0.0,3698.0,34602.0,17242.0,11586.0,34144.0,6801.0
2022-12-13,0.0,3402.0,45044.0,13712.0,12464.0,37492.0,7720.0
2022-12-14,0.0,3480.0,37801.0,13564.0,12450.0,34382.0,6923.0
2022-12-15,0.0,5157.0,29365.0,24011.0,10548.0,24641.0,5968.0
2022-12-16,0.0,51083.0,36306.0,35843.0,10904.0,35587.0,6759.0
2022-12-17,0.0,46961.0,30007.0,43515.0,12388.0,34215.0,5113.0
2022-12-18,0.0,25515.0,23348.0,50677.0,10776.0,27589.0,4547.0
2022-12-19,0.0,20755.0,177862.0,33164.0,33278.0,306752.0,34050.0
2022-12-20,0.0,14671.0,93078.0,26845.0,23818.0,169983.0,19712.0
2022-12-21,0.0,10147.0,49160.0,22040.0,15852.0,87383.0,11051.0
2022-12-22,0.0,8692.0,30679.0,25566.0,13473.0,55895.0,7640.0
2022-12-23,0.0,8092.0,22682.0,24419.0,12130.0,39857.0,6211.0
2022-12-24,0.0,7173.0,22793.0,23952.0,11456.0,31665.0,5488.0
2022-12-25,0.0,7843.0,21307.0,30258.0,11894.0,29735.0,5624.0
2022-12-26,0.0,8293.0,20580.0,29584.0,13155.0,32140.0,5874.0
2022-12-27,0.0,7951.0,18271.0,31914.0,12801.0,29356.0,5449.0
2022-12-28,0.0,8336.0,17060.0,28817.0,12557.0,23081.0,4949.0
2022-12-29,0.0,7334.0,17207.0,22891.0,13249.0,21925.0,5071.0
2022-12-30,0.0,7874.0,15710.0,20490.0,13000.0,18592.0,4457.0
2022-12-31,0.0,8610.0,15103.0,20148.0,11416.0,18602.0,4132.0
2023-01-01,0.0,9984.0,18033.0,21845.0,12827.0,20736.0,4467.0
2023-01-02,0.0,10695.0,19326.0,28739.0,14075.0,22778.0,5256.0
2023-01-03,0.0,9135.0,17343.0,24673.0,12065.0,19111.0,4923.0
2023-01-04,0.0,7963.0,15357.0,17605.0,11436.0,16209.0,4475.0
2023-01-05,0.0,7426.0,16260.0,15741.0,11471.0,19011.0,4596.0
2023-01-06,0.0,7386.0,14452.0,19653.0,12020.0,16414.0,4455.0
2023-01-07,0.0,7385.0,13586.0,18543.0,12602.0,13680.0,4431.0
2023-01-08,0.0,7636.0,13460.0,21529.0,12419.0,13041.0,4017.0
2023-01-09,0.0,6548.0,12366.0,16590.0,9914.0,12389.0,4085.0
2023-01-10,0.0,6009.0,11542.0,16006.0,10236.0,11878.0,3916.0
2023-01-11,0.0,6106.0,11699.0,32192.0,10555.0,11479.0,3979.0
2023-01-12,0.0,5495.0,13281.0,25883.0,10907.0,12075.0,4185.0
2023-01-13,0.0,6200.0,13657.0,50501.0,11956.0,12048.0,4162.0
2023-01-14,0.0,6255.0,15060.0,42832.0,12567.0,12425.0,3704.0
2023-01-15,0.0,6139.0,14451.0,31530.0,12689.0,12212.0,3822.0
2023-01-16,0.0,5972.0,13169.0,29560.0,11601.0,11422.0,3805.0
2023-01-17,0.0,5820.0,11560.0,33495.0,10861.0,10738.0,3937.0
2023-01-18,0.0,4940.0,9903.0,26396.0,11822.0,9810.0,3956.0
2023-01-19,0.0,4935.0,10332.0,24705.0,11263.0,9854.0,3900.0
2023-01-20,0.0,4739.0,10401.0,27738.0,11989.0,10178.0,3721.0
2023-01-21,0.0,4990.0,12041.0,27142.0,13536.0,11004.0,3395.0
2023-01-22,0.0,5697.0,11611.0,26614.0,16442.0,9890.0,3627.0
2023-01-23,0.0,4903.0,9996.0,20737.0,11823.0,8821.0,3970.0
2023-01-24,0.0,5153.0,9820.0,60539.0,10684.0,8808.0,4678.0
2023-01-25,0.0,4657.0,9373.0,53699.0,9985.0,8437.0,4590.0
2023-01-26,0.0,4462.0,9689.0,28602.0,10225.0,8761.0,4138.0
2023-01-27,0.0,4635.0,9533.0,27188.0,10188.0,8588.0,4072.0
2023-01-28,0.0,4707.0,10149.0,30304.0,11894.0,8609.0,3496.0
2023-01-29,0.0,5456.0,20754.0,42292.0,15028.0,28791.0,5808.0
2023-01-30,0.0,4625.0,31987.0,31276.0,14548.0,53196.0,8919.0
2023-01-31,0.0,4346.0,10131.0,26213.0,10001.0,10518.0,4845.0
2023-02-01,0.0,4342.0,8661.0,28259.0,9511.0,8713.0,4241.0
2023-02-02,0.0,4160.0,9031.0,27704.0,10713.0,8833.0,4359.0
2023-02-03,0.0,4180.0,9092.0,26847.0,10366.0,8625.0,4083.0
2023-02-04,0.0,4541.0,9637.0,26971.0,11701.0,8880.0,3565.0
2023-02-05,0.0,4888.0,10819.0,25902.0,13276.0,9225.0,3833.0
2023-02-06,0.0,4388.0,9164.0,18098.0,9667.0,8478.0,4023.0
2023-02-07,0.0,3845.0,8660.0,15372.0,9051.0,8274.0,4000.0
2023-02-08,0.0,3638.0,7780.0,15318.0,9099.0,7917.0,3877.0
2023-02-09,0.0,4096.0,8246.0,14505.0,9343.0,7754.0,4135.0
2023-02-10,0.0,4452.0,9542.0,14354.0,9329.0,7742.0,3840.0
2023-02-11,0.0,5732.0,9785.0,18897.0,10142.0,7938.0,3318.0
2023-02-12,0.0,5369.0,9996.0,17764.0,11320.0,8437.0,3819.0
2023-02-13,0.0,4618.0,9940.0,13260.0,8772.0,8071.0,3639.0
2023-02-14,0.0,4120.0,8970.0,12193.0,8339.0,7476.0,3513.0
2023-02-15,0.0,4625.0,8285.0,12650.0,8802.0,7079.0,3844.0
2023-02-16,0.0,4599.0,8560.0,12040.0,9481.0,7178.0,3680.0
2023-02-17,0.0,4716.0,9369.0,12474.0,9727.0,7853.0,3591.0
2023-02-18,0.0,5330.0,10492.0,14590.0,10266.0,8588.0,3239.0
2023-02-19,0.0,6713.0,10572.0,15710.0,10533.0,8536.0,3685.0
2023-02-20,0.0,7333.0,9469.0,14635.0,9924.0,7718.0,3660.0
2023-02-21,0.0,5138.0,9118.0,12550.0,8806.0,7509.0,4006.0
2023-02-22,0.0,4572.0,8801.0,13598.0,8734.0,7606.0,4114.0
2023-02-23,0.0,4558.0,8630.0,15002.0,9010.0,7453.0,4552.0
2023-02-24,0.0,4600.0,8642.0,14340.0,9467.0,7050.0,3777.0
2023-02-25,0.0,4789.0,9190.0,18225.0,10331.0,6911.0,3207.0
2023-02-26,0.0,5594.0,10232.0,20863.0,11299.0,7306.0,3650.0
2023-02-27,0.0,4721.0,9209.0,16335.0,9539.0,7216.0,4101.0
2023-02-28,0.0,3998.0,8308.0,14310.0,9741.0,7073.0,4173.0
2023-03-01,0.0,3920.0,7974.0,14126.0,9704.0,6680.0,3717.0
2023-03-02,0.0,4067.0,7873.0,14497.0,8933.0,6712.0,3863.0
2023-03-03,0.0,3903.0,8577.0,13804.0,9140.0,6899.0,3700.0
2023-03-04,0.0,3999.0,9518.0,17445.0,9666.0,7004.0,3195.0
2023-03-05,0.0,4517.0,10302.0,18236.0,10267.0,8052.0,3482.0
2023-03-06,0.0,4016.0,9550.0,12633.0,8828.0,9612.0,4049.0
2023-03-07,0.0,3828.0,8976.0,11677.0,8491.0,8372.0,3898.0
2023-03-08,0.0,3860.0,8957.0,12440.0,8630.0,8090.0,3839.0
2023-03-09,0.0,4329.0,8977.0,20777.0,8567.0,7864.0,3944.0
2023-03-10,0.0,4464.0,9169.0,26161.0,9551.0,7729.0,3663.0
2023-03-11,0.0,4429.0,9339.0,20075.0,14153.0,7358.0,3307.0
2023-03-12,0.0,4792.0,10351.0,19941.0,11982.0,7890.0,3726.0
2023-03-13,0.0,6179.0,15401.0,46611.0,10931.0,12508.0,4466.0
2023-03-14,0.0,4787.0,10187.0,18369.0,9038.0,8062.0,4077.0
2023-03-15,0.0,4300.0,9421.0,14881.0,9327.0,7569.0,3859.0
2023-03-16,0.0,4203.0,10208.0,13830.0,9598.0,9850.0,3743.0
2023-03-17,0.0,4388.0,11765.0,13431.0,11822.0,12601.0,4081.0
2023-03-18,0.0,4417.0,12883.0,15184.0,12847.0,14285.0,4464.0
2023-03-19,0.0,4770.0,12262.0,14655.0,11422.0,11434.0,4312.0
2023-03-20,0.0,4319.0,10150.0,11975.0,10056.0,7990.0,4099.0
2023-03-21,0.0,4259.0,10213.0,11729.0,10214.0,8219.0,4222.0
2023-03-22,0.0,4172.0,10220.0,13668.0,10374.0,7768.0,4232.0
2023-03-23,0.0,3911.0,10085.0,11400.0,9980.0,8325.0,4139.0
2023-03-24,0.0,3998.0,11524.0,11094.0,9414.0,8563.0,3725.0
2023-03-25,0.0,4606.0,14368.0,14125.0,12090.0,10048.0,3697.0
2023-03-26,0.0,4972.0,14960.0,16692.0,12126.0,10432.0,4652.0
2023-03-27,0.0,4159.0,12881.0,12891.0,10019.0,10387.0,4415.0
2023-03-28,0.0,4114.0,14420.0,11817.0,9588.0,9803.0,4209.0
2023-03-29,0.0,4295.0,12660.0,12917.0,9399.0,8824.0,4093.0
2023-03-30,0.0,4314.0,11730.0,12889.0,10035.0,8850.0,4462.0
2023-03-31,0.0,4213.0,10570.0,12283.0,9641.0,8079.0,3773.0
2023-04-01,0.0,4238.0,10369.0,14542.0,10542.0,8050.0,3200.0
2023-04-02,0.0,4981.0,11284.0,12961.0,10942.0,8534.0,3418.0
2023-04-03,0.0,5111.0,11514.0,12081.0,9510.0,8666.0,3826.0
2023-04-04,0.0,98873.0,15124.0,21927.0,8712.0,10594.0,4447.0
2023-04-05,0.0,140205.0,17461.0,42923.0,8184.0,10894.0,4027.0
2023-04-06,0.0,89348.0,16033.0,37714.0,8295.0,11678.0,4075.0
2023-04-07,0.0,63092.0,15663.0,32642.0,9009.0,12992.0,3860.0
2023-04-08,0.0,45718.0,13757.0,32033.0,9688.0,10501.0,3620.0
2023-04-09,0.0,38014.0,14607.0,34606.0,9762.0,10825.0,3788.0
2023-04-10,0.0,31863.0,13758.0,24940.0,8811.0,10526.0,4078.0
2023-04-11,0.0,23338.0,11996.0,18742.0,7668.0,9607.0,4103.0
2023-04-12,0.0,19827.0,11432.0,16695.0,7352.0,9405.0,3842.0
2023-04-13,0.0,15840.0,12777.0,14453.0,7315.0,13383.0,4160.0
2023-04-14,0.0,16053.0,19595.0,16692.0,8395.0,15765.0,4136.0
2023-04-15,0.0,15749.0,19075.0,17346.0,9059.0,12932.0,3669.0
2023-04-16,0.0,16190.0,18930.0,20710.0,9336.0,12917.0,3966.0
2023-04-17,0.0,13910.0,16041.0,14820.0,7960.0,12646.0,4531.0
2023-04-18,0.0,12767.0,14217.0,12021.0,8025.0,12596.0,4993.0
2023-04-19,0.0,12016.0,14497.0,11519.0,8470.0,14482.0,5591.0
2023-04-20,0.0,11726.0,14339.0,12513.0,8987.0,13345.0,4129.0
2023-04-21,0.0,11019.0,14056.0,12780.0,10120.0,11991.0,3852.0
2023-04-22,0.0,10321.0,14177.0,15035.0,9857.0,13558.0,3296.0
2023-04-23,0.0,10722.0,15533.0,15825.0,11166.0,14248.0,4109.0
2023-04-24,0.0,9839.0,15153.0,12419.0,10895.0,15905.0,4659.0
2023-04-25,0.0,10688.0,13231.0,12360.0,9785.0,13195.0,4104.0
2023-04-26,0.0,14691.0,13443.0,17193.0,9392.0,12503.0,4186.0
2023-04-27,0.0,10918.0,18834.0,14351.0,9668.0,30030.0,5443.0
2023-04-28,0.0,9518.0,16177.0,12683.0,9353.0,20881.0,4259.0
2023-04-29,0.0,9445.0,13903.0,14664.0,9736.0,12627.0,3400.0
2023-04-30,0.0,9719.0,14621.0,14226.0,11735.0,12501.0,3712.0
2023-05-01,0.0,9562.0,13988.0,15285.0,10298.0,14687.0,4638.0
2023-05-02,0.0,9262.0,13778.0,21716.0,8519.0,15364.0,4623.0
2023-05-03,0.0,8156.0,13158.0,16428.0,8319.0,12626.0,4645.0
2023-05-04,0.0,8392.0,16443.0,13913.0,9594.0,14783.0,4712.0
2023-05-05,0.0,8782.0,23224.0,13263.0,11236.0,21734.0,5650.0
2023-05-06,0.0,8510.0,28792.0,13376.0,11966.0,25772.0,5001.0
2023-05-07,0.0,9107.0,22503.0,14063.0,10630.0,18776.0,4827.0
2023-05-08,0.0,9894.0,140966.0,13477.0,25289.0,185686.0,35411.0
2023-05-09,0.0,8535.0,106560.0,11875.0,21604.0,145044.0,26249.0
2023-05-10,0.0,8127.0,51366.0,13575.0,16742.0,65564.0,13805.0
2023-05-11,0.0,7690.0,39798.0,12968.0,21250.0,53069.0,10997.0
2023-05-12,0.0,7702.0,33545.0,11159.0,15516.0,43259.0,9877.0
2023-05-13,0.0,7977.0,29384.0,12591.0,15255.0,36395.0,7777.0
2023-05-14,0.0,8351.0,29363.0,14153.0,17623.0,34881.0,7825.0
2023-05-15,0.0,7556.0,23733.0,12696.0,15720.0,27510.0,7303.0
2023-05-16,0.0,7713.0,20683.0,10771.0,13697.0,23204.0,6681.0
2023-05-17,0.0,7886.0,20875.0,9702.0,12078.0,22643.0,6630.0
2023-05-18,0.0,8652.0,23858.0,10432.0,11557.0,26749.0,7007.0
2023-05-19,0.0,7743.0,23482.0,10225.0,10764.0,25160.0,6689.0
2023-05-20,0.0,8317.0,25304.0,10820.0,12177.0,26219.0,6417.0
2023-05-21,0.0,9388.0,32490.0,12397.0,15418.0,36321.0,8035.0
2023-05-22,0.0,9410.0,26998.0,11171.0,12009.0,32781.0,7550.0
2023-05-23,0.0,10454.0,28333.0,10823.0,11664.0,37873.0,7709.0
2023-05-24,0.0,13168.0,24855.0,16039.0,12712.0,31159.0,7264.0
2023-05-25,0.0,42656.0,22353.0,22879.0,16223.0,22432.0,6219.0
2023-05-26,0.0,71383.0,22166.0,31562.0,13479.0,20063.0,5477.0
2023-05-27,0.0,41646.0,20976.0,23782.0,12797.0,19395.0,4995.0
2023-05-28,0.0,33980.0,20233.0,24366.0,12406.0,19927.0,5086.0
2023-05-29,0.0,29721.0,18930.0,23322.0,11003.0,18006.0,5324.0
2023-05-30,0.0,28533.0,20158.0,22994.0,10380.0,22528.0,6093.0
2023-05-31,0.0,24537.0,17428.0,19816.0,9419.0,17225.0,5499.0
2023-06-01,0.0,23930.0,29371.0,19872.0,10552.0,48250.0,6572.0
2023-06-02,0.0,24430.0,49740.0,18080.0,14857.0,63934.0,8963.0
2023-06-03,0.0,23924.0,38596.0,19785.0,13086.0,35790.0,7276.0
2023-06-04,0.0,21788.0,38522.0,17933.0,13814.0,35139.0,7442.0
2023-06-05,0.0,22179.0,34652.0,17027.0,12490.0,35452.0,7282.0
2023-06-06,0.0,17877.0,27409.0,14617.0,10516.0,23568.0,5957.0
2023-06-07,0.0,15699.0,32499.0,14146.0,11895.0,26678.0,6407.0
2023-06-08,0.0,14814.0,34074.0,15590.0,12234.0,30631.0,6483.0
2023-06-09,0.0,15776.0,26689.0,14171.0,10732.0,22529.0,5521.0
2023-06-10,0.0,16226.0,30841.0,15316.0,16418.0,30750.0,6339.0
2023-06-11,0.0,15970.0,29202.0,15987.0,13543.0,24754.0,5744.0
2023-06-12,0.0,16078.0,30222.0,16053.0,13076.0,24862.0,6440.0
2023-06-13,0.0,16131.0,31464.0,14490.0,12362.0,28432.0,6375.0
2023-06-14,0.0,15384.0,25603.0,13854.0,10765.0,21649.0,5677.0
2023-06-15,0.0,15140.0,23647.0,14468.0,10210.0,19347.0,5141.0
2023-06-16,0.0,17611.0,25691.0,14893.0,10915.0,19893.0,4984.0
2023-06-17,0.0,22499.0,26684.0,19228.0,11762.0,21439.0,5071.0
2023-06-18,0.0,20250.0,28320.0,17781.0,13989.0,22786.0,5407.0
2023-06-19,0.0,18969.0,29850.0,16721.0,12259.0,27005.0,6192.0
2023-06-20,0.0,18191.0,34602.0,15281.0,12700.0,32153.0,6654.0
2023-06-21,0.0,20996.0,50269.0,16386.0,16600.0,52423.0,8584.0
2023-06-22,0.0,21007.0,54125.0,15513.0,15050.0,56670.0,8239.0
2023-06-23,0.0,22809.0,46279.0,16967.0,14308.0,45654.0,7319.0
2023-06-24,0.0,21149.0,40887.0,18400.0,14108.0,40548.0,6661.0
2023-06-25,0.0,22648.0,41653.0,23295.0,16044.0,41201.0,7408.0
2023-06-26,0.0,25670.0,50301.0,22094.0,15993.0,50141.0,8672.0
2023-06-27,0.0,32343.0,58748.0,23745.0,16948.0,58022.0,9863.0
2023-06-28,0.0,31235.0,54534.0,33538.0,18336.0,55803.0,9334.0
2023-06-29,0.0,33169.0,53526.0,34857.0,18645.0,51134.0,8853.0
2023-06-30,0.0,35554.0,58054.0,33886.0,19575.0,50934.0,8790.0
2023-07-01,9.0,34031.0,59528.0,35960.0,19435.0,54375.0,8795.0
2023-07-02,427.0,37052.0,61928.0,49846.0,19537.0,60485.0,9325.0
2023-07-03,2103.0,49419.0,63409.0,47995.0,18786.0,59646.0,9612.0
2023-07-04,3313.0,56549.0,69829.0,45692.0,20816.0,65591.0,9740.0
2023-07-05,6116.0,53795.0,69988.0,39487.0,19896.0,61579.0,10257.0
2023-07-06,6748.0,47765.0,69907.0,38721.0,23005.0,63007.0,9924.0
2023-07-07,7350.0,53771.0,89501.0,40965.0,29718.0,84767.0,11643.0
2023-07-08,8183.0,54523.0,137089.0,41478.0,49506.0,140281.0,16966.0
2023-07-09,9906.0,55068.0,153327.0,42537.0,62973.0,156936.0,18001.0
2023-07-10,33227.0,114703.0,173651.0,66992.0,60091.0,190612.0,21408.0
2023-07-11,25898.0,104739.0,179445.0,66090.0,60389.0,183242.0,22106.0
2023-07-12,29579.0,100007.0,253479.0,69781.0,75773.0,221617.0,29714.0
2023-07-13,29169.0,119424.0,268296.0,114463.0,80068.0,238004.0,35059.0
2023-07-14,32980.0,112098.0,325817.0,92464.0,104145.0,293083.0,39110.0
2023-07-15,25858.0,128094.0,275379.0,83377.0,89541.0,267712.0,34785.0
2023-07-16,24084.0,138158.0,276022.0,81600.0,93784.0,328668.0,40308.0
2023-07-17,31035.0,137250.0,286625.0,90018.0,94179.0,312293.0,39380.0
2023-07-18,41833.0,159441.0,344197.0,97172.0,113059.0,353629.0,42649.0
2023-07-19,61498.0,305457.0,543448.0,116850.0,128818.0,547457.0,57858.0
2023-07-20,72669.0,358711.0,760743.0,132111.0,164122.0,717244.0,77446.0
2023-07-21,116104.0,676517.0,1214584.0,186113.0,234974.0,1142468.0,118915.0
2023-07-22,139861.0,830551.0,1353052.0,219470.0,268153.0,1464456.0,146550.0
2023-07-23,131847.0,833627.0,1362922.0,247289.0,284411.0,1451358.0,146098.0
2023-07-24,100953.0,757091.0,1173115.0,228701.0,276374.0,1179872.0,128394.0
2023-07-25,72075.0,578738.0,859003.0,198593.0,220085.0,864736.0,97172.0
2023-07-26,57692.0,491349.0,687586.0,176246.0,180294.0,714518.0,75705.0
2023-07-27,44377.0,432436.0,564431.0,153860.0,144837.0,590168.0,62177.0
2023-07-28,41291.0,399406.0,532263.0,143233.0,134532.0,551940.0,58860.0
2023-07-29,38617.0,392520.0,587938.0,155298.0,143728.0,648899.0,67354.0
2023-07-30,41902.0,432463.0,648529.0,147647.0,145978.0,695309.0,71653.0
2023-07-31,38796.0,366327.0,507048.0,128459.0,115889.0,507067.0,53955.0
2023-08-01,32127.0,291089.0,383683.0,100959.0,95617.0,368474.0,40020.0
2023-08-02,29297.0,286286.0,376831.0,94223.0,83105.0,348483.0,37323.0
2023-08-03,23203.0,263439.0,337278.0,78130.0,74324.0,287938.0,31494.0
2023-08-04,20946.0,265905.0,333996.0,75694.0,73530.0,276631.0,29815.0
2023-08-05,20971.0,303330.0,386813.0,90145.0,83638.0,352201.0,34072.0
2023-08-06,25401.0,392610.0,448209.0,100420.0,88346.0,403181.0,44251.0
2023-08-07,23278.0,356684.0,360020.0,99693.0,73734.0,285991.0,31306.0
2023-08-08,15813.0,227637.0,272530.0,71858.0,61260.0,211760.0,24302.0
2023-08-09,13453.0,184556.0,243223.0,67610.0,58091.0,194628.0,22682.0
2023-08-10,11758.0,168838.0,219433.0,62659.0,48690.0,160565.0,19102.0
2023-08-11,10692.0,169479.0,216546.0,55278.0,47462.0,158485.0,18090.0
2023-08-12,10310.0,166205.0,256546.0,68136.0,52301.0,200472.0,20260.0
2023-08-13,10704.0,164447.0,282754.0,61820.0,56085.0,230460.0,23489.0
2023-08-14,10407.0,144373.0,222888.0,51014.0,45023.0,164852.0,17970.0
2023-08-15,9112.0,127961.0,189253.0,55829.0,39236.0,131648.0,14727.0
2023-08-16,8931.0,128780.0,176700.0,52743.0,43668.0,126252.0,14297.0
2023-08-17,8438.0,118045.0,166219.0,47939.0,40707.0,107034.0,12890.0
2023-08-18,7969.0,106161.0,165755.0,41408.0,45023.0,105179.0,11635.0
2023-08-19,7517.0,105031.0,172595.0,42279.0,47395.0,132233.0,13222.0
2023-08-20,7863.0,115547.0,191926.0,43681.0,44445.0,143634.0,14298.0
2023-08-21,8160.0,104067.0,166727.0,35744.0,38158.0,106523.0,14760.0
2023-08-22,7503.0,85914.0,135075.0,33185.0,33771.0,82632.0,10167.0
2023-08-23,7370.0,82858.0,127668.0,29312.0,30276.0,83803.0,9870.0
2023-08-24,7214.0,79979.0,122413.0,27636.0,29861.0,75236.0,8789.0
2023-08-25,8370.0,74200.0,125198.0,28346.0,30348.0,78484.0,8719.0
2023-08-26,7348.0,78458.0,151185.0,32320.0,34867.0,101399.0,10251.0
2023-08-27,7951.0,96334.0,178100.0,34276.0,52244.0,129008.0,12681.0
2023-08-28,8598.0,101180.0,160812.0,34734.0,43100.0,115911.0,12040.0
2023-08-29,6499.0,76184.0,116070.0,29518.0,29503.0,68260.0,8350.0
2023-08-30,5506.0,65870.0,109431.0,27270.0,28820.0,67280.0,8083.0
2023-08-31,5523.0,60935.0,107684.0,24724.0,26861.0,57394.0,7466.0
2023-09-01,5620.0,61785.0,110791.0,21538.0,25912.0,55467.0,7034.0
2023-09-02,5768.0,71145.0,130898.0,24571.0,28995.0,78160.0,8052.0
2023-09-03,6333.0,97545.0,139101.0,29046.0,30204.0,84877.0,8492.0
2023-09-04,6119.0,93441.0,127275.0,29702.0,28539.0,73679.0,8070.0
2023-09-05,5618.0,72891.0,100580.0,23218.0,23986.0,55551.0,6777.0
2023-09-06,4766.0,58949.0,83434.0,20304.0,20207.0,42282.0,5732.0
2023-09-07,4327.0,52332.0,76542.0,18328.0,19363.0,36902.0,5354.0
2023-09-08,4201.0,50756.0,78285.0,19425.0,19304.0,36441.0,5005.0
2023-09-09,4163.0,56781.0,91805.0,21823.0,22051.0,45834.0,5761.0
2023-09-10,4415.0,61978.0,99241.0,23975.0,21686.0,52055.0,6200.0
2023-09-11,3957.0,52733.0,67293.0,25841.0,17739.0,37052.0,5521.0
2023-09-12,3924.0,56241.0,59179.0,48101.0,16230.0,29799.0,5122.0
2023-09-13,3784.0,60034.0,57564.0,28164.0,15959.0,30240.0,4813.0
2023-09-14,3400.0,54726.0,55462.0,26789.0,16835.0,27902.0,5008.0
2023-09-15,3614.0,52930.0,56309.0,25579.0,15967.0,26714.0,4484.0
2023-09-16,3813.0,67902.0,69336.0,33372.0,18285.0,33728.0,4491.0
2023-09-17,4342.0,73252.0,76845.0,34010.0,19190.0,37797.0,4924.0
2023-09-18,4079.0,56334.0,68512.0,23815.0,16659.0,29366.0,4662.0
2023-09-19,3898.0,45822.0,63358.0,19872.0,14821.0,24986.0,4100.0
2023-09-20,3650.0,41938.0,63441.0,19386.0,15527.0,26519.0,4115.0
2023-09-21,3046.0,39068.0,57685.0,19223.0,17175.0,25570.0,4096.0
2023-09-22,3161.0,41826.0,60271.0,22522.0,27559.0,23806.0,3793.0
2023-09-23,3443.0,50181.0,71706.0,28689.0,17892.0,29860.0,3919.0
2023-09-24,3361.0,54548.0,76319.0,28756.0,18757.0,33828.0,4589.0
2023-09-25,3566.0,44443.0,63500.0,21332.0,15328.0,25603.0,4202.0
2023-09-26,3329.0,37380.0,54845.0,18586.0,14712.0,20795.0,3653.0
2023-09-27,2943.0,33298.0,49112.0,16909.0,14728.0,20681.0,3729.0
2023-09-28,2740.0,35952.0,49656.0,16785.0,15219.0,18077.0,3477.0
2023-09-29,2752.0,32831.0,51565.0,17281.0,16775.0,17232.0,3197.0
2023-09-30,2911.0,39712.0,59132.0,19843.0,17450.0,20479.0,3658.0
2023-10-01,3501.0,42155.0,59058.0,21776.0,17584.0,22238.0,3846.0
2023-10-02,3532.0,35285.0,51479.0,15700.0,16914.0,17957.0,3734.0
2023-10-03,3118.0,28117.0,43199.0,14143.0,15870.0,16273.0,3679.0
2023-10-04,2657.0,25903.0,41239.0,12992.0,14619.0,16083.0,3363.0
2023-10-05,2385.0,24288.0,38890.0,12431.0,12580.0,15173.0,3206.0
2023-10-06,2435.0,24936.0,41618.0,14003.0,12721.0,14968.0,3002.0
2023-10-07,2388.0,28759.0,50142.0,17116.0,13637.0,17393.0,3075.0
2023-10-08,2430.0,33787.0,55479.0,23057.0,13123.0,18507.0,3257.0
2023-10-09,2659.0,29267.0,49064.0,20341.0,11639.0,15463.0,3216.0
2023-10-10,2815.0,23658.0,40256.0,14460.0,11107.0,13808.0,2941.0
2023-10-11,2700.0,22740.0,38051.0,18147.0,11357.0,13399.0,3052.0
2023-10-12,2499.0,27129.0,39771.0,17831.0,11277.0,12903.0,3165.0
2023-10-13,2360.0,28535.0,41661.0,19755.0,11720.0,13525.0,3015.0
2023-10-14,2456.0,28273.0,48575.0,18067.0,12575.0,14884.0,2915.0
2023-10-15,2606.0,28842.0,52774.0,18636.0,12621.0,15802.0,3210.0
2023-10-16,2390.0,23304.0,39627.0,13928.0,10392.0,13963.0,3447.0
2023-10-17,2126.0,21711.0,36830.0,13878.0,9780.0,12828.0,3186.0
2023-10-18,2244.0,21255.0,36223.0,18332.0,9877.0,13368.0,3299.0
2023-10-19,2158.0,21156.0,35806.0,16726.0,10960.0,13060.0,2928.0
