date,Chandrayaan-3,Indian_Space_Research_Organisation,Moon_landing,Lunar_south_pole,Vikram_(spacecraft)
2022-03-29,281.0,2273.0,1644.0,77.0,0.0
2022-03-30,266.0,2132.0,1753.0,1171.0,3.0
2022-03-31,310.0,2292.0,1671.0,243.0,2.0
2022-04-01,207.0,2108.0,1614.0,108.0,0.0
2022-04-02,262.0,2358.0,1600.0,72.0,2.0
2022-04-03,260.0,2547.0,1741.0,100.0,1.0
2022-04-04,212.0,2144.0,1901.0,110.0,0.0
2022-04-05,234.0,2231.0,1812.0,75.0,2.0
2022-04-06,224.0,2088.0,1722.0,108.0,2.0
2022-04-07,231.0,2133.0,1720.0,65.0,0.0
2022-04-08,239.0,2013.0,1744.0,87.0,1.0
2022-04-09,224.0,2017.0,1532.0,80.0,0.0
2022-04-10,263.0,2106.0,1750.0,404.0,0.0
2022-04-11,233.0,2047.0,2116.0,201.0,5.0
2022-04-12,196.0,2012.0,2210.0,128.0,1.0
2022-04-13,235.0,1866.0,2263.0,128.0,2.0
2022-04-14,186.0,1823.0,1966.0,97.0,1.0
2022-04-15,165.0,1617.0,1762.0,82.0,1.0
2022-04-16,228.0,1670.0,8039.0,111.0,5.0
2022-04-17,227.0,1647.0,2391.0,95.0,2.0
2022-04-18,235.0,1889.0,1977.0,99.0,1.0
2022-04-19,233.0,2000.0,1863.0,134.0,1.0
2022-04-20,257.0,1860.0,1674.0,102.0,1.0
2022-04-21,245.0,1961.0,2432.0,106.0,0.0
2022-04-22,220.0,1999.0,1702.0,97.0,2.0
2022-04-23,246.0,1689.0,1507.0,85.0,0.0
2022-04-24,239.0,2050.0,1735.0,63.0,6.0
2022-04-25,309.0,2104.0,1834.0,105.0,3.0
2022-04-26,328.0,1991.0,1907.0,104.0,1.0
2022-04-27,358.0,1752.0,1875.0,109.0,2.0
2022-04-28,241.0,1929.0,2115.0,68.0,1.0
2022-04-29,294.0,1811.0,1740.0,89.0,1.0
2022-04-30,221.0,1659.0,1547.0,79.0,0.0
2022-05-01,213.0,1652.0,1786.0,76.0,0.0
2022-05-02,252.0,1643.0,2014.0,96.0,3.0
2022-05-03,282.0,1830.0,1751.0,117.0,3.0
2022-05-04,244.0,1768.0,1724.0,90.0,1.0
2022-05-05,261.0,2040.0,1772.0,84.0,1.0
2022-05-06,284.0,1799.0,1614.0,64.0,2.0
2022-05-07,234.0,1978.0,1648.0,73.0,0.0
2022-05-08,242.0,1770.0,1669.0,79.0,1.0
2022-05-09,245.0,2273.0,1766.0,67.0,2.0
2022-05-10,264.0,2307.0,1629.0,78.0,4.0
2022-05-11,232.0,1924.0,1707.0,72.0,1.0
2022-05-12,280.0,1838.0,1720.0,84.0,3.0
2022-05-13,270.0,1934.0,1762.0,96.0,5.0
2022-05-14,252.0,1891.0,1761.0,95.0,1.0
2022-05-15,260.0,1919.0,1817.0,113.0,2.0
2022-05-16,440.0,1991.0,2070.0,129.0,2.0
2022-05-17,626.0,1981.0,1844.0,88.0,3.0
2022-05-18,329.0,2103.0,1731.0,98.0,1.0
2022-05-19,264.0,1872.0,1698.0,77.0,1.0
2022-05-20,239.0,1896.0,1868.0,67.0,3.0
2022-05-21,249.0,1850.0,1638.0,70.0,3.0
2022-05-22,267.0,1870.0,1568.0,78.0,4.0
2022-05-23,229.0,1911.0,1753.0,87.0,4.0
2022-05-24,265.0,1999.0,1734.0,90.0,2.0
2022-05-25,267.0,1939.0,1601.0,67.0,4.0
2022-05-26,262.0,2005.0,1570.0,62.0,0.0
2022-05-27,239.0,1997.0,1544.0,86.0,1.0
2022-05-28,219.0,2006.0,1475.0,55.0,3.0
2022-05-29,229.0,1855.0,1673.0,65.0,0.0
2022-05-30,231.0,2117.0,1619.0,78.0,2.0
2022-05-31,265.0,2044.0,1671.0,67.0,2.0
2022-06-01,256.0,2156.0,1654.0,72.0,1.0
2022-06-02,285.0,2086.0,1610.0,83.0,1.0
2022-06-03,309.0,2217.0,1440.0,55.0,2.0
2022-06-04,278.0,2081.0,1584.0,62.0,9.0
2022-06-05,313.0,1992.0,1733.0,62.0,6.0
2022-06-06,290.0,2274.0,2393.0,105.0,1.0
2022-06-07,270.0,2275.0,1721.0,79.0,1.0
2022-06-08,320.0,2317.0,1762.0,90.0,6.0
2022-06-09,263.0,2065.0,1627.0,75.0,1.0
2022-06-10,252.0,2216.0,2180.0,96.0,2.0
2022-06-11,272.0,2035.0,2125.0,60.0,2.0
2022-06-12,235.0,2009.0,2302.0,78.0,3.0
2022-06-13,281.0,2043.0,2175.0,59.0,4.0
2022-06-14,225.0,2095.0,2052.0,84.0,2.0
2022-06-15,234.0,2005.0,1936.0,79.0,4.0
2022-06-16,233.0,2177.0,1909.0,96.0,1.0
2022-06-17,258.0,2214.0,1801.0,72.0,1.0
2022-06-18,299.0,1759.0,1998.0,78.0,8.0
2022-06-19,307.0,1924.0,2164.0,78.0,3.0
2022-06-20,279.0,1948.0,2282.0,101.0,4.0
2022-06-21,313.0,2163.0,2542.0,78.0,4.0
2022-06-22,261.0,2151.0,2063.0,91.0,3.0
2022-06-23,265.0,2444.0,1850.0,71.0,2.0
2022-06-24,240.0,2209.0,1710.0,62.0,1.0
2022-06-25,246.0,1934.0,1901.0,75.0,1.0
2022-06-26,292.0,2164.0,2129.0,76.0,1.0
2022-06-27,300.0,2288.0,1827.0,77.0,1.0
2022-06-28,292.0,2476.0,1989.0,90.0,5.0
2022-06-29,287.0,2155.0,1811.0,75.0,2.0
2022-06-30,548.0,3792.0,1820.0,60.0,7.0
2022-07-01,409.0,3423.0,1726.0,61.0,2.0
2022-07-02,404.0,4777.0,1976.0,72.0,1.0
2022-07-03,420.0,5463.0,2057.0,98.0,2.0
2022-07-04,442.0,4326.0,2109.0,118.0,4.0
2022-07-05,381.0,3700.0,1965.0,119.0,3.0
2022-07-06,354.0,3377.0,1934.0,91.0,3.0
2022-07-07,385.0,3091.0,1995.0,79.0,3.0
2022-07-08,280.0,2860.0,1841.0,82.0,3.0
2022-07-09,317.0,3413.0,1902.0,74.0,2.0
2022-07-10,314.0,3508.0,2158.0,103.0,0.0
2022-07-11,351.0,2966.0,2179.0,114.0,4.0
2022-07-12,444.0,3252.0,2624.0,112.0,2.0
2022-07-13,402.0,3146.0,2711.0,93.0,2.0
2022-07-14,377.0,2907.0,2315.0,73.0,2.0
2022-07-15,360.0,2900.0,2336.0,84.0,1.0
2022-07-16,360.0,3942.0,2701.0,104.0,1.0
2022-07-17,442.0,4686.0,2784.0,85.0,4.0
2022-07-18,473.0,2918.0,2787.0,91.0,0.0
2022-07-19,527.0,3239.0,2868.0,87.0,3.0
2022-07-20,709.0,3244.0,7284.0,134.0,2.0
2022-07-21,633.0,3336.0,5130.0,110.0,3.0
2022-07-22,440.0,2793.0,2703.0,105.0,2.0
2022-07-23,396.0,2656.0,2426.0,86.0,2.0
2022-07-24,493.0,2943.0,2477.0,76.0,2.0
2022-07-25,337.0,2856.0,2428.0,92.0,4.0
2022-07-26,441.0,5558.0,2293.0,106.0,2.0
2022-07-27,664.0,5917.0,2539.0,150.0,2.0
2022-07-28,618.0,5622.0,2081.0,68.0,3.0
2022-07-29,471.0,5787.0,2350.0,73.0,0.0
2022-07-30,608.0,6964.0,2230.0,99.0,3.0
2022-07-31,603.0,7850.0,2490.0,128.0,3.0
2022-08-01,546.0,5434.0,2185.0,99.0,5.0
2022-08-02,468.0,4767.0,2227.0,86.0,2.0
2022-08-03,473.0,4451.0,2195.0,105.0,2.0
2022-08-04,396.0,4313.0,2245.0,98.0,1.0
2022-08-05,434.0,4249.0,2276.0,95.0,2.0
2022-08-06,474.0,4754.0,2258.0,83.0,1.0
2022-08-07,846.0,9381.0,2700.0,91.0,0.0
2022-08-08,499.0,5031.0,2092.0,102.0,2.0
2022-08-09,480.0,4772.0,2093.0,76.0,1.0
2022-08-10,412.0,4115.0,1976.0,100.0,3.0
2022-08-11,335.0,3233.0,2008.0,68.0,3.0
2022-08-12,309.0,3361.0,2105.0,83.0,3.0
2022-08-13,387.0,3442.0,2131.0,88.0,2.0
2022-08-14,414.0,3907.0,2463.0,80.0,1.0
2022-08-15,433.0,4747.0,2458.0,89.0,2.0
2022-08-16,332.0,3395.0,2365.0,115.0,0.0
2022-08-17,434.0,3286.0,2952.0,164.0,2.0
2022-08-18,390.0,2943.0,2410.0,153.0,0.0
2022-08-19,346.0,2873.0,2217.0,243.0,4.0
2022-08-20,373.0,2871.0,2821.0,236.0,3.0
2022-08-21,416.0,3191.0,2554.0,173.0,4.0
2022-08-22,389.0,2741.0,2253.0,194.0,2.0
2022-08-23,396.0,3082.0,2785.0,210.0,3.0
2022-08-24,356.0,3103.0,2592.0,182.0,1.0
2022-08-25,403.0,2804.0,2827.0,179.0,2.0
2022-08-26,341.0,2846.0,3285.0,204.0,5.0
2022-08-27,358.0,2652.0,3346.0,226.0,3.0
2022-08-28,362.0,2912.0,4847.0,359.0,4.0
2022-08-29,550.0,3081.0,10055.0,644.0,3.0
2022-08-30,348.0,2330.0,4382.0,243.0,8.0
2022-08-31,273.0,2172.0,3132.0,304.0,2.0
2022-09-01,267.0,2192.0,2704.0,134.0,1.0
2022-09-02,315.0,2581.0,2877.0,153.0,3.0
2022-09-03,359.0,2268.0,4962.0,253.0,3.0
2022-09-04,317.0,2397.0,3739.0,147.0,1.0
2022-09-05,324.0,2246.0,2945.0,121.0,4.0
2022-09-06,289.0,2564.0,2471.0,103.0,9.0
2022-09-07,258.0,2426.0,2553.0,98.0,1.0
2022-09-08,205.0,2403.0,2634.0,81.0,1.0
2022-09-09,232.0,2347.0,2429.0,88.0,3.0
2022-09-10,223.0,2248.0,2497.0,87.0,9.0
2022-09-11,307.0,2678.0,2562.0,88.0,7.0
2022-09-12,236.0,2405.0,3142.0,82.0,3.0
2022-09-13,317.0,2533.0,3075.0,106.0,3.0
2022-09-14,236.0,2778.0,2348.0,69.0,1.0
2022-09-15,331.0,2652.0,2160.0,76.0,1.0
2022-09-16,219.0,2249.0,2023.0,71.0,1.0
2022-09-17,236.0,2284.0,3381.0,59.0,1.0
2022-09-18,239.0,2674.0,2232.0,63.0,2.0
2022-09-19,208.0,2598.0,2269.0,58.0,2.0
2022-09-20,252.0,2324.0,2439.0,65.0,2.0
2022-09-21,301.0,2834.0,2336.0,86.0,1.0
2022-09-22,202.0,2571.0,2305.0,58.0,2.0
2022-09-23,233.0,2095.0,2030.0,58.0,3.0
2022-09-24,275.0,2378.0,2048.0,41.0,2.0
2022-09-25,279.0,2355.0,2150.0,65.0,2.0
2022-09-26,284.0,2233.0,2243.0,63.0,3.0
2022-09-27,306.0,2513.0,2391.0,60.0,0.0
2022-09-28,230.0,2484.0,1988.0,68.0,0.0
2022-09-29,235.0,2615.0,1847.0,79.0,1.0
2022-09-30,211.0,2350.0,1825.0,43.0,4.0
2022-10-01,191.0,2197.0,1794.0,43.0,5.0
2022-10-02,299.0,2715.0,1847.0,64.0,0.0
2022-10-03,550.0,2688.0,1844.0,70.0,3.0
2022-10-04,394.0,2615.0,1766.0,72.0,0.0
2022-10-05,386.0,2936.0,2027.0,81.0,2.0
2022-10-06,312.0,3173.0,1863.0,61.0,1.0
2022-10-07,328.0,3126.0,1897.0,80.0,1.0
2022-10-08,396.0,3152.0,1886.0,75.0,1.0
2022-10-09,426.0,3501.0,2391.0,74.0,2.0
2022-10-10,323.0,3062.0,2412.0,77.0,1.0
2022-10-11,306.0,3054.0,2117.0,85.0,2.0
2022-10-12,297.0,2954.0,2091.0,73.0,1.0
2022-10-13,293.0,2901.0,1912.0,77.0,0.0
2022-10-14,298.0,3018.0,2080.0,64.0,0.0
2022-10-15,325.0,3172.0,1749.0,53.0,3.0
2022-10-16,305.0,2728.0,1853.0,43.0,4.0
2022-10-17,238.0,2893.0,1733.0,72.0,1.0
2022-10-18,229.0,2540.0,1978.0,66.0,3.0
2022-10-19,188.0,2555.0,1744.0,69.0,4.0
2022-10-20,252.0,2817.0,1813.0,84.0,2.0
2022-10-21,408.0,2504.0,1890.0,74.0,2.0
2022-10-22,606.0,3675.0,1723.0,58.0,4.0
2022-10-23,889.0,6077.0,2139.0,69.0,8.0
2022-10-24,403.0,3101.0,1883.0,59.0,4.0
2022-10-25,377.0,3173.0,1960.0,74.0,8.0
2022-10-26,437.0,2874.0,1934.0,60.0,1.0
2022-10-27,332.0,2798.0,1795.0,106.0,0.0
2022-10-28,321.0,2784.0,1603.0,52.0,2.0
2022-10-29,291.0,2766.0,1679.0,48.0,1.0
2022-10-30,276.0,2717.0,1644.0,66.0,7.0
2022-10-31,296.0,2729.0,1704.0,51.0,4.0
2022-11-01,338.0,3442.0,1920.0,77.0,6.0
2022-11-02,410.0,3608.0,2053.0,83.0,5.0
2022-11-03,306.0,3381.0,2089.0,70.0,6.0
2022-11-04,304.0,2867.0,1951.0,64.0,4.0
2022-11-05,264.0,3670.0,1778.0,60.0,3.0
2022-11-06,280.0,2885.0,1819.0,67.0,6.0
2022-11-07,312.0,2941.0,2041.0,66.0,6.0
2022-11-08,374.0,3724.0,2241.0,94.0,8.0
2022-11-09,311.0,3228.0,2090.0,67.0,1.0
2022-11-10,298.0,2987.0,1945.0,89.0,2.0
2022-11-11,257.0,2735.0,1935.0,69.0,5.0
2022-11-12,251.0,2644.0,1828.0,61.0,0.0
2022-11-13,207.0,2812.0,1978.0,58.0,3.0
2022-11-14,225.0,2746.0,1998.0,76.0,3.0
2022-11-15,232.0,2627.0,2109.0,96.0,4.0
2022-11-16,471.0,3115.0,6681.0,614.0,6.0
2022-11-17,364.0,2968.0,4092.0,318.0,6.0
2022-11-18,362.0,4219.0,2802.0,193.0,8.0
2022-11-19,242.0,3371.0,2564.0,141.0,5.0
2022-11-20,236.0,3276.0,2573.0,129.0,7.0
2022-11-21,265.0,3165.0,2972.0,224.0,5.0
2022-11-22,255.0,3559.0,2729.0,180.0,5.0
2022-11-23,312.0,3250.0,2373.0,122.0,5.0
2022-11-24,251.0,2838.0,2466.0,129.0,2.0
2022-11-25,322.0,2761.0,2078.0,106.0,1.0
2022-11-26,375.0,3586.0,2232.0,125.0,3.0
2022-11-27,362.0,3452.0,2196.0,100.0,3.0
2022-11-28,296.0,2941.0,2187.0,95.0,4.0
2022-11-29,304.0,2893.0,2228.0,100.0,4.0
2022-11-30,257.0,2706.0,1997.0,90.0,1.0
2022-12-01,284.0,2554.0,2349.0,95.0,1.0
2022-12-02,203.0,2261.0,2021.0,97.0,5.0
2022-12-03,246.0,2114.0,1761.0,64.0,1.0
2022-12-04,248.0,2437.0,1856.0,66.0,3.0
2022-12-05,261.0,2304.0,2064.0,100.0,2.0
2022-12-06,240.0,2312.0,2230.0,94.0,1.0
2022-12-07,301.0,2591.0,1986.0,79.0,2.0
2022-12-08,214.0,2552.0,2024.0,91.0,2.0
2022-12-09,211.0,2432.0,1733.0,72.0,0.0
2022-12-10,247.0,2490.0,1818.0,55.0,4.0
2022-12-11,394.0,2539.0,4108.0,153.0,4.0
2022-12-12,364.0,2276.0,3746.0,126.0,4.0
2022-12-13,295.0,2339.0,2553.0,89.0,4.0
2022-12-14,287.0,2292.0,2144.0,98.0,3.0
2022-12-15,259.0,2342.0,2045.0,67.0,1.0
2022-12-16,270.0,2321.0,1892.0,86.0,4.0
2022-12-17,262.0,2032.0,1720.0,55.0,4.0
2022-12-18,232.0,2261.0,1673.0,50.0,1.0
2022-12-19,208.0,1981.0,1818.0,49.0,4.0
2022-12-20,249.0,2328.0,1828.0,77.0,2.0
2022-12-21,193.0,2320.0,1736.0,46.0,3.0
2022-12-22,250.0,2143.0,1635.0,58.0,2.0
2022-12-23,212.0,2209.0,1582.0,60.0,3.0
2022-12-24,290.0,2290.0,1662.0,41.0,4.0
2022-12-25,259.0,2300.0,1927.0,51.0,1.0
2022-12-26,262.0,2703.0,2021.0,64.0,1.0
2022-12-27,289.0,2947.0,1987.0,48.0,1.0
2022-12-28,290.0,2784.0,1763.0,55.0,0.0
2022-12-29,362.0,2770.0,1816.0,78.0,4.0
2022-12-30,399.0,2914.0,1943.0,47.0,2.0
2022-12-31,305.0,2569.0,1937.0,39.0,3.0
2023-01-01,481.0,2839.0,2183.0,69.0,0.0
2023-01-02,397.0,3005.0,2257.0,96.0,5.0
2023-01-03,355.0,2841.0,2299.0,96.0,3.0
2023-01-04,378.0,2998.0,2279.0,79.0,5.0
2023-01-05,382.0,2830.0,2120.0,72.0,2.0
2023-01-06,429.0,2531.0,2038.0,125.0,3.0
2023-01-07,343.0,2743.0,1842.0,107.0,3.0
2023-01-08,283.0,2676.0,2045.0,78.0,3.0
2023-01-09,311.0,2832.0,1923.0,87.0,1.0
2023-01-10,371.0,2971.0,2007.0,82.0,3.0
2023-01-11,271.0,2763.0,1944.0,93.0,2.0
2023-01-12,250.0,2507.0,1898.0,84.0,4.0
2023-01-13,298.0,2313.0,1823.0,80.0,6.0
2023-01-14,254.0,2367.0,1771.0,123.0,0.0
2023-01-15,236.0,2634.0,1843.0,90.0,2.0
2023-01-16,268.0,2853.0,1825.0,98.0,3.0
2023-01-17,266.0,2912.0,1801.0,77.0,4.0
2023-01-18,270.0,2769.0,1874.0,104.0,3.0
2023-01-19,260.0,2687.0,1893.0,93.0,5.0
2023-01-20,267.0,2388.0,1803.0,76.0,4.0
2023-01-21,292.0,2229.0,3151.0,82.0,3.0
2023-01-22,357.0,2533.0,3026.0,85.0,4.0
2023-01-23,317.0,2482.0,2106.0,104.0,4.0
2023-01-24,309.0,2227.0,1852.0,62.0,1.0
2023-01-25,294.0,2037.0,1822.0,86.0,2.0
2023-01-26,266.0,2028.0,1881.0,84.0,1.0
2023-01-27,252.0,2108.0,1864.0,67.0,2.0
2023-01-28,296.0,1981.0,1993.0,62.0,3.0
2023-01-29,278.0,2533.0,2107.0,65.0,3.0
2023-01-30,247.0,2716.0,1968.0,94.0,3.0
2023-01-31,234.0,2737.0,1743.0,63.0,3.0
2023-02-01,234.0,2977.0,1987.0,85.0,2.0
2023-02-02,289.0,2810.0,2036.0,77.0,6.0
2023-02-03,218.0,2327.0,2001.0,81.0,0.0
2023-02-04,280.0,2360.0,2397.0,63.0,1.0
2023-02-05,328.0,3329.0,2205.0,99.0,0.0
2023-02-06,333.0,3356.0,2201.0,114.0,4.0
2023-02-07,292.0,3051.0,2053.0,96.0,5.0
2023-02-08,362.0,3024.0,1912.0,66.0,2.0
2023-02-09,340.0,3090.0,2008.0,89.0,6.0
2023-02-10,553.0,4375.0,1882.0,72.0,1.0
2023-02-11,390.0,3237.0,1988.0,50.0,3.0
2023-02-12,321.0,3418.0,2034.0,68.0,3.0
2023-02-13,307.0,3479.0,2195.0,83.0,4.0
2023-02-14,289.0,3187.0,1902.0,80.0,2.0
2023-02-15,299.0,3066.0,1753.0,73.0,4.0
2023-02-16,314.0,2815.0,1973.0,67.0,1.0
2023-02-17,250.0,2367.0,1811.0,51.0,1.0
2023-02-18,287.0,2256.0,1857.0,53.0,1.0
2023-02-19,606.0,3110.0,2143.0,62.0,4.0
2023-02-20,1187.0,2828.0,2160.0,95.0,2.0
2023-02-21,713.0,2889.0,1970.0,83.0,6.0
2023-02-22,522.0,2794.0,1853.0,77.0,3.0
2023-02-23,560.0,2808.0,1980.0,101.0,3.0
2023-02-24,426.0,2649.0,1991.0,68.0,3.0
2023-02-25,416.0,2767.0,2095.0,70.0,2.0
2023-02-26,432.0,3890.0,1968.0,56.0,2.0
2023-02-27,453.0,3621.0,1900.0,90.0,3.0
2023-02-28,754.0,3568.0,1973.0,88.0,2.0
2023-03-01,742.0,2693.0,2155.0,93.0,3.0
2023-03-02,578.0,2857.0,1988.0,81.0,2.0
2023-03-03,474.0,2394.0,2035.0,97.0,3.0
2023-03-04,413.0,2090.0,1836.0,53.0,0.0
2023-03-05,449.0,2524.0,2059.0,80.0,4.0
2023-03-06,429.0,2144.0,2316.0,87.0,0.0
2023-03-07,490.0,2523.0,2012.0,112.0,4.0
2023-03-08,397.0,2568.0,2097.0,93.0,2.0
2023-03-09,313.0,5806.0,2050.0,78.0,4.0
2023-03-10,281.0,3762.0,1835.0,65.0,5.0
2023-03-11,304.0,2939.0,2025.0,66.0,0.0
2023-03-12,348.0,2255.0,2155.0,53.0,3.0
2023-03-13,317.0,2235.0,2095.0,79.0,3.0
2023-03-14,305.0,2024.0,1918.0,70.0,3.0
2023-03-15,294.0,2283.0,2042.0,130.0,1.0
2023-03-16,705.0,2721.0,2206.0,195.0,4.0
2023-03-17,638.0,2729.0,1960.0,111.0,4.0
2023-03-18,545.0,2943.0,1758.0,67.0,2.0
2023-03-19,524.0,3157.0,2121.0,83.0,5.0
2023-03-20,447.0,3152.0,1921.0,83.0,5.0
2023-03-21,389.0,2822.0,1912.0,92.0,5.0
2023-03-22,428.0,2880.0,1982.0,66.0,3.0
2023-03-23,519.0,2781.0,2020.0,82.0,2.0
2023-03-24,526.0,2991.0,2087.0,87.0,3.0
2023-03-25,478.0,3266.0,2392.0,64.0,3.0
2023-03-26,1426.0,12332.0,2073.0,85.0,4.0
2023-03-27,699.0,9002.0,2069.0,89.0,3.0
2023-03-28,539.0,4214.0,1983.0,105.0,5.0
2023-03-29,463.0,2878.0,1946.0,117.0,2.0
2023-03-30,428.0,2723.0,1749.0,104.0,3.0
2023-03-31,399.0,2451.0,1804.0,91.0,3.0
2023-04-01,342.0,2396.0,1658.0,89.0,5.0
2023-04-02,451.0,3084.0,2092.0,83.0,3.0
2023-04-03,442.0,3097.0,4215.0,371.0,1.0
2023-04-04,464.0,2976.0,4603.0,341.0,4.0
2023-04-05,421.0,2652.0,2341.0,154.0,3.0
2023-04-06,361.0,2489.0,2592.0,138.0,3.0
2023-04-07,413.0,2450.0,2139.0,112.0,1.0
2023-04-08,350.0,2448.0,2079.0,110.0,3.0
2023-04-09,354.0,2761.0,2168.0,109.0,3.0
2023-04-10,341.0,2353.0,2330.0,91.0,2.0
2023-04-11,268.0,2165.0,1926.0,74.0,0.0
2023-04-12,303.0,1983.0,2017.0,78.0,2.0
2023-04-13,300.0,1798.0,1759.0,104.0,6.0
2023-04-14,373.0,1837.0,1901.0,89.0,2.0
2023-04-15,372.0,1818.0,1675.0,63.0,4.0
2023-04-16,287.0,1870.0,1741.0,70.0,6.0
2023-04-17,353.0,1899.0,2227.0,86.0,4.0
2023-04-18,324.0,1906.0,1913.0,98.0,3.0
2023-04-19,334.0,2398.0,1830.0,79.0,1.0
2023-04-20,481.0,2888.0,3322.0,105.0,9.0
2023-04-21,458.0,2490.0,2574.0,116.0,4.0
2023-04-22,780.0,3958.0,2065.0,115.0,1.0
2023-04-23,639.0,3230.0,2307.0,70.0,3.0
2023-04-24,564.0,2762.0,2304.0,102.0,5.0
2023-04-25,948.0,2514.0,4005.0,108.0,15.0
2023-04-26,1099.0,2360.0,3957.0,121.0,11.0
2023-04-27,750.0,2382.0,2894.0,92.0,7.0
2023-04-28,606.0,2236.0,2585.0,88.0,4.0
2023-04-29,518.0,2342.0,2188.0,76.0,4.0
2023-04-30,416.0,1842.0,2210.0,74.0,2.0
2023-05-01,453.0,2045.0,2282.0,89.0,3.0
2023-05-02,361.0,2184.0,1924.0,72.0,1.0
2023-05-03,407.0,1952.0,2079.0,78.0,1.0
2023-05-04,354.0,2237.0,1998.0,77.0,2.0
2023-05-05,340.0,2136.0,1914.0,86.0,4.0
2023-05-06,334.0,1816.0,2300.0,92.0,2.0
2023-05-07,416.0,1889.0,1991.0,106.0,1.0
2023-05-08,400.0,2021.0,2066.0,83.0,1.0
2023-05-09,352.0,2048.0,1837.0,68.0,3.0
2023-05-10,272.0,2044.0,2133.0,114.0,2.0
2023-05-11,535.0,2389.0,2202.0,63.0,2.0
2023-05-12,369.0,2093.0,1979.0,95.0,5.0
2023-05-13,367.0,2267.0,1686.0,56.0,3.0
2023-05-14,290.0,1969.0,1984.0,65.0,0.0
2023-05-15,302.0,2018.0,2055.0,78.0,1.0
2023-05-16,299.0,2357.0,1852.0,77.0,3.0
2023-05-17,310.0,2230.0,1969.0,84.0,3.0
2023-05-18,374.0,2132.0,6016.0,93.0,2.0
2023-05-19,564.0,2113.0,2069.0,98.0,7.0
2023-05-20,453.0,1931.0,1798.0,74.0,5.0
2023-05-21,713.0,1938.0,1905.0,79.0,5.0
2023-05-22,925.0,2053.0,2047.0,83.0,3.0
2023-05-23,800.0,2013.0,1685.0,94.0,5.0
2023-05-24,603.0,2084.0,1674.0,89.0,4.0
2023-05-25,574.0,2403.0,1616.0,78.0,2.0
2023-05-26,589.0,2176.0,1688.0,75.0,5.0
2023-05-27,627.0,2089.0,1657.0,114.0,5.0
2023-05-28,699.0,2163.0,1660.0,75.0,2.0
2023-05-29,1526.0,4534.0,1986.0,101.0,7.0
2023-05-30,1032.0,5138.0,2068.0,81.0,8.0
2023-05-31,946.0,2802.0,1830.0,100.0,4.0
2023-06-01,816.0,2894.0,1730.0,81.0,6.0
2023-06-02,1151.0,2455.0,1724.0,92.0,5.0
2023-06-03,767.0,2559.0,1633.0,85.0,4.0
2023-06-04,917.0,2413.0,1771.0,90.0,4.0
2023-06-05,1449.0,2424.0,1695.0,87.0,4.0
2023-06-06,1408.0,2507.0,1663.0,88.0,2.0
2023-06-07,1014.0,2426.0,1748.0,94.0,5.0
2023-06-08,836.0,2222.0,1597.0,62.0,4.0
2023-06-09,1139.0,2282.0,1531.0,88.0,4.0
2023-06-10,988.0,2433.0,1512.0,78.0,4.0
2023-06-11,892.0,2260.0,1698.0,72.0,5.0
2023-06-12,1008.0,1706.0,1751.0,73.0,7.0
2023-06-13,1447.0,1874.0,1764.0,74.0,4.0
2023-06-14,1336.0,1159.0,1738.0,89.0,5.0
2023-06-15,1135.0,732.0,1728.0,95.0,4.0
2023-06-16,1082.0,378.0,1582.0,67.0,0.0
2023-06-17,1162.0,382.0,1542.0,58.0,2.0
2023-06-18,1229.0,405.0,2059.0,75.0,3.0
2023-06-19,1059.0,351.0,1758.0,86.0,4.0
2023-06-20,1144.0,348.0,1886.0,82.0,5.0
2023-06-21,1042.0,315.0,2054.0,85.0,1.0
2023-06-22,828.0,357.0,2134.0,86.0,3.0
2023-06-23,872.0,347.0,1962.0,64.0,2.0
2023-06-24,840.0,321.0,1692.0,81.0,2.0
2023-06-25,910.0,352.0,1808.0,78.0,2.0
2023-06-26,1141.0,336.0,1773.0,132.0,3.0
2023-06-27,995.0,330.0,1747.0,90.0,10.0
2023-06-28,3067.0,396.0,1737.0,138.0,2.0
2023-06-29,4456.0,456.0,1931.0,176.0,38.0
2023-06-30,3331.0,335.0,1977.0,96.0,31.0
2023-07-01,3007.0,396.0,2295.0,92.0,29.0
2023-07-02,2817.0,383.0,2682.0,87.0,21.0
2023-07-03,3578.0,460.0,2385.0,103.0,23.0
2023-07-04,3719.0,403.0,2323.0,101.0,32.0
2023-07-05,7044.0,479.0,2094.0,104.0,41.0
2023-07-06,18013.0,755.0,2226.0,175.0,110.0
2023-07-07,17880.0,563.0,2506.0,164.0,82.0
2023-07-08,11012.0,555.0,2268.0,144.0,65.0
2023-07-09,12856.0,569.0,2363.0,175.0,68.0
2023-07-10,13631.0,684.0,2518.0,242.0,58.0
2023-07-11,22926.0,914.0,2643.0,320.0,130.0
2023-07-12,43392.0,1138.0,2807.0,449.0,116.0
2023-07-13,99329.0,2462.0,4085.0,1016.0,447.0
2023-07-14,592058.0,13950.0,19488.0,6024.0,3054.0
2023-07-15,227518.0,4488.0,11052.0,3005.0,1521.0
2023-07-16,117143.0,1977.0,7156.0,2046.0,713.0
2023-07-17,82347.0,1489.0,6189.0,1405.0,427.0
2023-07-18,59096.0,1075.0,5084.0,1054.0,333.0
2023-07-19,50559.0,839.0,4914.0,807.0,557.0
2023-07-20,45324.0,710.0,8990.0,638.0,446.0
2023-07-21,39593.0,708.0,6879.0,531.0,468.0
2023-07-22,30162.0,570.0,4048.0,416.0,415.0
2023-07-23,35072.0,743.0,3691.0,479.0,434.0
2023-07-24,29489.0,638.0,3203.0,393.0,352.0
2023-07-25,31940.0,625.0,3372.0,398.0,359.0
2023-07-26,27963.0,538.0,3055.0,383.0,288.0
2023-07-27,23970.0,669.0,2885.0,306.0,248.0
2023-07-28,19786.0,573.0,2975.0,269.0,183.0
2023-07-29,18465.0,451.0,3063.0,240.0,136.0
2023-07-30,22976.0,686.0,3085.0,378.0,148.0
2023-07-31,21343.0,521.0,2931.0,306.0,139.0
2023-08-01,23399.0,425.0,3008.0,371.0,166.0
2023-08-02,21687.0,369.0,2710.0,339.0,142.0
2023-08-03,32459.0,386.0,2460.0,312.0,151.0
2023-08-04,22454.0,368.0,3083.0,251.0,115.0
2023-08-05,26467.0,410.0,3117.0,519.0,276.0
2023-08-06,35965.0,516.0,3365.0,625.0,322.0
2023-08-07,32629.0,547.0,3979.0,951.0,303.0
2023-08-08,27094.0,487.0,3497.0,906.0,234.0
2023-08-09,26115.0,451.0,3451.0,871.0,220.0
2023-08-10,26300.0,491.0,3485.0,793.0,205.0
2023-08-11,26341.0,514.0,4173.0,1410.0,235.0
2023-08-12,22584.0,537.0,3198.0,1159.0,202.0
2023-08-13,23934.0,571.0,2989.0,1043.0,178.0
2023-08-14,23099.0,505.0,2866.0,858.0,163.0
2023-08-15,22341.0,530.0,2768.0,618.0,184.0
2023-08-16,28485.0,544.0,3057.0,952.0,209.0
2023-08-17,36098.0,649.0,3855.0,1713.0,347.0
2023-08-18,35031.0,611.0,3567.0,1660.0,340.0
2023-08-19,31014.0,614.0,3961.0,1782.0,324.0
2023-08-20,65655.0,1368.0,12785.0,10290.0,1014.0
2023-08-21,71520.0,1186.0,12988.0,8641.0,364.0
2023-08-22,99803.0,1210.0,14221.0,8976.0,131.0
2023-08-23,851815.0,10425.0,145272.0,102896.0,1765.0
2023-08-24,940655.0,7682.0,88721.0,54180.0,1565.0
2023-08-25,245743.0,3637.0,29120.0,18075.0,435.0
2023-08-26,135722.0,2911.0,20360.0,12943.0,162.0
2023-08-27,127199.0,2399.0,15963.0,9514.0,111.0
2023-08-28,102051.0,1762.0,12489.0,7748.0,102.0
2023-08-29,83688.0,1457.0,8868.0,7395.0,151.0
2023-08-30,72488.0,1216.0,8609.0,7365.0,137.0
2023-08-31,65454.0,892.0,6595.0,4429.0,99.0
2023-09-01,60022.0,1113.0,6237.0,3131.0,67.0
2023-09-02,59270.0,2073.0,6909.0,2940.0,73.0
2023-09-03,66945.0,959.0,5281.0,2996.0,60.0
2023-09-04,48880.0,699.0,4204.0,2698.0,67.0
2023-09-05,43218.0,535.0,3881.0,2609.0,43.0
2023-09-06,41882.0,467.0,3574.0,2471.0,71.0
2023-09-07,46438.0,454.0,4360.0,2088.0,29.0
2023-09-08,35488.0,433.0,3426.0,1049.0,18.0
2023-09-09,33934.0,346.0,3196.0,996.0,19.0
2023-09-10,41830.0,373.0,3439.0,788.0,15.0
2023-09-11,33284.0,304.0,2850.0,617.0,18.0
2023-09-12,30407.0,309.0,2707.0,1027.0,14.0
2023-09-13,29791.0,303.0,2790.0,2130.0,13.0
2023-09-14,32817.0,310.0,2623.0,1883.0,10.0
2023-09-15,28330.0,306.0,2606.0,597.0,9.0
2023-09-16,21291.0,335.0,2398.0,474.0,9.0
2023-09-17,24838.0,377.0,2166.0,396.0,6.0
2023-09-18,22086.0,252.0,2351.0,393.0,8.0
2023-09-19,23913.0,248.0,2382.0,434.0,16.0
2023-09-20,25233.0,226.0,2628.0,614.0,9.0
2023-09-21,25618.0,257.0,2565.0,793.0,16.0
2023-09-22,26628.0,216.0,2437.0,681.0,22.0
2023-09-23,23006.0,244.0,2664.0,547.0,16.0
2023-09-24,27221.0,245.0,2627.0,510.0,28.0
2023-09-25,25371.0,259.0,2467.0,627.0,17.0
2023-09-26,24107.0,239.0,2267.0,514.0,22.0
2023-09-27,18493.0,211.0,2119.0,478.0,13.0
2023-09-28,22757.0,200.0,2407.0,1564.0,16.0
2023-09-29,22484.0,220.0,2353.0,1746.0,7.0
2023-09-30,18215.0,190.0,2000.0,1055.0,5.0
2023-10-01,17920.0,218.0,2022.0,843.0,12.0
2023-10-02,23018.0,230.0,2072.0,622.0,19.0
2023-10-03,18825.0,237.0,2100.0,491.0,10.0
2023-10-04,17387.0,226.0,2004.0,397.0,10.0
2023-10-05,16618.0,227.0,2046.0,346.0,9.0
2023-10-06,14882.0,173.0,2154.0,317.0,7.0
2023-10-07,13314.0,171.0,1916.0,277.0,11.0
2023-10-08,15176.0,218.0,2022.0,279.0,5.0
2023-10-09,14839.0,208.0,2135.0,254.0,11.0
2023-10-10,14771.0,176.0,2032.0,238.0,3.0
2023-10-11,14365.0,206.0,2182.0,235.0,10.0
2023-10-12,15498.0,229.0,2344.0,258.0,5.0
2023-10-13,13708.0,211.0,2149.0,200.0,8.0
2023-10-14,13191.0,178.0,1914.0,216.0,9.0
2023-10-15,15494.0,377.0,2078.0,269.0,3.0
2023-10-16,14515.0,320.0,2085.0,297.0,11.0
2023-10-17,14708.0,274.0,1971.0,278.0,2.0
2023-10-18,14572.0,259.0,2049.0,226.0,6.0
2023-10-19,15325.0,210.0,2023.0,283.0,3.0
2023-10-20,14196.0,229.0,1842.0,278.0,2.0
2023-10-21,13690.0,362.0,2101.0,253.0,3.0
2023-10-22,10430.0,261.0,2554.0,233.0,2.0
2023-10-23,9605.0,199.0,2912.0,231.0,4.0
2023-10-24,14041.0,246.0,2565.0,282.0,6.0
2023-10-25,16024.0,245.0,2662.0,236.0,9.0
2023-10-26,14755.0,225.0,2335.0,241.0,5.0
2023-10-27,12445.0,215.0,2208.0,208.0,5.0
2023-10-28,13590.0,200.0,2159.0,185.0,3.0
2023-10-29,13282.0,212.0,2227.0,256.0,4.0
2023-10-30,13140.0,222.0,2096.0,241.0,4.0
2023-10-31,11512.0,193.0,1844.0,251.0,5.0
2023-11-01,9215.0,195.0,1722.0,181.0,5.0
2023-11-02,9127.0,198.0,2219.0,221.0,4.0
2023-11-03,8976.0,171.0,2253.0,157.0,7.0
2023-11-04,7985.0,138.0,2131.0,146.0,7.0
2023-11-05,9748.0,163.0,2219.0,181.0,4.0
2023-11-06,8312.0,238.0,2152.0,165.0,4.0
2023-11-07,8274.0,197.0,2040.0,177.0,7.0
2023-11-08,8221.0,144.0,2140.0,182.0,2.0
2023-11-09,7975.0,162.0,1903.0,198.0,3.0
2023-11-10,6497.0,141.0,2230.0,133.0,3.0
2023-11-11,5464.0,134.0,2238.0,169.0,3.0
2023-11-12,4010.0,121.0,2198.0,151.0,5.0
2023-11-13,6925.0,158.0,2516.0,180.0,3.0
2023-11-14,6912.0,155.0,2229.0,191.0,2.0
2023-11-15,6726.0,180.0,2327.0,187.0,5.0
2023-11-16,7705.0,184.0,2512.0,206.0,5.0
2023-11-17,8094.0,166.0,2357.0,187.0,0.0
2023-11-18,6985.0,171.0,2976.0,207.0,2.0
2023-11-19,7543.0,166.0,2882.0,160.0,1.0
2023-11-20,8795.0,218.0,2637.0,233.0,3.0
2023-11-21,8872.0,186.0,2557.0,188.0,5.0
