date,Deadpool_&_Wolverine,Ryan_Reynolds,Hugh_Jackman,Wolverine_(character),Marvel_Cinematic_Universe
2023-03-02,0.0,17729.0,6917.0,1701.0,17537.0
2023-03-03,0.0,18635.0,7046.0,1742.0,17314.0
2023-03-04,0.0,22942.0,7908.0,1917.0,19944.0
2023-03-05,0.0,27997.0,8421.0,2177.0,24536.0
2023-03-06,0.0,22336.0,7409.0,2081.0,17217.0
2023-03-07,0.0,20523.0,8997.0,1895.0,15488.0
2023-03-08,0.0,20650.0,9053.0,1865.0,17288.0
2023-03-09,0.0,19849.0,6961.0,1697.0,17020.0
2023-03-10,0.0,20698.0,7701.0,1957.0,16634.0
2023-03-11,0.0,20970.0,8168.0,1823.0,20300.0
2023-03-12,0.0,22327.0,7618.0,1903.0,22338.0
2023-03-13,0.0,17444.0,6900.0,1662.0,18724.0
2023-03-14,0.0,16539.0,6099.0,1595.0,16146.0
2023-03-15,0.0,45884.0,6068.0,1550.0,14229.0
2023-03-16,0.0,63371.0,6297.0,1495.0,14031.0
2023-03-17,0.0,35143.0,6818.0,1624.0,13516.0
2023-03-18,0.0,31223.0,7506.0,1867.0,13035.0
2023-03-19,0.0,29745.0,7544.0,1981.0,12960.0
2023-03-20,0.0,23506.0,6769.0,1730.0,13161.0
2023-03-21,0.0,22055.0,5926.0,1581.0,14405.0
2023-03-22,0.0,18442.0,5208.0,1549.0,14027.0
2023-03-23,0.0,19439.0,5794.0,1596.0,12995.0
2023-03-24,0.0,18586.0,5917.0,1879.0,13451.0
2023-03-25,0.0,27388.0,6509.0,1632.0,17105.0
2023-03-26,0.0,34594.0,7059.0,1665.0,19371.0
2023-03-27,0.0,30071.0,5611.0,1558.0,15364.0
2023-03-28,0.0,28994.0,5408.0,1781.0,14923.0
2023-03-29,0.0,24526.0,5709.0,1579.0,14126.0
2023-03-30,0.0,22406.0,5281.0,1649.0,13625.0
2023-03-31,0.0,25979.0,5155.0,1709.0,13171.0
2023-04-01,0.0,25187.0,6361.0,1809.0,15074.0
2023-04-02,0.0,26698.0,6751.0,1955.0,16450.0
2023-04-03,0.0,23541.0,5582.0,1834.0,18054.0
2023-04-04,0.0,20237.0,11484.0,1833.0,13866.0
2023-04-05,0.0,22167.0,8568.0,1723.0,13235.0
2023-04-06,0.0,23102.0,8736.0,1780.0,13704.0
2023-04-07,0.0,23107.0,8514.0,1794.0,15818.0
2023-04-08,0.0,30074.0,8090.0,1812.0,16325.0
2023-04-09,0.0,29716.0,12170.0,2022.0,16905.0
2023-04-10,0.0,46878.0,8187.0,2279.0,15589.0
2023-04-11,0.0,49087.0,10946.0,2052.0,17218.0
2023-04-12,0.0,32393.0,10141.0,2149.0,15382.0
2023-04-13,0.0,26349.0,8064.0,2171.0,13501.0
2023-04-14,0.0,25816.0,7148.0,2233.0,13547.0
2023-04-15,0.0,24541.0,7796.0,1760.0,13367.0
2023-04-16,0.0,25659.0,7853.0,2024.0,15047.0
2023-04-17,0.0,22227.0,6527.0,1797.0,18009.0
2023-04-18,0.0,23333.0,5899.0,1754.0,14802.0
2023-04-19,0.0,23389.0,6406.0,2048.0,14420.0
2023-04-20,0.0,27619.0,6361.0,1892.0,14129.0
2023-04-21,0.0,61646.0,5798.0,2003.0,15458.0
2023-04-22,0.0,95888.0,6894.0,2084.0,17824.0
2023-04-23,0.0,113425.0,7464.0,2206.0,18426.0
2023-04-24,0.0,78945.0,5716.0,1986.0,14512.0
2023-04-25,0.0,42776.0,5760.0,1985.0,12415.0
2023-04-26,0.0,34988.0,5063.0,1964.0,11821.0
2023-04-27,0.0,29162.0,18197.0,2016.0,12203.0
2023-04-28,0.0,32159.0,6833.0,1924.0,13388.0
2023-04-29,0.0,36163.0,7119.0,2115.0,15430.0
2023-04-30,0.0,37280.0,7584.0,2080.0,17443.0
2023-05-01,0.0,33992.0,7667.0,2016.0,16255.0
2023-05-02,0.0,39275.0,8649.0,2390.0,14327.0
2023-05-03,0.0,34300.0,6348.0,1717.0,15565.0
2023-05-04,0.0,25399.0,5645.0,1907.0,17544.0
2023-05-05,0.0,25441.0,5415.0,1814.0,21811.0
2023-05-06,0.0,25545.0,6390.0,1683.0,25108.0
2023-05-07,0.0,26467.0,6638.0,1772.0,28159.0
2023-05-08,0.0,31164.0,5738.0,1775.0,25869.0
2023-05-09,0.0,22668.0,4942.0,1803.0,20453.0
2023-05-10,0.0,21086.0,4797.0,1652.0,18507.0
2023-05-11,0.0,20447.0,4936.0,1689.0,16576.0
2023-05-12,0.0,21385.0,5296.0,1711.0,15619.0
2023-05-13,0.0,24141.0,6148.0,1785.0,17477.0
2023-05-14,0.0,26446.0,6951.0,1700.0,20230.0
2023-05-15,0.0,20153.0,5482.0,1595.0,17088.0
2023-05-16,0.0,19087.0,5045.0,1617.0,16646.0
2023-05-17,0.0,18595.0,4755.0,1715.0,20948.0
2023-05-18,0.0,16610.0,4756.0,1663.0,19721.0
2023-05-19,0.0,19513.0,5322.0,1611.0,18904.0
2023-05-20,0.0,18397.0,6364.0,1649.0,20369.0
2023-05-21,0.0,19490.0,9328.0,1912.0,21422.0
2023-05-22,0.0,16892.0,8838.0,1737.0,19935.0
2023-05-23,0.0,15685.0,8674.0,1641.0,16991.0
2023-05-24,0.0,16901.0,8596.0,1732.0,16125.0
2023-05-25,0.0,17750.0,7874.0,1966.0,16204.0
2023-05-26,0.0,19967.0,7837.0,1869.0,16616.0
2023-05-27,0.0,20109.0,10206.0,1905.0,18629.0
2023-05-28,0.0,25305.0,10436.0,1950.0,19918.0
2023-05-29,0.0,21196.0,9826.0,2077.0,19813.0
2023-05-30,0.0,18457.0,7487.0,1822.0,17078.0
2023-05-31,0.0,17676.0,6719.0,1784.0,14848.0
2023-06-01,0.0,16023.0,6566.0,1735.0,17134.0
2023-06-02,0.0,15917.0,6317.0,1928.0,14540.0
2023-06-03,0.0,18766.0,7277.0,2173.0,15538.0
2023-06-04,0.0,19079.0,7748.0,2146.0,17191.0
2023-06-05,0.0,16773.0,6141.0,2101.0,14659.0
2023-06-06,0.0,15660.0,5873.0,2116.0,14929.0
2023-06-07,0.0,15055.0,5849.0,1902.0,14628.0
2023-06-08,0.0,15418.0,5638.0,1646.0,13018.0
2023-06-09,0.0,16951.0,6201.0,1746.0,12861.0
2023-06-10,0.0,20092.0,7475.0,1803.0,14221.0
2023-06-11,0.0,20260.0,7819.0,1943.0,16581.0
2023-06-12,0.0,16802.0,6523.0,1842.0,13648.0
2023-06-13,0.0,15064.0,5598.0,1885.0,17448.0
2023-06-14,0.0,15587.0,5850.0,4578.0,18407.0
2023-06-15,0.0,17434.0,5697.0,2801.0,14794.0
2023-06-16,0.0,21565.0,5761.0,2506.0,14947.0
2023-06-17,0.0,18735.0,6706.0,2329.0,15862.0
2023-06-18,0.0,20561.0,6732.0,2258.0,17762.0
2023-06-19,0.0,19739.0,5880.0,2165.0,15572.0
2023-06-20,0.0,16713.0,5766.0,2390.0,17042.0
2023-06-21,0.0,17587.0,5649.0,2219.0,19908.0
2023-06-22,0.0,16434.0,5314.0,1925.0,16530.0
2023-06-23,0.0,17233.0,6168.0,1978.0,15750.0
2023-06-24,0.0,18452.0,6368.0,2075.0,15840.0
2023-06-25,0.0,20082.0,7021.0,2313.0,18299.0
2023-06-26,0.0,28707.0,6555.0,2161.0,15761.0
2023-06-27,0.0,23471.0,6621.0,2120.0,15152.0
2023-06-28,0.0,19221.0,6577.0,2038.0,14933.0
2023-06-29,0.0,17910.0,5318.0,2039.0,14319.0
2023-06-30,0.0,19254.0,5173.0,2055.0,13469.0
2023-07-01,0.0,18883.0,5833.0,2128.0,14379.0
2023-07-02,0.0,19936.0,7144.0,2340.0,15151.0
2023-07-03,0.0,18610.0,7971.0,2130.0,14938.0
2023-07-04,0.0,16538.0,6312.0,2190.0,15312.0
2023-07-05,0.0,14449.0,5308.0,2121.0,15579.0
2023-07-06,0.0,13446.0,5089.0,1982.0,15648.0
2023-07-07,0.0,15286.0,5787.0,2327.0,16085.0
2023-07-08,0.0,18032.0,7156.0,2324.0,17294.0
2023-07-09,0.0,22572.0,7235.0,2435.0,17715.0
2023-07-10,0.0,21368.0,11036.0,5414.0,15791.0
2023-07-11,0.0,19302.0,14824.0,6922.0,14650.0
2023-07-12,0.0,20652.0,13396.0,4772.0,14709.0
2023-07-13,0.0,20962.0,9806.0,3730.0,14417.0
2023-07-14,0.0,19294.0,8142.0,3384.0,15279.0
2023-07-15,0.0,20208.0,7853.0,3048.0,14757.0
2023-07-16,0.0,21272.0,12273.0,3155.0,15859.0
2023-07-17,0.0,19304.0,10152.0,2714.0,14020.0
2023-07-18,0.0,17797.0,7800.0,2721.0,12937.0
2023-07-19,0.0,17762.0,6724.0,2565.0,13123.0
2023-07-20,0.0,20049.0,7658.0,2396.0,12726.0
2023-07-21,0.0,20809.0,7263.0,2502.0,14433.0
2023-07-22,0.0,23136.0,7628.0,2870.0,14926.0
2023-07-23,0.0,22662.0,7328.0,2863.0,14914.0
2023-07-24,0.0,20732.0,6503.0,2206.0,13203.0
2023-07-25,0.0,21588.0,5918.0,2061.0,12717.0
2023-07-26,0.0,25772.0,5571.0,2153.0,17103.0
2023-07-27,0.0,22316.0,5704.0,2075.0,17895.0
2023-07-28,0.0,24014.0,5744.0,2163.0,15721.0
2023-07-29,0.0,22565.0,6211.0,2144.0,15495.0
2023-07-30,0.0,25743.0,8194.0,2363.0,16252.0
2023-07-31,0.0,21375.0,6627.0,2353.0,16059.0
2023-08-01,0.0,17435.0,5652.0,2157.0,13413.0
2023-08-02,0.0,16569.0,5382.0,2002.0,14768.0
2023-08-03,0.0,16338.0,5510.0,2098.0,16363.0
2023-08-04,0.0,18500.0,6926.0,2138.0,16662.0
2023-08-05,0.0,22685.0,9961.0,3157.0,17245.0
2023-08-06,0.0,22227.0,8999.0,2889.0,18981.0
2023-08-07,0.0,20446.0,8627.0,2378.0,17667.0
2023-08-08,0.0,18816.0,5864.0,2263.0,15302.0
2023-08-09,0.0,15952.0,4951.0,2094.0,14571.0
2023-08-10,0.0,15659.0,5041.0,1976.0,13693.0
2023-08-11,0.0,19452.0,5141.0,2008.0,13148.0
2023-08-12,0.0,20172.0,5937.0,2306.0,14638.0
2023-08-13,0.0,19880.0,6290.0,2297.0,17061.0
2023-08-14,0.0,17967.0,5882.0,2233.0,15043.0
2023-08-15,0.0,18001.0,5482.0,2201.0,13647.0
2023-08-16,0.0,16563.0,5050.0,2103.0,13014.0
2023-08-17,0.0,14959.0,5264.0,2097.0,11515.0
2023-08-18,0.0,17300.0,5391.0,2152.0,10864.0
2023-08-19,0.0,19497.0,5954.0,2079.0,13006.0
2023-08-20,0.0,19287.0,6668.0,2124.0,16219.0
2023-08-21,0.0,16477.0,6329.0,1893.0,13445.0
2023-08-22,0.0,17901.0,6330.0,2176.0,11701.0
2023-08-23,0.0,16645.0,5947.0,1966.0,11318.0
2023-08-24,0.0,19603.0,6379.0,1778.0,10280.0
2023-08-25,0.0,27832.0,5677.0,1895.0,9858.0
2023-08-26,0.0,34770.0,5885.0,2018.0,9786.0
2023-08-27,0.0,26793.0,6593.0,2039.0,11497.0
2023-08-28,0.0,20012.0,5458.0,2356.0,11645.0
2023-08-29,0.0,18744.0,5250.0,1917.0,11175.0
2023-08-30,0.0,15914.0,4914.0,1806.0,10365.0
2023-08-31,0.0,15640.0,4935.0,1819.0,9979.0
2023-09-01,0.0,16174.0,4815.0,1825.0,10690.0
2023-09-02,0.0,18385.0,5023.0,1831.0,12550.0
2023-09-03,0.0,20290.0,5568.0,1820.0,12607.0
2023-09-04,0.0,18630.0,5487.0,1772.0,11594.0
2023-09-05,0.0,15376.0,4765.0,1911.0,9984.0
2023-09-06,0.0,14149.0,4727.0,1553.0,10013.0
2023-09-07,0.0,15085.0,5738.0,1754.0,9359.0
2023-09-08,0.0,16812.0,5641.0,1638.0,9514.0
2023-09-09,0.0,19468.0,5722.0,1753.0,11183.0
2023-09-10,0.0,21512.0,5614.0,1997.0,13347.0
2023-09-11,0.0,18211.0,4972.0,1738.0,11464.0
2023-09-12,0.0,17435.0,4300.0,1636.0,10499.0
2023-09-13,0.0,20324.0,4299.0,1795.0,9994.0
2023-09-14,0.0,19865.0,4332.0,1859.0,9504.0
2023-09-15,0.0,20687.0,111761.0,1875.0,9785.0
2023-09-16,0.0,21690.0,175907.0,2032.0,10553.0
2023-09-17,0.0,23365.0,63163.0,1856.0,11750.0
2023-09-18,0.0,19424.0,39621.0,1836.0,11232.0
2023-09-19,0.0,18645.0,28712.0,1726.0,10331.0
2023-09-20,0.0,21411.0,22191.0,1623.0,10783.0
2023-09-21,0.0,19725.0,17498.0,1548.0,11113.0
2023-09-22,0.0,17415.0,14032.0,1663.0,10306.0
2023-09-23,0.0,19308.0,12233.0,1713.0,12662.0
2023-09-24,0.0,20438.0,13242.0,1828.0,12250.0
2023-09-25,0.0,17753.0,11541.0,1701.0,10564.0
2023-09-26,0.0,16939.0,13478.0,1649.0,9883.0
2023-09-27,0.0,15965.0,9921.0,1627.0,10348.0
2023-09-28,0.0,15713.0,8518.0,1576.0,10601.0
2023-09-29,0.0,17468.0,7918.0,1658.0,10839.0
2023-09-30,0.0,18536.0,7979.0,1735.0,13120.0
2023-10-01,0.0,23329.0,8738.0,1665.0,14158.0
2023-10-02,0.0,55456.0,21196.0,1779.0,12076.0
2023-10-03,0.0,27394.0,15381.0,1631.0,10822.0
2023-10-04,0.0,26033.0,14674.0,1622.0,10758.0
2023-10-05,0.0,21130.0,11744.0,1591.0,10814.0
2023-10-06,0.0,18710.0,12339.0,1620.0,13371.0
2023-10-07,0.0,18919.0,10586.0,1697.0,14519.0
2023-10-08,0.0,18489.0,10715.0,1577.0,14884.0
2023-10-09,0.0,16130.0,8934.0,1529.0,13234.0
2023-10-10,0.0,15439.0,7956.0,1489.0,11976.0
2023-10-11,0.0,15802.0,7573.0,1442.0,12108.0
2023-10-12,0.0,15704.0,11676.0,1693.0,11093.0
2023-10-13,0.0,16968.0,12045.0,1526.0,11398.0
2023-10-14,0.0,19449.0,11273.0,1725.0,12597.0
2023-10-15,0.0,19890.0,9616.0,1589.0,14156.0
2023-10-16,0.0,17636.0,11194.0,1653.0,12744.0
2023-10-17,0.0,18009.0,10144.0,1654.0,12071.0
2023-10-18,0.0,19006.0,8545.0,1774.0,12788.0
2023-10-19,0.0,20642.0,8210.0,1825.0,12816.0
2023-10-20,0.0,23205.0,8452.0,2065.0,13997.0
2023-10-21,0.0,23308.0,9013.0,2024.0,14243.0
2023-10-22,0.0,24406.0,9372.0,1870.0,14938.0
2023-10-23,0.0,24111.0,8177.0,1887.0,12709.0
2023-10-24,0.0,20547.0,7448.0,1985.0,12211.0
2023-10-25,0.0,20768.0,7583.0,1788.0,11935.0
2023-10-26,0.0,21112.0,7600.0,1943.0,13231.0
2023-10-27,0.0,20196.0,7647.0,1980.0,13780.0
2023-10-28,0.0,20192.0,7177.0,1885.0,15388.0
2023-10-29,0.0,20951.0,7954.0,2060.0,15699.0
2023-10-30,0.0,18562.0,7387.0,1868.0,14625.0
2023-10-31,0.0,14968.0,6449.0,1772.0,13534.0
2023-11-01,0.0,15152.0,6101.0,1712.0,15341.0
2023-11-02,0.0,17899.0,6237.0,1757.0,17384.0
2023-11-03,0.0,19156.0,6092.0,1688.0,22675.0
2023-11-04,0.0,21147.0,6787.0,1689.0,26032.0
2023-11-05,0.0,22206.0,7126.0,1845.0,20292.0
2023-11-06,0.0,15891.0,7379.0,1616.0,19334.0
2023-11-07,0.0,14194.0,7865.0,1654.0,21809.0
2023-11-08,0.0,18217.0,9184.0,1893.0,25196.0
2023-11-09,0.0,19082.0,7942.0,1853.0,22038.0
2023-11-10,0.0,20514.0,8187.0,2062.0,36742.0
2023-11-11,0.0,22549.0,10213.0,2125.0,33887.0
2023-11-12,0.0,21835.0,8559.0,2169.0,32029.0
2023-11-13,0.0,21227.0,7669.0,2049.0,30676.0
2023-11-14,0.0,16604.0,6701.0,1977.0,25700.0
2023-11-15,0.0,17575.0,8136.0,2097.0,23754.0
2023-11-16,0.0,19660.0,11439.0,1975.0,21761.0
2023-11-17,0.0,18888.0,9309.0,1933.0,19724.0
2023-11-18,0.0,21943.0,9575.0,2128.0,20993.0
2023-11-19,0.0,24198.0,9812.0,2115.0,21665.0
2023-11-20,0.0,20862.0,8382.0,2203.0,18883.0
2023-11-21,0.0,17536.0,7484.0,2024.0,16508.0
2023-11-22,0.0,17400.0,7160.0,1775.0,16962.0
2023-11-23,0.0,17823.0,7364.0,1847.0,16302.0
2023-11-24,0.0,17390.0,7327.0,1902.0,15834.0
2023-11-25,0.0,19202.0,7574.0,2245.0,16964.0
2023-11-26,0.0,20863.0,10348.0,2187.0,17379.0
2023-11-27,0.0,17124.0,11256.0,1982.0,15891.0
2023-11-28,0.0,15367.0,10374.0,1862.0,14936.0
2023-11-29,0.0,14640.0,16760.0,1885.0,14163.0
2023-11-30,0.0,14695.0,31725.0,1871.0,13069.0
2023-12-01,0.0,15436.0,25302.0,1999.0,12476.0
2023-12-02,0.0,18957.0,13150.0,2069.0,13488.0
2023-12-03,0.0,20955.0,13132.0,2200.0,13719.0
2023-12-04,0.0,19515.0,10131.0,1981.0,13157.0
2023-12-05,0.0,17823.0,9015.0,2026.0,11215.0
2023-12-06,0.0,16831.0,8197.0,1746.0,10433.0
2023-12-07,0.0,16222.0,7667.0,1772.0,8931.0
2023-12-08,0.0,18248.0,8061.0,2075.0,8826.0
2023-12-09,0.0,25912.0,19576.0,2002.0,14301.0
2023-12-10,0.0,25816.0,13181.0,2157.0,40619.0
2023-12-11,0.0,18376.0,10150.0,2024.0,31957.0
2023-12-12,0.0,14781.0,8528.0,2017.0,31505.0
2023-12-13,0.0,15752.0,9006.0,2121.0,30218.0
2023-12-14,0.0,23313.0,9038.0,2252.0,27944.0
2023-12-15,0.0,21873.0,9249.0,1998.0,21216.0
2023-12-16,0.0,20597.0,8538.0,1940.0,17922.0
2023-12-17,0.0,26829.0,9089.0,1996.0,18151.0
2023-12-18,0.0,26994.0,9921.0,1942.0,18812.0
2023-12-19,0.0,20319.0,8098.0,2894.0,19694.0
2023-12-20,0.0,18602.0,7979.0,2823.0,16434.0
2023-12-21,0.0,17596.0,8050.0,2503.0,23337.0
2023-12-22,0.0,17565.0,7561.0,2649.0,17964.0
2023-12-23,0.0,19885.0,8552.0,2375.0,13424.0
2023-12-24,0.0,20516.0,8993.0,2284.0,13520.0
2023-12-25,0.0,23889.0,10390.0,2084.0,13285.0
2023-12-26,0.0,21771.0,12230.0,2059.0,13680.0
2023-12-27,0.0,19150.0,13954.0,2094.0,13726.0
2023-12-28,0.0,18966.0,10151.0,2043.0,13827.0
2023-12-29,0.0,20038.0,9697.0,2013.0,13985.0
2023-12-30,0.0,21933.0,10218.0,2134.0,16100.0
2023-12-31,0.0,26594.0,10266.0,1994.0,14749.0
2024-01-01,0.0,23176.0,10874.0,2052.0,15169.0
2024-01-02,0.0,19801.0,9365.0,2230.0,15026.0
2024-01-03,0.0,18934.0,9019.0,2186.0,14038.0
2024-01-04,0.0,16303.0,8124.0,2089.0,13545.0
2024-01-05,0.0,16006.0,7658.0,2121.0,14419.0
2024-01-06,0.0,17415.0,7942.0,2290.0,17714.0
2024-01-07,0.0,22528.0,9029.0,2313.0,18707.0
2024-01-08,0.0,20891.0,7828.0,2185.0,17725.0
2024-01-09,0.0,18753.0,7009.0,2743.0,19355.0
2024-01-10,0.0,18854.0,7169.0,2132.0,24443.0
2024-01-11,0.0,18328.0,6208.0,2296.0,20576.0
2024-01-12,0.0,19545.0,6636.0,2266.0,18809.0
2024-01-13,0.0,23795.0,7709.0,2362.0,22872.0
2024-01-14,0.0,23224.0,10762.0,2353.0,23594.0
2024-01-15,0.0,21477.0,8784.0,2332.0,22418.0
2024-01-16,0.0,18519.0,7635.0,2250.0,25417.0
2024-01-17,0.0,16834.0,6122.0,2191.0,24547.0
2024-01-18,0.0,15951.0,5921.0,2339.0,25415.0
2024-01-19,0.0,18304.0,6439.0,2471.0,26904.0
2024-01-20,0.0,19391.0,8719.0,2444.0,29361.0
2024-01-21,0.0,22042.0,12930.0,2554.0,32004.0
2024-01-22,0.0,15813.0,9777.0,2223.0,24801.0
2024-01-23,0.0,14930.0,9219.0,2208.0,22790.0
2024-01-24,0.0,15463.0,9953.0,2037.0,20773.0
2024-01-25,0.0,15756.0,10098.0,2135.0,20570.0
2024-01-26,0.0,16120.0,9266.0,2249.0,12936.0
2024-01-27,0.0,18830.0,9327.0,3337.0,11056.0
2024-01-28,0.0,23443.0,10994.0,2770.0,11591.0
2024-01-29,0.0,18129.0,7676.0,2273.0,10747.0
2024-01-30,0.0,14706.0,7479.0,2405.0,10075.0
2024-01-31,0.0,13213.0,6739.0,2169.0,9501.0
2024-02-01,0.0,14148.0,8646.0,2180.0,10565.0
2024-02-02,0.0,13889.0,6356.0,2065.0,16232.0
2024-02-03,0.0,16434.0,8520.0,1972.0,14383.0
2024-02-04,0.0,21634.0,7895.0,2216.0,15798.0
2024-02-05,0.0,15464.0,8874.0,2078.0,12441.0
2024-02-06,0.0,15337.0,6961.0,2105.0,13284.0
2024-02-07,0.0,13905.0,6728.0,2514.0,17739.0
2024-02-08,0.0,13788.0,6536.0,2135.0,16351.0
2024-02-09,0.0,14481.0,6228.0,1927.0,16345.0
2024-02-10,0.0,16621.0,7257.0,2181.0,22663.0
2024-02-11,13724.0,29985.0,11185.0,2791.0,26455.0
2024-02-12,242061.0,114622.0,24766.0,7548.0,28598.0
2024-02-13,75708.0,49492.0,13578.0,4850.0,22294.0
2024-02-14,52643.0,35203.0,12938.0,4225.0,26634.0
2024-02-15,40839.0,27235.0,11047.0,4866.0,25733.0
2024-02-16,32978.0,23381.0,10422.0,4822.0,21327.0
2024-02-17,29368.0,23596.0,11540.0,4661.0,23716.0
2024-02-18,28414.0,26015.0,11916.0,4445.0,26357.0
2024-02-19,25017.0,22225.0,9590.0,4497.0,21613.0
2024-02-20,20060.0,17990.0,8152.0,4128.0,17440.0
2024-02-21,19564.0,20204.0,9922.0,3733.0,16803.0
2024-02-22,18436.0,17673.0,7861.0,3612.0,16922.0
2024-02-23,16081.0,16917.0,8204.0,3305.0,15285.0
2024-02-24,15341.0,21595.0,8183.0,3402.0,17418.0
2024-02-25,17363.0,21519.0,8990.0,3404.0,18259.0
2024-02-26,16145.0,19003.0,7017.0,2989.0,11429.0
2024-02-27,14696.0,16518.0,6841.0,2776.0,10240.0
2024-02-28,14294.0,14855.0,6307.0,2789.0,9839.0
2024-02-29,16454.0,14694.0,6530.0,2490.0,9055.0
2024-03-01,15652.0,15024.0,6594.0,2582.0,8492.0
2024-03-02,18807.0,16235.0,7541.0,2706.0,10628.0
2024-03-03,20069.0,19102.0,8516.0,2893.0,16052.0
2024-03-04,16386.0,16070.0,6912.0,2704.0,13158.0
2024-03-05,13876.0,14912.0,8211.0,2688.0,12245.0
2024-03-06,13942.0,14411.0,6670.0,2516.0,12175.0
2024-03-07,13687.0,13244.0,5846.0,2375.0,11722.0
2024-03-08,12074.0,14033.0,5603.0,2117.0,11851.0
2024-03-09,14196.0,16153.0,6395.0,2209.0,15002.0
2024-03-10,15447.0,20893.0,7356.0,2316.0,15551.0
2024-03-11,12676.0,25558.0,8253.0,2096.0,12523.0
2024-03-12,11287.0,17356.0,6406.0,1985.0,9930.0
2024-03-13,11527.0,15620.0,6342.0,2148.0,9750.0
2024-03-14,11782.0,14733.0,5872.0,2241.0,11212.0
2024-03-15,11934.0,14290.0,6348.0,2313.0,11362.0
2024-03-16,13895.0,17475.0,7998.0,2524.0,12758.0
2024-03-17,14589.0,18687.0,7609.0,2683.0,13886.0
2024-03-18,12209.0,13948.0,7717.0,2551.0,12457.0
2024-03-19,11079.0,12553.0,6517.0,2513.0,11580.0
2024-03-20,10713.0,12129.0,5928.0,3377.0,11290.0
2024-03-21,10518.0,11918.0,6364.0,3842.0,10993.0
2024-03-22,10437.0,11910.0,6335.0,3703.0,10273.0
2024-03-23,12072.0,17423.0,7052.0,3661.0,11521.0
2024-03-24,15806.0,17656.0,6988.0,3971.0,12403.0
2024-03-25,15133.0,15050.0,6098.0,3767.0,10238.0
2024-03-26,11815.0,13585.0,5837.0,3233.0,8983.0
2024-03-27,11104.0,13157.0,5302.0,3607.0,8657.0
2024-03-28,11526.0,14642.0,5486.0,4140.0,9684.0
2024-03-29,12723.0,17373.0,5984.0,3574.0,10216.0
2024-03-30,12208.0,15227.0,6158.0,3836.0,11861.0
2024-03-31,13596.0,16114.0,6547.0,3842.0,13089.0
2024-04-01,13405.0,16787.0,6072.0,3503.0,10754.0
2024-04-02,12387.0,14592.0,4987.0,3057.0,9591.0
2024-04-03,11323.0,14563.0,5133.0,3348.0,9920.0
2024-04-04,11216.0,15097.0,5326.0,3062.0,10322.0
2024-04-05,10489.0,12879.0,6090.0,3528.0,9612.0
2024-04-06,10133.0,13689.0,8021.0,2711.0,9018.0
2024-04-07,10471.0,14424.0,7893.0,2742.0,9667.0
2024-04-08,10984.0,11664.0,6447.0,2453.0,9004.0
2024-04-09,11112.0,11276.0,6528.0,2471.0,8336.0
2024-04-10,12571.0,11906.0,5796.0,2725.0,8492.0
2024-04-11,12999.0,12812.0,5655.0,3084.0,9061.0
2024-04-12,17968.0,16240.0,6004.0,2887.0,11276.0
2024-04-13,17466.0,21082.0,7270.0,3636.0,10408.0
2024-04-14,15839.0,23179.0,6405.0,4922.0,12028.0
2024-04-15,15009.0,16185.0,6297.0,4878.0,9030.0
2024-04-16,13289.0,13107.0,5500.0,2490.0,8549.0
2024-04-17,12614.0,13684.0,6194.0,3144.0,8839.0
2024-04-18,11538.0,16475.0,5663.0,2557.0,8771.0
2024-04-19,12584.0,15488.0,5853.0,2651.0,9129.0
2024-04-20,12386.0,15124.0,6689.0,3209.0,9654.0
2024-04-21,17709.0,16820.0,9067.0,3895.0,10332.0
2024-04-22,142781.0,19073.0,18661.0,6405.0,13123.0
2024-04-23,107350.0,19097.0,20540.0,6946.0,11876.0
2024-04-24,53613.0,15768.0,14862.0,6571.0,11717.0
2024-04-25,35757.0,14881.0,12038.0,6145.0,10180.0
2024-04-26,29410.0,15847.0,10932.0,5053.0,10181.0
2024-04-27,24950.0,18554.0,12117.0,4538.0,9999.0
2024-04-28,24586.0,30174.0,11277.0,4877.0,10456.0
2024-04-29,22342.0,20315.0,8990.0,4065.0,9987.0
2024-04-30,18752.0,20568.0,15159.0,3794.0,9721.0
2024-05-01,20218.0,17515.0,13848.0,4011.0,9700.0
2024-05-02,18932.0,19598.0,10875.0,3961.0,9340.0
2024-05-03,19508.0,21372.0,12137.0,4174.0,10186.0
2024-05-04,18661.0,21362.0,10909.0,3785.0,10451.0
2024-05-05,18851.0,23315.0,11412.0,3831.0,11096.0
2024-05-06,18558.0,21367.0,10582.0,3448.0,9509.0
2024-05-07,17063.0,18408.0,9847.0,3413.0,10280.0
2024-05-08,15995.0,16427.0,9529.0,5032.0,10030.0
2024-05-09,15652.0,16236.0,9500.0,5118.0,9351.0
2024-05-10,14287.0,17415.0,8987.0,3948.0,9730.0
2024-05-11,14042.0,17140.0,9457.0,3617.0,9000.0
2024-05-12,14890.0,19190.0,11559.0,3616.0,10101.0
2024-05-13,14069.0,29402.0,8891.0,3624.0,9541.0
2024-05-14,13120.0,25884.0,7307.0,3078.0,30535.0
2024-05-15,13932.0,20728.0,7318.0,3382.0,21875.0
2024-05-16,13425.0,19843.0,6370.0,3573.0,11136.0
2024-05-17,14408.0,20783.0,6889.0,3004.0,8874.0
2024-05-18,14798.0,19953.0,7384.0,3123.0,9145.0
2024-05-19,18192.0,23045.0,7828.0,3225.0,10424.0
2024-05-20,29574.0,25242.0,8062.0,3296.0,9850.0
2024-05-21,27534.0,27491.0,9027.0,3478.0,10027.0
2024-05-22,23126.0,19444.0,8241.0,2892.0,10220.0
2024-05-23,21756.0,17327.0,7808.0,2753.0,9413.0
2024-05-24,20275.0,17950.0,7705.0,2717.0,9050.0
2024-05-25,16918.0,19689.0,8815.0,2443.0,9571.0
2024-05-26,18777.0,21360.0,11281.0,2892.0,10453.0
2024-05-27,18154.0,20218.0,12221.0,2770.0,11432.0
2024-05-28,16867.0,18068.0,10150.0,2594.0,10165.0
2024-05-29,15221.0,24172.0,9637.0,2446.0,9119.0
2024-05-30,16186.0,19940.0,10434.0,2415.0,8688.0
2024-05-31,16042.0,19701.0,9711.0,2532.0,8442.0
2024-06-01,16653.0,22422.0,9665.0,2478.0,8698.0
2024-06-02,16456.0,24476.0,9651.0,2399.0,9551.0
2024-06-03,16961.0,18660.0,8054.0,2263.0,9690.0
2024-06-04,16312.0,15639.0,6960.0,2249.0,8864.0
2024-06-05,16603.0,14737.0,6554.0,2130.0,8848.0
2024-06-06,14812.0,13762.0,6304.0,2060.0,8031.0
2024-06-07,15391.0,14588.0,7045.0,1973.0,7823.0
2024-06-08,20637.0,16502.0,8295.0,2064.0,8308.0
2024-06-09,22500.0,16967.0,9175.0,2133.0,9394.0
2024-06-10,23049.0,24305.0,8319.0,2146.0,9147.0
2024-06-11,19213.0,20294.0,6187.0,1902.0,8748.0
2024-06-12,16834.0,15074.0,6009.0,1896.0,8668.0
2024-06-13,18372.0,16250.0,7525.0,2011.0,8928.0
2024-06-14,16976.0,15855.0,5917.0,1889.0,8635.0
2024-06-15,17128.0,16338.0,6760.0,1673.0,9219.0
2024-06-16,17342.0,18998.0,9618.0,1951.0,10198.0
2024-06-17,16695.0,15305.0,6512.0,1908.0,9455.0
2024-06-18,16535.0,14041.0,6480.0,1820.0,8262.0
2024-06-19,15432.0,13725.0,6229.0,1734.0,7815.0
2024-06-20,15331.0,13014.0,5628.0,1715.0,7447.0
2024-06-21,16690.0,14120.0,5570.0,1666.0,7514.0
2024-06-22,19897.0,14999.0,6260.0,1854.0,8290.0
2024-06-23,19247.0,16794.0,6432.0,1817.0,9350.0
2024-06-24,19122.0,13616.0,6024.0,1884.0,8461.0
2024-06-25,18325.0,13464.0,5304.0,1730.0,8362.0
2024-06-26,19331.0,12010.0,5921.0,1811.0,8330.0
2024-06-27,16340.0,11954.0,6203.0,1708.0,8496.0
2024-06-28,30580.0,11793.0,6262.0,1945.0,8860.0
2024-06-29,28827.0,14178.0,7494.0,2258.0,8572.0
2024-06-30,24840.0,15902.0,8388.0,2247.0,9122.0
2024-07-01,24276.0,19680.0,8407.0,2328.0,9854.0
2024-07-02,23550.0,16136.0,7200.0,2143.0,8025.0
2024-07-03,26549.0,14095.0,8907.0,2436.0,8552.0
2024-07-04,24461.0,13591.0,8246.0,2123.0,8327.0
2024-07-05,23602.0,14114.0,9040.0,2015.0,8511.0
2024-07-06,24082.0,19105.0,12729.0,2257.0,8630.0
2024-07-07,27205.0,22977.0,10577.0,2403.0,9760.0
2024-07-08,30026.0,17730.0,8411.0,2200.0,10464.0
2024-07-09,35724.0,16904.0,7596.0,2022.0,10363.0
2024-07-10,35652.0,17875.0,7191.0,2115.0,8729.0
2024-07-11,38286.0,25319.0,12668.0,2189.0,8247.0
2024-07-12,46816.0,24178.0,12537.0,2292.0,15796.0
2024-07-13,44905.0,25465.0,14875.0,2449.0,13991.0
2024-07-14,35119.0,23119.0,10794.0,2428.0,10707.0
2024-07-15,36796.0,20464.0,10269.0,2340.0,10367.0
2024-07-16,42690.0,18420.0,9179.0,2356.0,9770.0
2024-07-17,45837.0,20347.0,9535.0,2527.0,9993.0
2024-07-18,41912.0,19520.0,10621.0,2555.0,10449.0
2024-07-19,82723.0,22778.0,16479.0,3575.0,10327.0
2024-07-20,74137.0,25990.0,18741.0,4007.0,11145.0
2024-07-21,81309.0,29879.0,16678.0,4204.0,12432.0
2024-07-22,95787.0,41800.0,20167.0,3958.0,13066.0
2024-07-23,255155.0,66585.0,46033.0,5368.0,13723.0
2024-07-24,459122.0,61684.0,51801.0,8328.0,15497.0
2024-07-25,542496.0,85670.0,93749.0,9973.0,18673.0
2024-07-26,704254.0,96327.0,106653.0,13585.0,24355.0
2024-07-27,682830.0,112158.0,109163.0,16763.0,27211.0
2024-07-28,727240.0,122225.0,104906.0,19349.0,112047.0
2024-07-29,600434.0,103562.0,87949.0,17678.0,52841.0
2024-07-30,477654.0,88466.0,68530.0,16064.0,35343.0
2024-07-31,421118.0,79832.0,65782.0,16141.0,29208.0
2024-08-01,356053.0,70773.0,53044.0,15032.0,25619.0
2024-08-02,396570.0,67775.0,51362.0,14491.0,24264.0
2024-08-03,462407.0,75293.0,60319.0,16283.0,25058.0
2024-08-04,512085.0,83108.0,66708.0,17350.0,25520.0
2024-08-05,438502.0,67590.0,52853.0,15171.0,21626.0
2024-08-06,327170.0,63819.0,44855.0,13113.0,19116.0
2024-08-07,282017.0,75346.0,46974.0,12318.0,18229.0
2024-08-08,279856.0,84694.0,51868.0,12219.0,16596.0
2024-08-09,298584.0,101886.0,43615.0,12127.0,16186.0
2024-08-10,302262.0,89298.0,43052.0,12196.0,21581.0
2024-08-11,405380.0,85795.0,41885.0,13151.0,22434.0
2024-08-12,316708.0,71187.0,35397.0,12202.0,19193.0
2024-08-13,256671.0,64316.0,29562.0,10935.0,16600.0
2024-08-14,229226.0,65846.0,28264.0,9913.0,16410.0
2024-08-15,216387.0,64214.0,25142.0,8756.0,14825.0
2024-08-16,221532.0,65675.0,24451.0,8956.0,14208.0
2024-08-17,212163.0,67511.0,30689.0,9589.0,15104.0
2024-08-18,221201.0,62406.0,29865.0,10386.0,16013.0
2024-08-19,203949.0,53418.0,25160.0,8992.0,15048.0
2024-08-20,154315.0,43602.0,21135.0,7372.0,13350.0
2024-08-21,118482.0,41882.0,21494.0,6876.0,12734.0
2024-08-22,105099.0,33930.0,22168.0,6336.0,11984.0
2024-08-23,120351.0,32561.0,19310.0,6524.0,11880.0
2024-08-24,181460.0,36434.0,20977.0,5985.0,13280.0
2024-08-25,202544.0,37620.0,20953.0,6585.0,13504.0
2024-08-26,153756.0,31790.0,22170.0,6030.0,13301.0
2024-08-27,122471.0,26660.0,19589.0,5578.0,11673.0
2024-08-28,120190.0,26193.0,17535.0,5287.0,11368.0
2024-08-29,111047.0,26238.0,15375.0,4901.0,10405.0
2024-08-30,114774.0,25688.0,21757.0,4648.0,10551.0
2024-08-31,130072.0,25827.0,18398.0,4638.0,11325.0
2024-09-01,157448.0,27572.0,26373.0,4709.0,12476.0
2024-09-02,135968.0,26534.0,19638.0,4743.0,11570.0
2024-09-03,107953.0,22083.0,13322.0,4217.0,10257.0
2024-09-04,88377.0,19016.0,11590.0,3581.0,9275.0
2024-09-05,84990.0,19853.0,12757.0,3670.0,9029.0
2024-09-06,86919.0,19485.0,13658.0,3470.0,8915.0
2024-09-07,108055.0,21625.0,15484.0,3798.0,9352.0
2024-09-08,116645.0,25299.0,14023.0,3979.0,9812.0
2024-09-09,89441.0,18260.0,10353.0,3562.0,9027.0
2024-09-10,75585.0,15760.0,9364.0,3083.0,9030.0
2024-09-11,68066.0,14725.0,8985.0,2813.0,8398.0
2024-09-12,60913.0,15251.0,8808.0,3107.0,8920.0
2024-09-13,71299.0,15447.0,8645.0,3053.0,8960.0
2024-09-14,88914.0,15846.0,9824.0,3169.0,9497.0
2024-09-15,94918.0,21429.0,10154.0,3926.0,10012.0
2024-09-16,76152.0,18806.0,8669.0,2857.0,9265.0
2024-09-17,66085.0,15632.0,7981.0,2642.0,9110.0
2024-09-18,63291.0,14954.0,7996.0,2860.0,8871.0
2024-09-19,59649.0,14157.0,7605.0,2872.0,10831.0
2024-09-20,65698.0,14907.0,8133.0,2724.0,9900.0
2024-09-21,85763.0,17022.0,8419.0,2977.0,10350.0
2024-09-22,84600.0,19239.0,8771.0,2969.0,10473.0
2024-09-23,63196.0,15477.0,7476.0,2672.0,14465.0
2024-09-24,54283.0,15130.0,6956.0,2409.0,13187.0
2024-09-25,55443.0,14771.0,6746.0,2429.0,10716.0
2024-09-26,50426.0,14375.0,6990.0,2219.0,9628.0
2024-09-27,50526.0,15450.0,7099.0,2227.0,8948.0
2024-09-28,58775.0,16171.0,7494.0,2441.0,9409.0
2024-09-29,68593.0,18074.0,8874.0,2549.0,9193.0
2024-09-30,60747.0,14527.0,6949.0,2340.0,12569.0
2024-10-01,90257.0,15256.0,8664.0,2677.0,11195.0
2024-10-02,87405.0,15610.0,9723.0,2857.0,9047.0
2024-10-03,74700.0,15335.0,10031.0,2764.0,9108.0
2024-10-04,78806.0,16219.0,13103.0,2963.0,9182.0
2024-10-05,98752.0,18776.0,15800.0,3098.0,9849.0
2024-10-06,98391.0,19176.0,13723.0,3155.0,10096.0
2024-10-07,64740.0,14355.0,10341.0,2637.0,8660.0
2024-10-08,54716.0,13489.0,10474.0,2289.0,7966.0
2024-10-09,51442.0,17842.0,13971.0,2319.0,7843.0
2024-10-10,47056.0,14539.0,9322.0,2186.0,8389.0
2024-10-11,52597.0,13847.0,9982.0,2291.0,8510.0
2024-10-12,68271.0,18476.0,15601.0,2511.0,9355.0
2024-10-13,71920.0,18654.0,16965.0,2766.0,9839.0
2024-10-14,55262.0,15748.0,11998.0,2502.0,9239.0
2024-10-15,45917.0,14174.0,10363.0,2269.0,8587.0
2024-10-16,41258.0,13620.0,8643.0,2061.0,8143.0
2024-10-17,39290.0,10832.0,8360.0,1979.0,9026.0
2024-10-18,42461.0,11970.0,8188.0,2145.0,8995.0
2024-10-19,47930.0,14073.0,10273.0,2318.0,9866.0
2024-10-20,53938.0,15772.0,10297.0,2464.0,12621.0
2024-10-21,42295.0,22034.0,7178.0,2039.0,9217.0
2024-10-22,38151.0,12863.0,6506.0,2042.0,10485.0
2024-10-23,37959.0,15812.0,6621.0,1957.0,12134.0
2024-10-24,33338.0,13984.0,18784.0,2014.0,10806.0
