date,2021_Suez_Canal_obstruction,Ever_Given,Suez_Canal,Container_ship,Supply_chain
2019-10-28,0.0,0.0,2782.0,728.0,1012.0
2019-10-29,0.0,0.0,3067.0,766.0,980.0
2019-10-30,0.0,0.0,3114.0,808.0,1033.0
2019-10-31,0.0,0.0,2733.0,673.0,977.0
2019-11-01,0.0,0.0,2674.0,672.0,790.0
2019-11-02,0.0,0.0,2725.0,595.0,669.0
2019-11-03,0.0,0.0,3194.0,614.0,749.0
2019-11-04,0.0,0.0,3368.0,828.0,1033.0
2019-11-05,0.0,0.0,2935.0,835.0,1126.0
2019-11-06,0.0,0.0,2835.0,788.0,1098.0
2019-11-07,0.0,0.0,2871.0,745.0,1028.0
2019-11-08,0.0,0.0,2528.0,715.0,963.0
2019-11-09,0.0,0.0,2492.0,593.0,648.0
2019-11-10,0.0,0.0,2593.0,606.0,651.0
2019-11-11,0.0,0.0,3702.0,828.0,1130.0
2019-11-12,0.0,0.0,3522.0,892.0,1392.0
2019-11-13,0.0,0.0,3489.0,778.0,1459.0
2019-11-14,0.0,0.0,3158.0,857.0,1342.0
2019-11-15,0.0,0.0,3066.0,712.0,909.0
2019-11-16,0.0,0.0,3284.0,546.0,618.0
2019-11-17,0.0,0.0,7733.0,687.0,777.0
2019-11-18,0.0,0.0,5281.0,830.0,1056.0
2019-11-19,0.0,0.0,4061.0,860.0,1140.0
2019-11-20,0.0,0.0,4005.0,896.0,1190.0
2019-11-21,0.0,0.0,3718.0,753.0,1052.0
2019-11-22,0.0,0.0,3587.0,654.0,966.0
2019-11-23,0.0,0.0,3570.0,530.0,623.0
2019-11-24,0.0,0.0,3927.0,695.0,695.0
2019-11-25,0.0,0.0,3805.0,814.0,1029.0
2019-11-26,0.0,0.0,3555.0,830.0,1109.0
2019-11-27,0.0,0.0,3322.0,729.0,957.0
2019-11-28,0.0,0.0,3510.0,693.0,953.0
2019-11-29,0.0,0.0,3023.0,708.0,824.0
2019-11-30,0.0,0.0,3185.0,585.0,579.0
2019-12-01,0.0,0.0,3653.0,692.0,637.0
2019-12-02,0.0,0.0,3637.0,825.0,1106.0
2019-12-03,0.0,0.0,3558.0,793.0,1326.0
2019-12-04,0.0,0.0,3245.0,768.0,1221.0
2019-12-05,0.0,0.0,3452.0,699.0,1072.0
2019-12-06,0.0,0.0,3115.0,658.0,844.0
2019-12-07,0.0,0.0,2850.0,544.0,631.0
2019-12-08,0.0,0.0,3047.0,592.0,682.0
2019-12-09,0.0,0.0,3350.0,765.0,1002.0
2019-12-10,0.0,0.0,3290.0,799.0,1057.0
2019-12-11,0.0,0.0,3367.0,857.0,1015.0
2019-12-12,0.0,0.0,3126.0,722.0,931.0
2019-12-13,0.0,0.0,2917.0,658.0,833.0
2019-12-14,0.0,0.0,3067.0,566.0,546.0
2019-12-15,0.0,0.0,4083.0,582.0,575.0
2019-12-16,0.0,0.0,3736.0,707.0,892.0
2019-12-17,0.0,0.0,3558.0,795.0,1127.0
2019-12-18,0.0,0.0,3034.0,744.0,1126.0
2019-12-19,0.0,0.0,2731.0,657.0,841.0
2019-12-20,0.0,0.0,2325.0,565.0,675.0
2019-12-21,0.0,0.0,2414.0,463.0,377.0
2019-12-22,0.0,0.0,2364.0,443.0,420.0
2019-12-23,0.0,0.0,2492.0,566.0,523.0
2019-12-24,0.0,0.0,2447.0,511.0,492.0
2019-12-25,0.0,0.0,2465.0,446.0,377.0
2019-12-26,0.0,0.0,2795.0,554.0,539.0
2019-12-27,0.0,0.0,2913.0,656.0,527.0
2019-12-28,0.0,0.0,2795.0,519.0,425.0
2019-12-29,0.0,0.0,3031.0,514.0,357.0
2019-12-30,0.0,0.0,3186.0,594.0,592.0
2019-12-31,0.0,0.0,2789.0,552.0,476.0
2020-01-01,0.0,0.0,3095.0,522.0,443.0
2020-01-02,0.0,0.0,3348.0,736.0,679.0
2020-01-03,0.0,0.0,3949.0,700.0,618.0
2020-01-04,0.0,0.0,3882.0,544.0,440.0
2020-01-05,0.0,0.0,3729.0,625.0,478.0
2020-01-06,0.0,0.0,3799.0,648.0,950.0
2020-01-07,0.0,0.0,3870.0,742.0,978.0
2020-01-08,0.0,0.0,4364.0,737.0,1022.0
2020-01-09,0.0,0.0,4028.0,788.0,1019.0
2020-01-10,0.0,0.0,3428.0,767.0,866.0
2020-01-11,0.0,0.0,3212.0,570.0,507.0
2020-01-12,0.0,0.0,3482.0,686.0,585.0
2020-01-13,0.0,0.0,3474.0,727.0,1098.0
2020-01-14,0.0,0.0,3324.0,841.0,1042.0
2020-01-15,0.0,0.0,3423.0,849.0,1048.0
2020-01-16,0.0,0.0,3682.0,799.0,1072.0
2020-01-17,0.0,0.0,3254.0,714.0,919.0
2020-01-18,0.0,0.0,3081.0,574.0,629.0
2020-01-19,0.0,0.0,3325.0,633.0,645.0
2020-01-20,0.0,0.0,3261.0,810.0,1051.0
2020-01-21,0.0,0.0,3442.0,765.0,1139.0
2020-01-22,0.0,0.0,3193.0,830.0,1238.0
2020-01-23,0.0,0.0,3307.0,699.0,1095.0
2020-01-24,0.0,0.0,3094.0,673.0,958.0
2020-01-25,0.0,0.0,2791.0,578.0,652.0
2020-01-26,0.0,0.0,3102.0,571.0,655.0
2020-01-27,0.0,0.0,3275.0,751.0,1091.0
2020-01-28,0.0,0.0,3285.0,682.0,1131.0
2020-01-29,0.0,0.0,3369.0,846.0,1158.0
2020-01-30,0.0,0.0,3006.0,735.0,1188.0
2020-01-31,0.0,0.0,2652.0,679.0,855.0
2020-02-01,0.0,0.0,2602.0,541.0,545.0
2020-02-02,0.0,0.0,2954.0,654.0,654.0
2020-02-03,0.0,0.0,2813.0,729.0,1109.0
2020-02-04,0.0,0.0,2932.0,762.0,1189.0
2020-02-05,0.0,0.0,2857.0,814.0,1172.0
2020-02-06,0.0,0.0,3276.0,881.0,1156.0
2020-02-07,0.0,0.0,2818.0,701.0,1112.0
2020-02-08,0.0,0.0,2450.0,604.0,674.0
2020-02-09,0.0,0.0,2990.0,733.0,674.0
2020-02-10,0.0,0.0,3025.0,812.0,1213.0
2020-02-11,0.0,0.0,2894.0,894.0,1209.0
2020-02-12,0.0,0.0,2951.0,852.0,1184.0
2020-02-13,0.0,0.0,2896.0,893.0,1172.0
2020-02-14,0.0,0.0,2525.0,721.0,970.0
2020-02-15,0.0,0.0,2411.0,619.0,620.0
2020-02-16,0.0,0.0,2987.0,722.0,709.0
2020-02-17,0.0,0.0,3556.0,834.0,1151.0
2020-02-18,0.0,0.0,3385.0,828.0,1309.0
2020-02-19,0.0,0.0,3380.0,869.0,1579.0
2020-02-20,0.0,0.0,2916.0,871.0,1204.0
2020-02-21,0.0,0.0,3010.0,778.0,819.0
2020-02-22,0.0,0.0,2383.0,647.0,683.0
2020-02-23,0.0,0.0,2544.0,700.0,766.0
2020-02-24,0.0,0.0,3145.0,768.0,1179.0
2020-02-25,0.0,0.0,3457.0,899.0,1195.0
2020-02-26,0.0,0.0,2917.0,811.0,1249.0
2020-02-27,0.0,0.0,2813.0,949.0,1233.0
2020-02-28,0.0,0.0,2650.0,803.0,1115.0
2020-02-29,0.0,0.0,2455.0,589.0,735.0
2020-03-01,0.0,0.0,2501.0,717.0,768.0
2020-03-02,0.0,0.0,2904.0,771.0,1098.0
2020-03-03,0.0,0.0,2600.0,876.0,1186.0
2020-03-04,0.0,0.0,2831.0,889.0,1199.0
2020-03-05,0.0,0.0,2685.0,887.0,1151.0
2020-03-06,0.0,0.0,2462.0,773.0,1087.0
2020-03-07,0.0,0.0,2192.0,627.0,731.0
2020-03-08,0.0,0.0,2686.0,684.0,766.0
2020-03-09,0.0,0.0,3042.0,936.0,1067.0
2020-03-10,0.0,0.0,2700.0,895.0,1050.0
2020-03-11,0.0,0.0,2570.0,812.0,1164.0
2020-03-12,0.0,0.0,2444.0,805.0,1168.0
2020-03-13,0.0,0.0,2057.0,600.0,946.0
2020-03-14,0.0,0.0,2123.0,493.0,697.0
2020-03-15,0.0,0.0,2367.0,599.0,676.0
2020-03-16,0.0,0.0,2340.0,694.0,1031.0
2020-03-17,0.0,0.0,2147.0,667.0,1101.0
2020-03-18,0.0,0.0,2355.0,722.0,1103.0
2020-03-19,0.0,0.0,2401.0,624.0,1078.0
2020-03-20,0.0,0.0,2327.0,624.0,1131.0
2020-03-21,0.0,0.0,2455.0,553.0,853.0
2020-03-22,0.0,0.0,2623.0,694.0,866.0
2020-03-23,0.0,0.0,2593.0,738.0,1282.0
2020-03-24,0.0,0.0,3121.0,697.0,1175.0
2020-03-25,0.0,0.0,2868.0,707.0,1191.0
2020-03-26,0.0,0.0,3222.0,680.0,1138.0
2020-03-27,0.0,0.0,2921.0,699.0,1007.0
2020-03-28,0.0,0.0,3222.0,638.0,704.0
2020-03-29,0.0,0.0,3608.0,757.0,865.0
2020-03-30,0.0,0.0,3411.0,849.0,1133.0
2020-03-31,0.0,0.0,3384.0,849.0,1204.0
2020-04-01,0.0,0.0,3254.0,825.0,1180.0
2020-04-02,0.0,0.0,3457.0,1363.0,1095.0
2020-04-03,0.0,0.0,3222.0,1299.0,973.0
2020-04-04,0.0,0.0,3212.0,758.0,788.0
2020-04-05,0.0,0.0,3526.0,738.0,802.0
2020-04-06,0.0,0.0,4151.0,878.0,1155.0
2020-04-07,0.0,0.0,4296.0,897.0,1178.0
2020-04-08,0.0,0.0,3666.0,910.0,1119.0
2020-04-09,0.0,0.0,3967.0,1324.0,1011.0
2020-04-10,0.0,0.0,4029.0,839.0,997.0
2020-04-11,0.0,0.0,3960.0,752.0,772.0
2020-04-12,0.0,0.0,4255.0,759.0,692.0
2020-04-13,0.0,0.0,4026.0,787.0,1039.0
2020-04-14,0.0,0.0,3784.0,876.0,1046.0
2020-04-15,0.0,0.0,3626.0,881.0,1125.0
2020-04-16,0.0,0.0,3484.0,1089.0,1248.0
2020-04-17,0.0,0.0,3497.0,907.0,1174.0
2020-04-18,0.0,0.0,3663.0,767.0,848.0
2020-04-19,0.0,0.0,4457.0,760.0,854.0
2020-04-20,0.0,0.0,4062.0,933.0,1211.0
2020-04-21,0.0,0.0,3673.0,993.0,1207.0
2020-04-22,0.0,0.0,3698.0,989.0,1187.0
2020-04-23,0.0,0.0,3556.0,1041.0,1191.0
2020-04-24,0.0,0.0,3700.0,905.0,1066.0
2020-04-25,0.0,0.0,4378.0,875.0,775.0
2020-04-26,0.0,0.0,4523.0,1177.0,944.0
2020-04-27,0.0,0.0,4246.0,1033.0,1437.0
2020-04-28,0.0,0.0,4063.0,1070.0,1196.0
2020-04-29,0.0,0.0,3772.0,1014.0,1105.0
2020-04-30,0.0,0.0,3580.0,1024.0,973.0
2020-05-01,0.0,0.0,3390.0,857.0,823.0
2020-05-02,0.0,0.0,3756.0,844.0,708.0
2020-05-03,0.0,0.0,4003.0,889.0,742.0
2020-05-04,0.0,0.0,3709.0,1037.0,1080.0
2020-05-05,0.0,0.0,3686.0,1014.0,1139.0
2020-05-06,0.0,0.0,3589.0,919.0,1107.0
2020-05-07,0.0,0.0,3404.0,1001.0,1015.0
2020-05-08,0.0,0.0,3365.0,895.0,891.0
2020-05-09,0.0,0.0,3308.0,762.0,702.0
2020-05-10,0.0,0.0,3747.0,789.0,680.0
2020-05-11,0.0,0.0,3746.0,951.0,984.0
2020-05-12,0.0,0.0,3556.0,973.0,1292.0
2020-05-13,0.0,0.0,3317.0,1036.0,1217.0
2020-05-14,0.0,0.0,3227.0,960.0,1133.0
2020-05-15,0.0,0.0,3145.0,831.0,1049.0
2020-05-16,0.0,0.0,3172.0,741.0,773.0
2020-05-17,0.0,0.0,3295.0,924.0,790.0
2020-05-18,0.0,0.0,3521.0,842.0,1106.0
2020-05-19,0.0,0.0,3570.0,817.0,993.0
2020-05-20,0.0,0.0,3071.0,963.0,900.0
2020-05-21,0.0,0.0,3122.0,899.0,897.0
2020-05-22,0.0,0.0,3044.0,791.0,799.0
2020-05-23,0.0,0.0,3037.0,694.0,567.0
2020-05-24,0.0,0.0,3071.0,750.0,578.0
2020-05-25,0.0,0.0,3830.0,997.0,796.0
2020-05-26,0.0,0.0,3281.0,1037.0,966.0
2020-05-27,0.0,0.0,2964.0,1033.0,1013.0
2020-05-28,0.0,0.0,2995.0,922.0,971.0
2020-05-29,0.0,0.0,2951.0,773.0,832.0
2020-05-30,0.0,0.0,2610.0,710.0,717.0
2020-05-31,0.0,0.0,2852.0,755.0,681.0
2020-06-01,0.0,0.0,3137.0,835.0,835.0
2020-06-02,0.0,0.0,2528.0,820.0,866.0
2020-06-03,0.0,0.0,2524.0,986.0,905.0
2020-06-04,0.0,0.0,2529.0,885.0,995.0
2020-06-05,0.0,0.0,2824.0,822.0,907.0
2020-06-06,0.0,0.0,2655.0,678.0,622.0
2020-06-07,0.0,0.0,3216.0,933.0,648.0
2020-06-08,0.0,0.0,2888.0,941.0,930.0
2020-06-09,0.0,0.0,2766.0,888.0,971.0
2020-06-10,0.0,0.0,2571.0,938.0,967.0
2020-06-11,0.0,0.0,2667.0,852.0,959.0
2020-06-12,0.0,0.0,2404.0,781.0,822.0
2020-06-13,0.0,0.0,2512.0,671.0,592.0
2020-06-14,0.0,0.0,2868.0,1194.0,634.0
2020-06-15,0.0,0.0,2938.0,1291.0,904.0
2020-06-16,0.0,0.0,2491.0,1085.0,875.0
2020-06-17,0.0,0.0,2376.0,963.0,795.0
2020-06-18,0.0,0.0,2596.0,953.0,876.0
2020-06-19,0.0,0.0,2350.0,899.0,727.0
2020-06-20,0.0,0.0,2645.0,733.0,621.0
2020-06-21,0.0,0.0,2903.0,755.0,552.0
2020-06-22,0.0,0.0,2798.0,837.0,935.0
2020-06-23,0.0,0.0,2552.0,811.0,880.0
2020-06-24,0.0,0.0,2598.0,797.0,889.0
2020-06-25,0.0,0.0,2397.0,769.0,816.0
2020-06-26,0.0,0.0,2330.0,715.0,737.0
2020-06-27,0.0,0.0,2761.0,722.0,515.0
2020-06-28,0.0,0.0,2725.0,797.0,562.0
2020-06-29,0.0,0.0,2461.0,815.0,774.0
2020-06-30,0.0,0.0,2123.0,838.0,698.0
2020-07-01,0.0,0.0,2260.0,881.0,794.0
2020-07-02,0.0,0.0,2197.0,847.0,747.0
2020-07-03,0.0,0.0,2085.0,748.0,553.0
2020-07-04,0.0,0.0,2414.0,651.0,466.0
2020-07-05,0.0,0.0,2555.0,684.0,476.0
2020-07-06,0.0,0.0,2595.0,811.0,681.0
2020-07-07,0.0,0.0,2473.0,849.0,730.0
2020-07-08,0.0,0.0,2351.0,786.0,695.0
2020-07-09,0.0,0.0,2327.0,807.0,638.0
2020-07-10,0.0,0.0,2483.0,729.0,661.0
2020-07-11,0.0,0.0,2347.0,652.0,409.0
2020-07-12,0.0,0.0,2471.0,673.0,472.0
2020-07-13,0.0,0.0,2435.0,825.0,653.0
2020-07-14,0.0,0.0,2441.0,760.0,718.0
2020-07-15,0.0,0.0,2568.0,841.0,741.0
2020-07-16,0.0,0.0,2676.0,948.0,695.0
2020-07-17,0.0,0.0,2454.0,829.0,566.0
2020-07-18,0.0,0.0,2597.0,726.0,425.0
2020-07-19,0.0,0.0,2733.0,718.0,496.0
2020-07-20,0.0,0.0,2798.0,815.0,782.0
2020-07-21,0.0,0.0,7689.0,889.0,779.0
2020-07-22,0.0,0.0,2844.0,872.0,762.0
2020-07-23,0.0,0.0,2663.0,900.0,761.0
2020-07-24,0.0,0.0,2593.0,784.0,732.0
2020-07-25,0.0,0.0,2685.0,815.0,440.0
2020-07-26,0.0,0.0,2962.0,774.0,602.0
2020-07-27,0.0,0.0,2756.0,886.0,743.0
2020-07-28,0.0,0.0,2581.0,916.0,791.0
2020-07-29,0.0,0.0,2474.0,886.0,752.0
2020-07-30,0.0,0.0,2301.0,829.0,780.0
2020-07-31,0.0,0.0,2181.0,738.0,536.0
2020-08-01,0.0,0.0,2147.0,678.0,409.0
2020-08-02,0.0,0.0,2697.0,808.0,444.0
2020-08-03,0.0,0.0,2497.0,836.0,659.0
2020-08-04,0.0,0.0,2896.0,1020.0,823.0
2020-08-05,0.0,0.0,3443.0,1141.0,752.0
2020-08-06,0.0,0.0,3927.0,1043.0,753.0
2020-08-07,0.0,0.0,2909.0,893.0,598.0
2020-08-08,0.0,0.0,2951.0,847.0,451.0
2020-08-09,0.0,0.0,2989.0,828.0,550.0
2020-08-10,0.0,0.0,2852.0,794.0,714.0
2020-08-11,0.0,0.0,2752.0,839.0,694.0
2020-08-12,0.0,0.0,2503.0,909.0,765.0
2020-08-13,0.0,0.0,2719.0,958.0,810.0
2020-08-14,0.0,0.0,2690.0,864.0,630.0
2020-08-15,0.0,0.0,2583.0,867.0,492.0
2020-08-16,0.0,0.0,3233.0,953.0,551.0
2020-08-17,0.0,0.0,3351.0,1029.0,798.0
2020-08-18,0.0,0.0,2885.0,1010.0,860.0
2020-08-19,0.0,0.0,2759.0,975.0,713.0
2020-08-20,0.0,0.0,2536.0,912.0,771.0
2020-08-21,0.0,0.0,2660.0,904.0,748.0
2020-08-22,0.0,0.0,2504.0,828.0,492.0
2020-08-23,0.0,0.0,2857.0,881.0,536.0
2020-08-24,0.0,0.0,2740.0,1542.0,883.0
2020-08-25,0.0,0.0,2663.0,877.0,902.0
2020-08-26,0.0,0.0,2602.0,909.0,835.0
2020-08-27,0.0,0.0,2561.0,881.0,794.0
2020-08-28,0.0,0.0,2522.0,850.0,718.0
2020-08-29,0.0,0.0,2523.0,752.0,495.0
2020-08-30,0.0,0.0,2636.0,723.0,521.0
2020-08-31,0.0,0.0,2999.0,827.0,807.0
2020-09-01,0.0,0.0,2822.0,939.0,802.0
2020-09-02,0.0,0.0,2933.0,848.0,841.0
2020-09-03,0.0,0.0,2797.0,1058.0,838.0
2020-09-04,0.0,0.0,2687.0,986.0,760.0
2020-09-05,0.0,0.0,2496.0,796.0,481.0
2020-09-06,0.0,0.0,2927.0,826.0,611.0
2020-09-07,0.0,0.0,3035.0,1066.0,885.0
2020-09-08,0.0,0.0,2664.0,998.0,968.0
2020-09-09,0.0,0.0,2707.0,1102.0,919.0
2020-09-10,0.0,0.0,2834.0,1038.0,921.0
2020-09-11,0.0,0.0,2581.0,981.0,871.0
2020-09-12,0.0,0.0,2619.0,828.0,492.0
2020-09-13,0.0,0.0,2651.0,915.0,589.0
2020-09-14,0.0,0.0,2915.0,1013.0,929.0
2020-09-15,0.0,0.0,3042.0,952.0,946.0
2020-09-16,0.0,0.0,3251.0,1067.0,971.0
2020-09-17,0.0,0.0,3055.0,1020.0,1017.0
2020-09-18,0.0,0.0,2828.0,965.0,1008.0
2020-09-19,0.0,0.0,2313.0,750.0,713.0
2020-09-20,0.0,0.0,2525.0,836.0,769.0
2020-09-21,0.0,0.0,2789.0,1008.0,1273.0
2020-09-22,0.0,0.0,2846.0,914.0,1330.0
2020-09-23,0.0,0.0,2764.0,976.0,1299.0
2020-09-24,0.0,0.0,2796.0,1028.0,1266.0
2020-09-25,0.0,0.0,2659.0,890.0,935.0
2020-09-26,0.0,0.0,2437.0,735.0,588.0
2020-09-27,0.0,0.0,2606.0,732.0,530.0
2020-09-28,0.0,0.0,2906.0,933.0,916.0
2020-09-29,0.0,0.0,2977.0,996.0,918.0
2020-09-30,0.0,0.0,2784.0,931.0,819.0
2020-10-01,0.0,0.0,3051.0,865.0,737.0
2020-10-02,0.0,0.0,2935.0,767.0,634.0
2020-10-03,0.0,0.0,3159.0,665.0,508.0
2020-10-04,0.0,0.0,4217.0,758.0,513.0
2020-10-05,0.0,0.0,5253.0,862.0,842.0
2020-10-06,0.0,0.0,5566.0,963.0,905.0
2020-10-07,0.0,0.0,5351.0,949.0,1365.0
2020-10-08,0.0,0.0,5219.0,948.0,942.0
2020-10-09,0.0,0.0,3505.0,815.0,878.0
2020-10-10,0.0,0.0,3146.0,775.0,585.0
2020-10-11,0.0,0.0,3121.0,797.0,736.0
2020-10-12,0.0,0.0,3434.0,910.0,1035.0
2020-10-13,0.0,0.0,3252.0,975.0,1009.0
2020-10-14,0.0,0.0,3241.0,976.0,1041.0
2020-10-15,0.0,0.0,3075.0,957.0,943.0
2020-10-16,0.0,0.0,2973.0,934.0,780.0
2020-10-17,0.0,0.0,2512.0,708.0,592.0
2020-10-18,0.0,0.0,2936.0,831.0,653.0
2020-10-19,0.0,0.0,3142.0,890.0,1081.0
2020-10-20,0.0,0.0,3289.0,919.0,962.0
2020-10-21,0.0,0.0,3156.0,879.0,1121.0
2020-10-22,0.0,0.0,3015.0,942.0,1025.0
2020-10-23,0.0,0.0,2691.0,804.0,965.0
2020-10-24,0.0,0.0,2578.0,666.0,709.0
2020-10-25,0.0,0.0,2783.0,801.0,807.0
2020-10-26,0.0,0.0,2775.0,983.0,1048.0
2020-10-27,0.0,0.0,2817.0,1043.0,1334.0
2020-10-28,0.0,0.0,2804.0,959.0,1173.0
2020-10-29,0.0,0.0,2977.0,870.0,1386.0
2020-10-30,0.0,0.0,2624.0,811.0,1148.0
2020-10-31,0.0,0.0,2751.0,685.0,808.0
2020-11-01,0.0,0.0,2681.0,596.0,891.0
2020-11-02,0.0,0.0,3038.0,784.0,1316.0
2020-11-03,0.0,0.0,2811.0,816.0,1354.0
2020-11-04,0.0,0.0,2364.0,713.0,1920.0
2020-11-05,0.0,0.0,2693.0,827.0,1469.0
2020-11-06,0.0,0.0,2321.0,677.0,984.0
2020-11-07,0.0,0.0,2332.0,640.0,660.0
2020-11-08,0.0,0.0,2594.0,683.0,661.0
2020-11-09,0.0,0.0,2954.0,864.0,1101.0
2020-11-10,0.0,0.0,3002.0,916.0,1045.0
2020-11-11,0.0,0.0,2922.0,930.0,1014.0
2020-11-12,0.0,0.0,3116.0,827.0,977.0
2020-11-13,0.0,0.0,2867.0,810.0,712.0
2020-11-14,0.0,0.0,2893.0,730.0,495.0
2020-11-15,0.0,0.0,3978.0,709.0,549.0
2020-11-16,0.0,0.0,4317.0,938.0,886.0
2020-11-17,0.0,0.0,6911.0,1001.0,946.0
2020-11-18,0.0,0.0,5189.0,988.0,955.0
2020-11-19,0.0,0.0,5135.0,1040.0,902.0
2020-11-20,0.0,0.0,4946.0,894.0,762.0
2020-11-21,0.0,0.0,5654.0,715.0,656.0
2020-11-22,0.0,0.0,6870.0,791.0,697.0
2020-11-23,0.0,0.0,6555.0,1084.0,1021.0
2020-11-24,0.0,0.0,5809.0,1002.0,1012.0
2020-11-25,0.0,0.0,5778.0,1054.0,917.0
2020-11-26,0.0,0.0,5665.0,810.0,1041.0
2020-11-27,0.0,0.0,5604.0,893.0,719.0
2020-11-28,0.0,0.0,6216.0,755.0,694.0
2020-11-29,0.0,0.0,6861.0,721.0,597.0
2020-11-30,0.0,0.0,6007.0,939.0,996.0
2020-12-01,0.0,0.0,5136.0,984.0,899.0
2020-12-02,0.0,0.0,5070.0,905.0,880.0
2020-12-03,0.0,0.0,5070.0,1037.0,862.0
2020-12-04,0.0,0.0,4905.0,1159.0,800.0
2020-12-05,0.0,0.0,5079.0,819.0,569.0
2020-12-06,0.0,0.0,5328.0,896.0,602.0
2020-12-07,0.0,0.0,5001.0,1739.0,937.0
2020-12-08,0.0,0.0,4789.0,1398.0,947.0
2020-12-09,0.0,0.0,4678.0,1352.0,891.0
2020-12-10,0.0,0.0,4513.0,1131.0,929.0
2020-12-11,0.0,0.0,3914.0,1215.0,850.0
2020-12-12,0.0,0.0,4141.0,792.0,558.0
2020-12-13,0.0,0.0,4844.0,826.0,539.0
2020-12-14,0.0,0.0,4741.0,945.0,969.0
2020-12-15,0.0,0.0,4224.0,938.0,910.0
2020-12-16,0.0,0.0,3943.0,1010.0,938.0
2020-12-17,0.0,0.0,3674.0,968.0,823.0
2020-12-18,0.0,0.0,3380.0,866.0,774.0
2020-12-19,0.0,0.0,3437.0,632.0,591.0
2020-12-20,0.0,0.0,3553.0,664.0,637.0
2020-12-21,0.0,0.0,3591.0,785.0,824.0
2020-12-22,0.0,0.0,3569.0,774.0,633.0
2020-12-23,0.0,0.0,3614.0,728.0,628.0
2020-12-24,0.0,0.0,3230.0,691.0,586.0
2020-12-25,0.0,0.0,3068.0,582.0,344.0
2020-12-26,0.0,0.0,3638.0,679.0,473.0
2020-12-27,0.0,0.0,4240.0,679.0,441.0
2020-12-28,0.0,0.0,4275.0,792.0,602.0
2020-12-29,0.0,0.0,4012.0,891.0,616.0
2020-12-30,0.0,0.0,3822.0,820.0,681.0
2020-12-31,0.0,0.0,3587.0,756.0,488.0
2021-01-01,0.0,0.0,3736.0,597.0,412.0
2021-01-02,0.0,0.0,4609.0,773.0,452.0
2021-01-03,0.0,0.0,4968.0,719.0,530.0
2021-01-04,0.0,0.0,4192.0,852.0,802.0
2021-01-05,0.0,0.0,3898.0,936.0,900.0
2021-01-06,0.0,0.0,3800.0,859.0,834.0
2021-01-07,0.0,0.0,3327.0,846.0,838.0
2021-01-08,0.0,0.0,4086.0,811.0,781.0
2021-01-09,0.0,0.0,3668.0,627.0,567.0
2021-01-10,0.0,0.0,4100.0,783.0,658.0
2021-01-11,0.0,0.0,3822.0,881.0,828.0
2021-01-12,0.0,0.0,3600.0,877.0,903.0
2021-01-13,0.0,0.0,3676.0,864.0,855.0
2021-01-14,0.0,0.0,3671.0,848.0,950.0
2021-01-15,0.0,0.0,3660.0,830.0,668.0
2021-01-16,0.0,0.0,3695.0,767.0,415.0
2021-01-17,0.0,0.0,3895.0,751.0,459.0
2021-01-18,0.0,0.0,3720.0,865.0,794.0
2021-01-19,0.0,0.0,3388.0,913.0,785.0
2021-01-20,0.0,0.0,3134.0,844.0,751.0
2021-01-21,0.0,0.0,3160.0,961.0,718.0
2021-01-22,0.0,0.0,3248.0,953.0,709.0
2021-01-23,0.0,0.0,3156.0,896.0,547.0
2021-01-24,0.0,0.0,3643.0,941.0,581.0
2021-01-25,0.0,0.0,3403.0,1105.0,717.0
2021-01-26,0.0,0.0,3359.0,1002.0,753.0
2021-01-27,0.0,0.0,3071.0,954.0,835.0
2021-01-28,0.0,0.0,3058.0,862.0,764.0
2021-01-29,0.0,0.0,2934.0,762.0,917.0
2021-01-30,0.0,0.0,2885.0,742.0,494.0
2021-01-31,0.0,0.0,3127.0,849.0,510.0
2021-02-01,0.0,0.0,3071.0,1029.0,763.0
2021-02-02,0.0,0.0,3149.0,972.0,752.0
2021-02-03,0.0,0.0,3065.0,936.0,879.0
2021-02-04,0.0,0.0,3027.0,1008.0,832.0
2021-02-05,0.0,0.0,3224.0,934.0,728.0
2021-02-06,0.0,0.0,2920.0,759.0,523.0
2021-02-07,0.0,0.0,3233.0,753.0,504.0
2021-02-08,0.0,0.0,3016.0,925.0,829.0
2021-02-09,0.0,0.0,2984.0,958.0,696.0
2021-02-10,0.0,0.0,3059.0,893.0,775.0
2021-02-11,0.0,0.0,3055.0,928.0,750.0
2021-02-12,0.0,0.0,2916.0,759.0,673.0
2021-02-13,0.0,0.0,2635.0,812.0,502.0
2021-02-14,0.0,0.0,2989.0,775.0,456.0
2021-02-15,0.0,0.0,3179.0,910.0,765.0
2021-02-16,0.0,0.0,3066.0,861.0,829.0
2021-02-17,0.0,0.0,3664.0,996.0,818.0
2021-02-18,0.0,0.0,3008.0,981.0,959.0
2021-02-19,0.0,0.0,2883.0,990.0,805.0
2021-02-20,0.0,0.0,2867.0,716.0,557.0
2021-02-21,0.0,0.0,3274.0,834.0,636.0
2021-02-22,0.0,0.0,3186.0,884.0,970.0
2021-02-23,0.0,0.0,3062.0,897.0,1005.0
2021-02-24,0.0,0.0,3112.0,932.0,1018.0
2021-02-25,0.0,0.0,3177.0,917.0,1058.0
2021-02-26,0.0,0.0,2874.0,817.0,938.0
2021-02-27,0.0,0.0,2639.0,762.0,662.0
2021-02-28,0.0,0.0,3350.0,859.0,646.0
2021-03-01,0.0,0.0,3347.0,978.0,960.0
2021-03-02,0.0,0.0,3596.0,1021.0,1026.0
2021-03-03,0.0,0.0,3724.0,925.0,996.0
2021-03-04,0.0,0.0,3626.0,1002.0,940.0
2021-03-05,0.0,0.0,3340.0,880.0,880.0
2021-03-06,0.0,0.0,3199.0,788.0,606.0
2021-03-07,0.0,0.0,3389.0,846.0,613.0
2021-03-08,0.0,0.0,3498.0,927.0,917.0
2021-03-09,0.0,0.0,4127.0,902.0,921.0
2021-03-10,0.0,0.0,3697.0,998.0,972.0
2021-03-11,0.0,0.0,3653.0,914.0,926.0
2021-03-12,0.0,0.0,3437.0,920.0,669.0
2021-03-13,0.0,0.0,3665.0,809.0,515.0
2021-03-14,0.0,0.0,4666.0,755.0,553.0
2021-03-15,0.0,0.0,4156.0,973.0,754.0
2021-03-16,0.0,0.0,3917.0,939.0,845.0
2021-03-17,0.0,0.0,3949.0,971.0,796.0
2021-03-18,0.0,0.0,3617.0,1095.0,899.0
2021-03-19,0.0,0.0,3338.0,830.0,736.0
2021-03-20,0.0,0.0,3430.0,828.0,532.0
2021-03-21,0.0,0.0,3871.0,841.0,532.0
2021-03-22,0.0,0.0,3686.0,974.0,870.0
2021-03-23,0.0,0.0,10370.0,1242.0,804.0
2021-03-24,0.0,127778.0,245649.0,9825.0,785.0
2021-03-25,39584.0,162370.0,326573.0,12657.0,815.0
2021-03-26,141408.0,250209.0,440655.0,17178.0,686.0
2021-03-27,130560.0,258944.0,462907.0,17544.0,466.0
2021-03-28,126629.0,279364.0,447188.0,17428.0,472.0
2021-03-29,150343.0,395217.0,630004.0,24424.0,663.0
2021-03-30,60584.0,176281.0,295723.0,12459.0,787.0
2021-03-31,34617.0,76797.0,130911.0,6573.0,725.0
2021-04-01,25335.0,48723.0,78991.0,4695.0,665.0
2021-04-02,22761.0,39634.0,63840.0,3894.0,559.0
2021-04-03,15554.0,28536.0,54329.0,3256.0,550.0
2021-04-04,15137.0,24226.0,47163.0,2924.0,416.0
2021-04-05,12753.0,18519.0,31908.0,2545.0,643.0
2021-04-06,10221.0,13651.0,28375.0,2195.0,769.0
2021-04-07,8213.0,10707.0,21454.0,1994.0,726.0
2021-04-08,6695.0,9147.0,17706.0,1800.0,724.0
2021-04-09,5130.0,7832.0,14226.0,1464.0,564.0
2021-04-10,4262.0,7935.0,13398.0,1373.0,565.0
2021-04-11,4905.0,11471.0,14561.0,1561.0,421.0
2021-04-12,5589.0,11409.0,13245.0,1807.0,719.0
2021-04-13,6638.0,16269.0,15061.0,2162.0,683.0
2021-04-14,7316.0,23178.0,20996.0,2842.0,739.0
2021-04-15,4781.0,10561.0,12257.0,1793.0,783.0
2021-04-16,3827.0,6265.0,9527.0,1316.0,632.0
2021-04-17,3077.0,4652.0,8701.0,1053.0,461.0
2021-04-18,3087.0,4291.0,8659.0,1160.0,526.0
2021-04-19,3381.0,4430.0,8521.0,1213.0,759.0
2021-04-20,3181.0,3932.0,7661.0,1200.0,740.0
2021-04-21,2923.0,3671.0,7289.0,1220.0,796.0
2021-04-22,3207.0,4065.0,7224.0,1183.0,838.0
2021-04-23,2828.0,3691.0,6661.0,1079.0,628.0
2021-04-24,2241.0,3084.0,6640.0,804.0,447.0
2021-04-25,2251.0,2841.0,7685.0,861.0,460.0
2021-04-26,2749.0,2714.0,6596.0,1653.0,759.0
2021-04-27,2626.0,2611.0,5844.0,1314.0,639.0
2021-04-28,2456.0,2492.0,5986.0,1173.0,691.0
2021-04-29,2431.0,2562.0,5611.0,1070.0,648.0
2021-04-30,2360.0,2328.0,4849.0,1047.0,551.0
2021-05-01,2023.0,2324.0,4588.0,829.0,372.0
2021-05-02,1903.0,2180.0,4772.0,835.0,433.0
2021-05-03,2469.0,2282.0,4967.0,1006.0,691.0
2021-05-04,2258.0,2137.0,4672.0,996.0,652.0
2021-05-05,2013.0,1986.0,4572.0,981.0,642.0
2021-05-06,2016.0,1704.0,4627.0,914.0,654.0
2021-05-07,2019.0,1624.0,3914.0,856.0,644.0
2021-05-08,1556.0,1464.0,3968.0,794.0,477.0
2021-05-09,1603.0,1469.0,4221.0,691.0,455.0
2021-05-10,1832.0,1664.0,4424.0,1056.0,701.0
2021-05-11,2110.0,1981.0,5149.0,906.0,699.0
2021-05-12,1828.0,1889.0,5756.0,955.0,745.0
2021-05-13,1774.0,1782.0,20288.0,822.0,596.0
2021-05-14,1485.0,1347.0,19318.0,797.0,527.0
2021-05-15,1231.0,1292.0,6133.0,705.0,466.0
2021-05-16,1682.0,1599.0,6435.0,808.0,464.0
2021-05-17,1993.0,2024.0,6069.0,997.0,687.0
2021-05-18,1931.0,1741.0,5150.0,1077.0,655.0
2021-05-19,1755.0,1403.0,5046.0,965.0,685.0
2021-05-20,1797.0,1357.0,5003.0,1001.0,693.0
2021-05-21,1619.0,1880.0,4399.0,1026.0,569.0
2021-05-22,1265.0,1344.0,4037.0,797.0,435.0
2021-05-23,1552.0,1986.0,4900.0,880.0,466.0
2021-05-24,1906.0,2037.0,4555.0,1001.0,672.0
2021-05-25,1754.0,1631.0,4394.0,1124.0,672.0
2021-05-26,1623.0,1464.0,4015.0,1192.0,609.0
2021-05-27,1643.0,1401.0,3772.0,1091.0,696.0
2021-05-28,1705.0,1423.0,3859.0,977.0,594.0
2021-05-29,1580.0,1426.0,4045.0,880.0,485.0
2021-05-30,1442.0,1403.0,3990.0,885.0,489.0
2021-05-31,1617.0,1626.0,4124.0,1120.0,557.0
2021-06-01,1549.0,1425.0,3926.0,1042.0,648.0
2021-06-02,1562.0,1385.0,3460.0,1096.0,692.0
2021-06-03,1729.0,1433.0,3540.0,1667.0,666.0
2021-06-04,1471.0,1331.0,3337.0,1655.0,631.0
2021-06-05,1236.0,1178.0,3279.0,1094.0,491.0
2021-06-06,1254.0,1156.0,3353.0,1074.0,479.0
2021-06-07,1580.0,1248.0,3441.0,1201.0,629.0
2021-06-08,1296.0,1074.0,3402.0,1137.0,782.0
2021-06-09,1273.0,1156.0,3177.0,917.0,736.0
2021-06-10,1267.0,954.0,3127.0,971.0,594.0
2021-06-11,1201.0,932.0,2887.0,838.0,626.0
2021-06-12,1141.0,1107.0,2881.0,811.0,404.0
2021-06-13,1243.0,1144.0,3327.0,809.0,488.0
2021-06-14,1199.0,1035.0,3530.0,1045.0,680.0
2021-06-15,1355.0,1175.0,3221.0,1062.0,699.0
2021-06-16,1270.0,1264.0,2937.0,1090.0,655.0
2021-06-17,1245.0,1152.0,2844.0,1127.0,601.0
2021-06-18,1146.0,1045.0,2798.0,1002.0,526.0
2021-06-19,1002.0,958.0,2559.0,736.0,391.0
2021-06-20,1311.0,1149.0,2880.0,865.0,372.0
2021-06-21,1320.0,1240.0,2965.0,932.0,622.0
