date,Grand_Theft_Auto_VI,Rockstar_Games,Grand_Theft_Auto_V,Grand_Theft_Auto,Take-Two_Interactive
2022-07-11,40.0,2705.0,4853.0,4184.0,1285.0
2022-07-12,40.0,2515.0,4046.0,4042.0,1137.0
2022-07-13,36.0,2718.0,5029.0,4145.0,1116.0
2022-07-14,39.0,2538.0,4654.0,4128.0,1066.0
2022-07-15,35.0,2540.0,4258.0,4164.0,1143.0
2022-07-16,42.0,2322.0,4075.0,4135.0,1055.0
2022-07-17,42.0,2597.0,4889.0,4666.0,1034.0
2022-07-18,63.0,2449.0,4745.0,4092.0,1094.0
2022-07-19,38.0,2325.0,3969.0,3914.0,1169.0
2022-07-20,39.0,2265.0,3989.0,3906.0,1056.0
2022-07-21,42.0,2436.0,4148.0,4042.0,1071.0
2022-07-22,31.0,2520.0,5205.0,4170.0,1090.0
2022-07-23,41.0,2396.0,4834.0,4251.0,1029.0
2022-07-24,38.0,2553.0,4512.0,4574.0,992.0
2022-07-25,38.0,2602.0,4513.0,4440.0,1105.0
2022-07-26,51.0,2535.0,4302.0,4139.0,1081.0
2022-07-27,106.0,4232.0,7623.0,7046.0,1602.0
2022-07-28,118.0,4426.0,9213.0,7698.0,1661.0
2022-07-29,84.0,3528.0,7606.0,6142.0,1427.0
2022-07-30,53.0,3033.0,7063.0,5626.0,1004.0
2022-07-31,63.0,2934.0,6992.0,5369.0,1058.0
2022-08-01,63.0,2940.0,6600.0,5078.0,1235.0
2022-08-02,57.0,2688.0,5523.0,4562.0,1207.0
2022-08-03,55.0,2544.0,4874.0,4388.0,1221.0
2022-08-04,47.0,2674.0,5402.0,4445.0,1200.0
2022-08-05,36.0,2475.0,6347.0,4326.0,1137.0
2022-08-06,42.0,2507.0,6087.0,4582.0,1042.0
2022-08-07,37.0,2477.0,6237.0,4711.0,917.0
2022-08-08,55.0,2630.0,5878.0,4432.0,1395.0
2022-08-09,26.0,2803.0,5529.0,4707.0,1740.0
2022-08-10,47.0,2654.0,4766.0,4380.0,1487.0
2022-08-11,51.0,2607.0,4607.0,4191.0,1181.0
2022-08-12,39.0,2493.0,4422.0,4466.0,1198.0
2022-08-13,60.0,2315.0,4689.0,4429.0,1035.0
2022-08-14,34.0,2329.0,4718.0,4553.0,1000.0
2022-08-15,92.0,2550.0,4867.0,4248.0,1518.0
2022-08-16,40.0,2495.0,5599.0,3982.0,1587.0
2022-08-17,39.0,2288.0,5538.0,4076.0,1173.0
2022-08-18,36.0,2564.0,5687.0,4099.0,1327.0
2022-08-19,46.0,2321.0,5596.0,4193.0,1107.0
2022-08-20,36.0,2001.0,4786.0,4184.0,1000.0
2022-08-21,40.0,2526.0,4873.0,4692.0,1073.0
2022-08-22,30.0,2362.0,4487.0,4222.0,1125.0
2022-08-23,60.0,2639.0,4576.0,4284.0,1277.0
2022-08-24,47.0,2299.0,4426.0,4116.0,1094.0
2022-08-25,56.0,2286.0,4313.0,3889.0,1107.0
2022-08-26,36.0,2474.0,4391.0,4058.0,1487.0
2022-08-27,46.0,2267.0,4506.0,4263.0,1005.0
2022-08-28,79.0,2311.0,4909.0,4776.0,1002.0
2022-08-29,52.0,2168.0,4246.0,4070.0,1172.0
2022-08-30,40.0,2198.0,4249.0,4015.0,1117.0
2022-08-31,37.0,2217.0,4032.0,4144.0,1085.0
2022-09-01,29.0,2073.0,3960.0,3914.0,1005.0
2022-09-02,35.0,2386.0,4050.0,4101.0,951.0
2022-09-03,32.0,2232.0,4403.0,4138.0,1006.0
2022-09-04,29.0,2384.0,4419.0,4283.0,978.0
2022-09-05,29.0,2490.0,4847.0,4102.0,1125.0
2022-09-06,27.0,2507.0,5252.0,3969.0,1094.0
2022-09-07,31.0,2570.0,5584.0,3842.0,1134.0
2022-09-08,35.0,2770.0,5450.0,3987.0,1185.0
2022-09-09,38.0,2745.0,5208.0,3810.0,1081.0
2022-09-10,38.0,2606.0,5374.0,3995.0,963.0
2022-09-11,41.0,2714.0,5594.0,4203.0,942.0
2022-09-12,41.0,2456.0,5101.0,3752.0,1018.0
2022-09-13,35.0,2394.0,4887.0,3552.0,1092.0
2022-09-14,47.0,2466.0,5343.0,3614.0,1050.0
2022-09-15,23.0,2305.0,4929.0,3480.0,964.0
2022-09-16,37.0,2703.0,5272.0,3673.0,1085.0
2022-09-17,30.0,2535.0,6356.0,4184.0,850.0
2022-09-18,458.0,8644.0,19570.0,15016.0,4006.0
2022-09-19,600.0,15222.0,24319.0,20585.0,8055.0
2022-09-20,462.0,9267.0,13548.0,11587.0,4772.0
2022-09-21,556.0,5680.0,8838.0,7297.0,2895.0
2022-09-22,98.0,4369.0,6832.0,5862.0,2004.0
2022-09-23,86.0,4578.0,6502.0,5839.0,1850.0
2022-09-24,70.0,4915.0,6804.0,5880.0,1799.0
2022-09-25,60.0,3926.0,6785.0,5861.0,1490.0
2022-09-26,68.0,3771.0,6861.0,5112.0,1460.0
2022-09-27,63.0,3269.0,6465.0,4663.0,1445.0
2022-09-28,54.0,3037.0,5752.0,4520.0,1245.0
2022-09-29,55.0,2942.0,5167.0,4680.0,1273.0
2022-09-30,35.0,2856.0,5122.0,4315.0,1202.0
2022-10-01,43.0,2728.0,5128.0,4531.0,963.0
2022-10-02,54.0,2652.0,5149.0,4576.0,1010.0
2022-10-03,37.0,2689.0,4504.0,4261.0,1110.0
2022-10-04,40.0,2726.0,4647.0,4008.0,1085.0
2022-10-05,52.0,2651.0,4711.0,4005.0,1012.0
2022-10-06,49.0,2687.0,5377.0,3776.0,1216.0
2022-10-07,39.0,2747.0,5281.0,3821.0,1038.0
2022-10-08,30.0,2752.0,5483.0,3953.0,832.0
2022-10-09,30.0,2742.0,5667.0,4237.0,873.0
2022-10-10,37.0,2636.0,4808.0,3832.0,1032.0
2022-10-11,35.0,2588.0,4656.0,3736.0,1179.0
2022-10-12,33.0,2491.0,4425.0,3444.0,1240.0
2022-10-13,37.0,2494.0,4450.0,3713.0,1314.0
2022-10-14,44.0,2428.0,4699.0,3703.0,1227.0
2022-10-15,34.0,3110.0,4757.0,4504.0,1161.0
2022-10-16,32.0,2436.0,4385.0,4062.0,1009.0
2022-10-17,36.0,2336.0,4083.0,3571.0,1119.0
2022-10-18,37.0,2502.0,3828.0,3627.0,1237.0
2022-10-19,26.0,2434.0,3831.0,3715.0,1095.0
2022-10-20,41.0,2594.0,4010.0,4290.0,1065.0
2022-10-21,40.0,2870.0,4344.0,5740.0,1311.0
2022-10-22,40.0,2685.0,4418.0,4813.0,1064.0
2022-10-23,44.0,3083.0,4620.0,5162.0,1027.0
2022-10-24,45.0,2745.0,4892.0,4639.0,1058.0
2022-10-25,32.0,2864.0,5061.0,3966.0,1073.0
2022-10-26,31.0,2666.0,6169.0,4029.0,1138.0
2022-10-27,37.0,2760.0,5447.0,3728.0,1053.0
2022-10-28,30.0,2687.0,5096.0,3816.0,1047.0
2022-10-29,52.0,2759.0,5520.0,4220.0,952.0
2022-10-30,37.0,2830.0,5850.0,4313.0,1389.0
2022-10-31,41.0,2631.0,4585.0,3860.0,1064.0
2022-11-01,30.0,2652.0,4670.0,3633.0,1049.0
2022-11-02,41.0,2675.0,4784.0,3583.0,1071.0
2022-11-03,37.0,2575.0,4658.0,3745.0,1029.0
2022-11-04,46.0,2605.0,5049.0,3871.0,1021.0
2022-11-05,46.0,2844.0,3920.0,4155.0,976.0
2022-11-06,51.0,2547.0,3866.0,4136.0,903.0
2022-11-07,45.0,2494.0,3795.0,3821.0,1539.0
2022-11-08,33.0,3295.0,4246.0,4196.0,2675.0
2022-11-09,36.0,2324.0,3346.0,3563.0,1460.0
2022-11-10,37.0,2358.0,3325.0,3711.0,1126.0
2022-11-11,38.0,2546.0,4704.0,3633.0,970.0
2022-11-12,39.0,2516.0,5142.0,3970.0,851.0
2022-11-13,40.0,2597.0,4778.0,3886.0,853.0
2022-11-14,52.0,2415.0,3449.0,3576.0,991.0
2022-11-15,39.0,4087.0,4151.0,5967.0,1246.0
2022-11-16,37.0,2841.0,3489.0,4101.0,1105.0
2022-11-17,44.0,2432.0,3397.0,3847.0,1095.0
2022-11-18,36.0,2384.0,3692.0,3767.0,952.0
2022-11-19,42.0,2653.0,4227.0,4002.0,907.0
2022-11-20,44.0,2617.0,4057.0,4497.0,881.0
2022-11-21,40.0,2350.0,3740.0,3747.0,985.0
2022-11-22,42.0,2311.0,3646.0,3947.0,980.0
2022-11-23,50.0,2447.0,3707.0,4109.0,1049.0
2022-11-24,51.0,2327.0,3789.0,3775.0,1052.0
2022-11-25,61.0,2417.0,3890.0,4057.0,1022.0
2022-11-26,68.0,2766.0,3970.0,4417.0,1046.0
2022-11-27,54.0,2789.0,4441.0,4734.0,968.0
2022-11-28,41.0,3000.0,4004.0,5754.0,1178.0
2022-11-29,54.0,2815.0,4060.0,4904.0,1152.0
2022-11-30,34.0,2545.0,3670.0,4078.0,1081.0
2022-12-01,41.0,2467.0,3657.0,3941.0,1186.0
2022-12-02,48.0,2168.0,3503.0,3429.0,948.0
2022-12-03,43.0,2378.0,3767.0,3784.0,907.0
2022-12-04,57.0,2555.0,5179.0,4053.0,912.0
2022-12-05,34.0,2298.0,4026.0,3982.0,914.0
2022-12-06,28.0,2415.0,4087.0,3586.0,1074.0
2022-12-07,45.0,2368.0,4128.0,3730.0,1038.0
2022-12-08,37.0,2405.0,4795.0,3615.0,1112.0
2022-12-09,43.0,2719.0,4364.0,3851.0,1687.0
2022-12-10,46.0,2531.0,4049.0,4080.0,1135.0
2022-12-11,48.0,2680.0,5378.0,4347.0,903.0
2022-12-12,31.0,2633.0,6080.0,4137.0,1049.0
2022-12-13,51.0,2665.0,4964.0,3711.0,953.0
2022-12-14,41.0,2563.0,4897.0,3461.0,989.0
2022-12-15,36.0,2732.0,5362.0,3592.0,911.0
2022-12-16,33.0,2775.0,5237.0,3615.0,998.0
2022-12-17,42.0,2640.0,5510.0,3560.0,758.0
2022-12-18,54.0,2582.0,5212.0,3553.0,788.0
2022-12-19,30.0,2591.0,4678.0,3702.0,917.0
2022-12-20,41.0,2487.0,5135.0,3560.0,887.0
2022-12-21,37.0,2561.0,5138.0,3865.0,993.0
2022-12-22,38.0,2759.0,5327.0,4163.0,999.0
2022-12-23,36.0,2861.0,5678.0,4254.0,875.0
2022-12-24,41.0,2821.0,5011.0,3764.0,824.0
2022-12-25,58.0,2974.0,5480.0,4598.0,873.0
2022-12-26,58.0,2993.0,5474.0,5089.0,911.0
2022-12-27,54.0,3054.0,4855.0,4891.0,1019.0
2022-12-28,54.0,2989.0,4718.0,4600.0,1008.0
2022-12-29,28.0,2908.0,5972.0,4548.0,1002.0
2022-12-30,51.0,2768.0,5024.0,4528.0,976.0
2022-12-31,48.0,2664.0,4956.0,4353.0,945.0
2023-01-01,131.0,2925.0,5692.0,4621.0,929.0
2023-01-02,57.0,3230.0,6460.0,4957.0,1157.0
2023-01-03,46.0,3259.0,5455.0,4806.0,1223.0
2023-01-04,44.0,3121.0,4690.0,4568.0,1206.0
2023-01-05,47.0,3015.0,4500.0,4207.0,1190.0
2023-01-06,50.0,3070.0,4657.0,4512.0,1100.0
2023-01-07,33.0,3172.0,5539.0,5183.0,1068.0
2023-01-08,25.0,3272.0,6164.0,5312.0,1045.0
2023-01-09,39.0,3216.0,6724.0,4759.0,1214.0
2023-01-10,43.0,3027.0,5315.0,4556.0,1138.0
2023-01-11,33.0,2938.0,5305.0,4406.0,1214.0
2023-01-12,33.0,2913.0,5252.0,4131.0,1164.0
2023-01-13,25.0,2735.0,4465.0,4438.0,1139.0
2023-01-14,32.0,3020.0,4976.0,4863.0,1031.0
2023-01-15,42.0,3079.0,6201.0,4904.0,962.0
2023-01-16,26.0,2936.0,5335.0,4429.0,1119.0
2023-01-17,55.0,3078.0,5965.0,4303.0,1244.0
2023-01-18,49.0,3119.0,5465.0,4287.0,1217.0
2023-01-19,45.0,3155.0,5536.0,4444.0,1201.0
2023-01-20,35.0,3434.0,5728.0,4871.0,1213.0
2023-01-21,34.0,3502.0,6407.0,5093.0,991.0
2023-01-22,34.0,3661.0,5463.0,5331.0,1139.0
2023-01-23,37.0,3116.0,4722.0,4730.0,1161.0
2023-01-24,114.0,3136.0,5531.0,4487.0,1143.0
2023-01-25,48.0,3035.0,5469.0,4367.0,1196.0
2023-01-26,53.0,3002.0,5755.0,4341.0,1098.0
2023-01-27,37.0,3058.0,5224.0,4344.0,1086.0
2023-01-28,34.0,3186.0,5867.0,4730.0,1044.0
2023-01-29,43.0,3320.0,6119.0,5106.0,942.0
2023-01-30,111.0,3101.0,5934.0,4165.0,1109.0
2023-01-31,29.0,3005.0,5585.0,4405.0,1091.0
2023-02-01,94.0,3068.0,5299.0,4343.0,1161.0
2023-02-02,35.0,2871.0,5364.0,3927.0,1210.0
2023-02-03,46.0,2956.0,5547.0,4004.0,1168.0
2023-02-04,37.0,2905.0,5692.0,4183.0,977.0
2023-02-05,33.0,3039.0,6297.0,4307.0,1024.0
2023-02-06,40.0,2942.0,5137.0,4258.0,1441.0
2023-02-07,42.0,2874.0,5206.0,4157.0,1905.0
2023-02-08,36.0,2645.0,4535.0,4214.0,1523.0
2023-02-09,28.0,2720.0,4451.0,3865.0,1335.0
2023-02-10,39.0,2741.0,4698.0,4269.0,1182.0
2023-02-11,36.0,2803.0,5449.0,4298.0,1075.0
2023-02-12,43.0,3083.0,6407.0,5250.0,1057.0
2023-02-13,30.0,2739.0,5834.0,3914.0,1158.0
2023-02-14,38.0,2526.0,5116.0,3645.0,1061.0
2023-02-15,32.0,2469.0,5239.0,3691.0,1066.0
2023-02-16,30.0,2628.0,5183.0,3626.0,1226.0
2023-02-17,36.0,2686.0,5766.0,3814.0,1406.0
2023-02-18,30.0,2910.0,6268.0,4154.0,1354.0
2023-02-19,39.0,2742.0,5981.0,4403.0,1137.0
2023-02-20,24.0,2666.0,5189.0,3943.0,1357.0
2023-02-21,28.0,2487.0,5255.0,3775.0,1435.0
2023-02-22,41.0,2493.0,4526.0,3706.0,1281.0
2023-02-23,46.0,2509.0,5302.0,3883.0,1426.0
2023-02-24,33.0,2556.0,5939.0,4137.0,1941.0
2023-02-25,37.0,2775.0,5373.0,4864.0,1959.0
2023-02-26,42.0,2866.0,6520.0,4646.0,1705.0
2023-02-27,32.0,2587.0,5595.0,4245.0,1895.0
2023-02-28,48.0,2846.0,4941.0,4181.0,1658.0
2023-03-01,32.0,2537.0,5261.0,4074.0,1599.0
2023-03-02,37.0,2629.0,5270.0,3966.0,1844.0
2023-03-03,30.0,2776.0,5825.0,4133.0,2878.0
2023-03-04,25.0,2901.0,6915.0,4803.0,2147.0
2023-03-05,33.0,2963.0,6411.0,4511.0,1743.0
2023-03-06,40.0,2770.0,5618.0,4003.0,1812.0
2023-03-07,36.0,2848.0,5476.0,3841.0,1944.0
2023-03-08,43.0,2908.0,5323.0,3916.0,1980.0
2023-03-09,27.0,2659.0,5193.0,3582.0,1506.0
2023-03-10,34.0,2931.0,5725.0,3959.0,1357.0
2023-03-11,42.0,2899.0,6249.0,4610.0,1127.0
2023-03-12,34.0,2975.0,6491.0,4421.0,1090.0
2023-03-13,32.0,2647.0,5824.0,4126.0,1079.0
2023-03-14,26.0,2660.0,5842.0,4043.0,1164.0
2023-03-15,32.0,2808.0,5995.0,4081.0,1131.0
2023-03-16,18.0,3140.0,5398.0,4079.0,1381.0
2023-03-17,11.0,2869.0,6520.0,4185.0,1178.0
2023-03-18,4.0,3031.0,7079.0,4523.0,974.0
2023-03-19,5.0,3250.0,7376.0,4760.0,1050.0
2023-03-20,7.0,2956.0,6607.0,4231.0,1278.0
2023-03-21,5.0,3144.0,6659.0,4521.0,1575.0
2023-03-22,7.0,3102.0,7100.0,4341.0,1251.0
2023-03-23,1.0,3119.0,7114.0,4390.0,1344.0
2023-03-24,4.0,3230.0,7377.0,4515.0,1269.0
2023-03-25,4.0,3019.0,7936.0,4609.0,1159.0
2023-03-26,5.0,3095.0,8127.0,4720.0,1126.0
2023-03-27,8.0,2950.0,7342.0,4283.0,1346.0
2023-03-28,4.0,3339.0,5823.0,4360.0,1189.0
2023-03-29,3.0,2825.0,5540.0,4493.0,1062.0
2023-03-30,7.0,2992.0,5694.0,4416.0,1143.0
2023-03-31,3.0,2961.0,7070.0,4305.0,1087.0
2023-04-01,4.0,3053.0,7367.0,4546.0,1013.0
2023-04-02,8.0,3160.0,6051.0,5029.0,985.0
2023-04-03,8.0,2942.0,5444.0,4380.0,1094.0
2023-04-04,2.0,3000.0,5528.0,4342.0,1283.0
2023-04-05,2.0,2832.0,5706.0,3909.0,1040.0
2023-04-06,3.0,2903.0,6338.0,4178.0,1094.0
2023-04-07,2.0,2981.0,6522.0,4358.0,1291.0
2023-04-08,4.0,2863.0,6408.0,4374.0,1244.0
2023-04-09,6.0,2919.0,6888.0,4523.0,1044.0
2023-04-10,2.0,3066.0,6630.0,4358.0,1198.0
2023-04-11,8.0,2796.0,5985.0,3952.0,1112.0
2023-04-12,9.0,2897.0,5905.0,3909.0,1007.0
2023-04-13,7.0,2942.0,5845.0,4043.0,928.0
2023-04-14,5.0,3103.0,6577.0,4112.0,954.0
2023-04-15,6.0,2784.0,6094.0,4024.0,923.0
2023-04-16,4.0,2970.0,6912.0,4227.0,958.0
2023-04-17,5.0,2818.0,6422.0,3959.0,1141.0
2023-04-18,2.0,2625.0,5957.0,3565.0,1001.0
2023-04-19,3.0,2632.0,5957.0,3653.0,951.0
2023-04-20,5.0,2839.0,7448.0,3898.0,960.0
2023-04-21,5.0,2809.0,7222.0,3906.0,1018.0
2023-04-22,7.0,2932.0,7195.0,4090.0,971.0
2023-04-23,6.0,2897.0,8279.0,4265.0,958.0
2023-04-24,7.0,3064.0,8268.0,4376.0,1113.0
2023-04-25,4.0,3159.0,7724.0,4031.0,1189.0
2023-04-26,6.0,3252.0,7439.0,4073.0,1437.0
2023-04-27,3.0,3215.0,7388.0,4099.0,1187.0
2023-04-28,2.0,3104.0,9617.0,4132.0,1123.0
2023-04-29,4.0,3053.0,9852.0,4515.0,929.0
2023-04-30,2.0,3051.0,10020.0,4697.0,1028.0
2023-05-01,7.0,3218.0,9454.0,4600.0,1011.0
2023-05-02,6.0,3184.0,8776.0,4032.0,1106.0
2023-05-03,9.0,3053.0,9022.0,3961.0,1010.0
2023-05-04,28.0,3073.0,9057.0,4035.0,1069.0
2023-05-05,43.0,2933.0,10195.0,3886.0,967.0
2023-05-06,32.0,2891.0,10503.0,4366.0,895.0
2023-05-07,13.0,3145.0,10592.0,4640.0,900.0
2023-05-08,11.0,3219.0,9712.0,4686.0,1103.0
2023-05-09,7.0,3306.0,10393.0,4388.0,1425.0
2023-05-10,24.0,3574.0,10688.0,4554.0,1696.0
2023-05-11,9.0,3491.0,10110.0,4221.0,1244.0
2023-05-12,15.0,3364.0,10374.0,4172.0,1158.0
2023-05-13,37.0,3327.0,11141.0,4445.0,1036.0
2023-05-14,9.0,3347.0,10662.0,4310.0,1020.0
2023-05-15,9.0,3401.0,9549.0,4332.0,1165.0
2023-05-16,10.0,3807.0,9881.0,4283.0,1276.0
2023-05-17,8.0,3302.0,10556.0,4104.0,2067.0
2023-05-18,20.0,4489.0,12007.0,5101.0,4119.0
2023-05-19,9.0,3773.0,12241.0,4949.0,2782.0
2023-05-20,11.0,3339.0,11977.0,4764.0,1781.0
2023-05-21,7.0,3218.0,12363.0,4949.0,1634.0
2023-05-22,9.0,3214.0,11732.0,4492.0,1921.0
2023-05-23,15.0,3133.0,11135.0,4364.0,1913.0
2023-05-24,14.0,3298.0,10716.0,4304.0,1839.0
2023-05-25,7.0,3301.0,10873.0,4291.0,1667.0
2023-05-26,7.0,3128.0,11530.0,4341.0,1652.0
2023-05-27,12.0,2915.0,11053.0,4512.0,1175.0
2023-05-28,1.0,2838.0,10888.0,4206.0,1168.0
2023-05-29,4.0,2873.0,10021.0,4336.0,1296.0
2023-05-30,9.0,2798.0,9672.0,4058.0,2191.0
2023-05-31,1.0,2877.0,9899.0,4309.0,1722.0
2023-06-01,6.0,2935.0,9922.0,4203.0,1460.0
2023-06-02,9.0,2679.0,9783.0,4112.0,1259.0
2023-06-03,6.0,2863.0,9116.0,4163.0,1567.0
2023-06-04,9.0,2919.0,8557.0,4397.0,1305.0
2023-06-05,11.0,2769.0,9628.0,3962.0,1342.0
2023-06-06,2.0,2721.0,9719.0,4253.0,1306.0
2023-06-07,9.0,2637.0,9703.0,4185.0,1254.0
2023-06-08,5.0,2706.0,8664.0,4388.0,1322.0
2023-06-09,4.0,2739.0,8700.0,4304.0,1651.0
2023-06-10,7.0,2594.0,9511.0,4652.0,1138.0
2023-06-11,3.0,2765.0,9731.0,4775.0,1175.0
2023-06-12,65.0,3081.0,9179.0,4555.0,1452.0
2023-06-13,7.0,3002.0,9222.0,4420.0,1543.0
2023-06-14,25.0,2946.0,9117.0,4448.0,1471.0
2023-06-15,8.0,3006.0,8910.0,4383.0,1289.0
2023-06-16,5.0,2985.0,9134.0,4599.0,1249.0
2023-06-17,6.0,2845.0,9347.0,4632.0,1047.0
2023-06-18,6.0,2835.0,10090.0,4732.0,1069.0
2023-06-19,3.0,2740.0,9595.0,4615.0,1055.0
2023-06-20,8.0,2821.0,9275.0,4516.0,1119.0
2023-06-21,8.0,2833.0,9068.0,4473.0,1173.0
2023-06-22,5.0,2454.0,8301.0,4175.0,1024.0
2023-06-23,5.0,2556.0,8634.0,4367.0,1131.0
2023-06-24,0.0,2478.0,9181.0,4537.0,1157.0
2023-06-25,5.0,2620.0,10170.0,4771.0,1114.0
2023-06-26,3.0,2846.0,9267.0,4602.0,1219.0
2023-06-27,4.0,2875.0,8939.0,4400.0,1357.0
2023-06-28,9.0,2825.0,7975.0,4111.0,1374.0
2023-06-29,6.0,2857.0,7449.0,4281.0,1242.0
2023-06-30,7.0,2807.0,8693.0,4288.0,1300.0
2023-07-01,5.0,2828.0,8947.0,4731.0,1066.0
2023-07-02,4.0,3058.0,8429.0,4755.0,1104.0
2023-07-03,8.0,2906.0,7289.0,4611.0,1157.0
2023-07-04,6.0,2863.0,7968.0,4529.0,1176.0
2023-07-05,6.0,2972.0,8411.0,4731.0,1555.0
2023-07-06,3.0,3044.0,8832.0,5026.0,1461.0
2023-07-07,8.0,2971.0,8680.0,4799.0,1352.0
2023-07-08,7.0,3039.0,9449.0,5042.0,1079.0
2023-07-09,5.0,3044.0,9770.0,5135.0,1147.0
2023-07-10,28.0,2797.0,9260.0,4786.0,1179.0
2023-07-11,3.0,3007.0,8892.0,4469.0,1880.0
2023-07-12,10.0,2883.0,8595.0,4494.0,2020.0
2023-07-13,7.0,2926.0,9222.0,4577.0,1629.0
2023-07-14,4.0,2723.0,9214.0,4264.0,1372.0
2023-07-15,6.0,2887.0,9802.0,4703.0,1456.0
2023-07-16,2.0,3271.0,9694.0,5178.0,1450.0
2023-07-17,10.0,3259.0,10062.0,4592.0,2006.0
2023-07-18,12.0,2953.0,9117.0,4414.0,1645.0
2023-07-19,13.0,3393.0,9029.0,5240.0,1714.0
2023-07-20,7.0,3097.0,9349.0,4562.0,1569.0
2023-07-21,8.0,3027.0,8729.0,4662.0,1281.0
2023-07-22,6.0,2976.0,8705.0,4824.0,1033.0
2023-07-23,5.0,2895.0,8807.0,4809.0,1122.0
2023-07-24,7.0,2966.0,8139.0,4494.0,1351.0
2023-07-25,6.0,2910.0,8946.0,4485.0,1279.0
2023-07-26,9.0,3121.0,9036.0,4442.0,1141.0
2023-07-27,7.0,3520.0,9509.0,4519.0,1291.0
2023-07-28,6.0,3475.0,10566.0,4541.0,1157.0
2023-07-29,8.0,3507.0,12153.0,4746.0,1069.0
2023-07-30,8.0,3680.0,12506.0,4857.0,1203.0
2023-07-31,3.0,3275.0,11014.0,4607.0,1201.0
2023-08-01,6.0,2971.0,10433.0,4405.0,1296.0
2023-08-02,8.0,2743.0,9785.0,4221.0,1223.0
2023-08-03,7.0,2912.0,9855.0,4398.0,1077.0
2023-08-04,3.0,2793.0,9829.0,4350.0,1003.0
2023-08-05,5.0,2893.0,10466.0,4547.0,1024.0
2023-08-06,13.0,3054.0,10754.0,4736.0,1001.0
2023-08-07,14.0,5084.0,10338.0,5005.0,1813.0
2023-08-08,11.0,5726.0,10671.0,4933.0,2273.0
2023-08-09,9.0,5139.0,11923.0,5426.0,4190.0
2023-08-10,14.0,4068.0,10839.0,4655.0,2359.0
2023-08-11,11.0,4475.0,10180.0,4791.0,2098.0
2023-08-12,7.0,3913.0,9862.0,4939.0,1534.0
2023-08-13,8.0,3582.0,10727.0,5021.0,1529.0
2023-08-14,7.0,3430.0,9548.0,4872.0,1594.0
2023-08-15,5.0,3417.0,10261.0,4985.0,1426.0
2023-08-16,7.0,3274.0,10245.0,4577.0,1490.0
2023-08-17,10.0,3503.0,10748.0,4598.0,1624.0
2023-08-18,7.0,3401.0,11278.0,4682.0,1573.0
2023-08-19,8.0,3091.0,13070.0,4877.0,1294.0
2023-08-20,5.0,3092.0,13432.0,5063.0,1414.0
2023-08-21,9.0,3087.0,10038.0,4840.0,1474.0
2023-08-22,11.0,3297.0,10063.0,4919.0,1434.0
2023-08-23,14.0,3163.0,9785.0,4911.0,1292.0
2023-08-24,19.0,3020.0,9569.0,4744.0,1175.0
2023-08-25,10.0,2921.0,10018.0,4586.0,1150.0
2023-08-26,7.0,2765.0,10556.0,4623.0,1072.0
2023-08-27,4.0,3053.0,9817.0,5147.0,1080.0
2023-08-28,8.0,3145.0,9500.0,4887.0,1304.0
2023-08-29,10.0,3209.0,10392.0,5172.0,1359.0
2023-08-30,10.0,3037.0,11069.0,5119.0,1182.0
2023-08-31,4.0,2626.0,10653.0,4964.0,1188.0
2023-09-01,8.0,2943.0,10234.0,4946.0,1321.0
2023-09-02,9.0,3145.0,10047.0,4863.0,1688.0
2023-09-03,4.0,2999.0,10723.0,5196.0,1493.0
2023-09-04,8.0,3355.0,10429.0,5227.0,1530.0
2023-09-05,4.0,3353.0,10057.0,4925.0,1392.0
2023-09-06,9.0,3204.0,10457.0,4905.0,1470.0
2023-09-07,9.0,3080.0,11375.0,5142.0,1474.0
2023-09-08,8.0,2891.0,10497.0,4726.0,1228.0
2023-09-09,11.0,2775.0,11137.0,4923.0,1102.0
2023-09-10,7.0,2815.0,10706.0,4993.0,1103.0
2023-09-11,8.0,2879.0,9322.0,4458.0,1436.0
2023-09-12,6.0,2609.0,9398.0,4345.0,1335.0
2023-09-13,14.0,2674.0,9379.0,4368.0,1360.0
2023-09-14,9.0,2567.0,10218.0,4278.0,1280.0
2023-09-15,8.0,2679.0,10612.0,4493.0,1135.0
2023-09-16,12.0,2576.0,12048.0,4940.0,1052.0
2023-09-17,127.0,9355.0,67054.0,15822.0,1978.0
2023-09-18,24.0,3608.0,23747.0,6686.0,1381.0
2023-09-19,9.0,2923.0,16679.0,5567.0,1237.0
2023-09-20,23.0,2692.0,14776.0,5383.0,1234.0
2023-09-21,8.0,2637.0,12355.0,4866.0,1162.0
2023-09-22,9.0,2611.0,11757.0,4976.0,1372.0
2023-09-23,12.0,2565.0,11848.0,5078.0,1102.0
2023-09-24,4.0,2923.0,13134.0,5235.0,1275.0
2023-09-25,14.0,2612.0,10909.0,4572.0,1311.0
2023-09-26,13.0,2520.0,10054.0,4414.0,1348.0
2023-09-27,2.0,2484.0,9980.0,4617.0,1273.0
2023-09-28,10.0,2566.0,10413.0,4744.0,1180.0
2023-09-29,9.0,2518.0,9960.0,5000.0,1105.0
2023-09-30,6.0,2362.0,10287.0,5017.0,987.0
2023-10-01,5.0,2471.0,10702.0,5102.0,997.0
2023-10-02,15.0,2547.0,10515.0,4793.0,1128.0
2023-10-03,4.0,2685.0,9230.0,4760.0,1376.0
2023-10-04,10.0,2506.0,9640.0,4586.0,1140.0
2023-10-05,13.0,2506.0,10506.0,4821.0,1091.0
2023-10-06,53.0,2437.0,9812.0,4891.0,1074.0
2023-10-07,7.0,2243.0,9541.0,4825.0,852.0
2023-10-08,1.0,2274.0,8891.0,4717.0,874.0
2023-10-09,9.0,2193.0,7636.0,4572.0,982.0
2023-10-10,7.0,2114.0,7904.0,4459.0,961.0
2023-10-11,4.0,2134.0,7894.0,4265.0,1147.0
2023-10-12,13.0,2283.0,7785.0,4236.0,1089.0
2023-10-13,10.0,2521.0,6385.0,4754.0,1525.0
2023-10-14,7.0,2570.0,8156.0,4852.0,1255.0
2023-10-15,9.0,2514.0,8378.0,4693.0,1158.0
2023-10-16,6.0,2492.0,8091.0,4427.0,1318.0
2023-10-17,9.0,2517.0,7739.0,4358.0,1327.0
2023-10-18,8.0,2452.0,5981.0,4276.0,1449.0
2023-10-19,9.0,3738.0,7932.0,4500.0,1471.0
2023-10-20,7.0,2334.0,8728.0,4653.0,1564.0
2023-10-21,6.0,2635.0,10381.0,5106.0,1223.0
2023-10-22,10.0,3191.0,11358.0,5470.0,1485.0
2023-10-23,38.0,4918.0,11533.0,7114.0,1452.0
2023-10-24,15.0,5231.0,10767.0,5468.0,1559.0
2023-10-25,16.0,3638.0,7757.0,4942.0,1514.0
2023-10-26,22.0,4576.0,10007.0,5361.0,1606.0
2023-10-27,12.0,3229.0,9440.0,4951.0,1312.0
2023-10-28,8.0,2813.0,6856.0,4647.0,1138.0
2023-10-29,17.0,2910.0,6421.0,4898.0,1130.0
2023-10-30,13.0,2819.0,6043.0,4503.0,1266.0
2023-10-31,8.0,2567.0,7468.0,3933.0,1198.0
2023-11-01,6.0,2442.0,7980.0,4177.0,1044.0
2023-11-02,10.0,2401.0,8286.0,4261.0,1182.0
2023-11-03,10.0,2480.0,8212.0,4270.0,1167.0
2023-11-04,10.0,2480.0,8389.0,4411.0,1156.0
2023-11-05,11.0,2845.0,6634.0,4732.0,1180.0
2023-11-06,79.0,2607.0,6503.0,4148.0,1181.0
2023-11-07,52.0,2458.0,7493.0,4233.0,1305.0
2023-11-08,237.0,44965.0,42019.0,26365.0,8311.0
2023-11-09,149.0,20459.0,28444.0,16925.0,5206.0
2023-11-10,76.0,9912.0,18991.0,10397.0,3177.0
2023-11-11,60.0,7643.0,16698.0,9046.0,2253.0
2023-11-12,75.0,6678.0,14986.0,8317.0,2042.0
2023-11-13,64.0,6219.0,14554.0,8137.0,2117.0
2023-11-14,70.0,5980.0,12754.0,7441.0,2143.0
2023-11-15,79.0,5624.0,12415.0,6961.0,2701.0
2023-11-16,59.0,4561.0,11140.0,6394.0,2205.0
2023-11-17,41.0,4191.0,10764.0,6081.0,1889.0
2023-11-18,44.0,4197.0,10962.0,6216.0,1636.0
2023-11-19,51.0,4456.0,10865.0,6593.0,1829.0
2023-11-20,61.0,4826.0,10653.0,6691.0,2049.0
2023-11-21,52.0,4449.0,9686.0,6218.0,1683.0
2023-11-22,50.0,4258.0,9854.0,6040.0,1518.0
2023-11-23,41.0,4296.0,9772.0,5705.0,1553.0
2023-11-24,46.0,4146.0,10337.0,6051.0,1452.0
2023-11-25,44.0,4156.0,10665.0,6455.0,1292.0
2023-11-26,31.0,4256.0,10798.0,6644.0,1294.0
2023-11-27,43.0,4587.0,10151.0,6297.0,1553.0
2023-11-28,40.0,4687.0,9438.0,5792.0,1522.0
2023-11-29,42.0,4656.0,9377.0,5948.0,1542.0
2023-11-30,40.0,5329.0,9584.0,6504.0,1573.0
2023-12-01,67.0,11394.0,19965.0,11891.0,2733.0
2023-12-02,114.0,10697.0,21681.0,13123.0,2841.0
2023-12-03,91.0,9152.0,19795.0,11820.0,2574.0
2023-12-04,21711.0,17820.0,37531.0,24231.0,4598.0
2023-12-05,341519.0,83467.0,168422.0,144467.0,21950.0
2023-12-06,153488.0,44573.0,78381.0,75059.0,11499.0
2023-12-07,82441.0,25721.0,49724.0,44702.0,7033.0
2023-12-08,56454.0,22459.0,38369.0,36278.0,6175.0
2023-12-09,43030.0,15827.0,31199.0,26918.0,4312.0
2023-12-10,37048.0,14950.0,28996.0,25677.0,4150.0
2023-12-11,30401.0,12133.0,22508.0,19593.0,3605.0
2023-12-12,23745.0,10203.0,19589.0,16210.0,3283.0
2023-12-13,20067.0,8623.0,17256.0,13712.0,3240.0
2023-12-14,18171.0,8067.0,16576.0,15450.0,2634.0
2023-12-15,16337.0,7431.0,15875.0,16479.0,2251.0
2023-12-16,15345.0,7146.0,15218.0,15153.0,2145.0
2023-12-17,14070.0,6871.0,14952.0,14088.0,1996.0
2023-12-18,14072.0,6954.0,14710.0,13008.0,2119.0
2023-12-19,12160.0,6327.0,13709.0,11596.0,2004.0
2023-12-20,10736.0,5774.0,13584.0,11025.0,1987.0
2023-12-21,12599.0,5861.0,14868.0,11117.0,1876.0
2023-12-22,14911.0,5777.0,14847.0,10701.0,2059.0
2023-12-23,11897.0,5322.0,14513.0,10468.0,1691.0
2023-12-24,11080.0,5106.0,13640.0,10282.0,1470.0
2023-12-25,11465.0,6022.0,14028.0,10628.0,1915.0
2023-12-26,10871.0,6306.0,14175.0,10908.0,2068.0
2023-12-27,9906.0,5916.0,16533.0,11028.0,2016.0
2023-12-28,9642.0,5481.0,15766.0,10672.0,1995.0
2023-12-29,9623.0,5002.0,13360.0,9279.0,1697.0
2023-12-30,9007.0,4944.0,12741.0,8934.0,1570.0
2023-12-31,9335.0,4616.0,12339.0,8118.0,1463.0
2024-01-01,9521.0,4707.0,12218.0,8558.0,1533.0
2024-01-02,9561.0,4793.0,11795.0,8502.0,1687.0
2024-01-03,9288.0,4769.0,11861.0,8406.0,1690.0
2024-01-04,8662.0,4612.0,11176.0,7839.0,1597.0
2024-01-05,8091.0,4811.0,11586.0,7770.0,1497.0
2024-01-06,8331.0,4660.0,11551.0,7837.0,1372.0
2024-01-07,8250.0,4701.0,11465.0,7721.0,1511.0
2024-01-08,7747.0,4646.0,10583.0,7527.0,1567.0
2024-01-09,8510.0,6139.0,11050.0,7175.0,1580.0
2024-01-10,8198.0,5360.0,10148.0,6928.0,1456.0
2024-01-11,7742.0,5486.0,10204.0,6522.0,1443.0
2024-01-12,7166.0,5113.0,10540.0,6483.0,1392.0
2024-01-13,6940.0,5625.0,10826.0,6893.0,1295.0
2024-01-14,7100.0,5573.0,10776.0,6953.0,1249.0
2024-01-15,6766.0,4959.0,9515.0,6319.0,1295.0
2024-01-16,6563.0,6216.0,9391.0,6117.0,2750.0
2024-01-17,6475.0,5926.0,9179.0,5871.0,2565.0
2024-01-18,7037.0,5479.0,9377.0,5907.0,1793.0
2024-01-19,7166.0,5393.0,9224.0,6173.0,1509.0
2024-01-20,7394.0,5096.0,10035.0,6743.0,1342.0
2024-01-21,7360.0,5261.0,9987.0,6419.0,1331.0
2024-01-22,6664.0,4608.0,8608.0,5735.0,1457.0
2024-01-23,6252.0,4522.0,8405.0,5709.0,1374.0
2024-01-24,6349.0,4580.0,7099.0,5646.0,1338.0
2024-01-25,6587.0,4692.0,7001.0,5645.0,1459.0
2024-01-26,6743.0,4705.0,8597.0,6072.0,1359.0
2024-01-27,7508.0,4924.0,9058.0,6206.0,1140.0
2024-01-28,7719.0,4778.0,8965.0,6112.0,1088.0
2024-01-29,7730.0,4433.0,7604.0,5515.0,1502.0
2024-01-30,7122.0,4425.0,8126.0,5253.0,1468.0
2024-01-31,6879.0,4162.0,8573.0,5136.0,1569.0
2024-02-01,6331.0,3189.0,8177.0,4839.0,1598.0
2024-02-02,6196.0,3037.0,8943.0,4976.0,1365.0
2024-02-03,6704.0,2998.0,8305.0,5168.0,1171.0
2024-02-04,6942.0,3184.0,8203.0,5514.0,1194.0
2024-02-05,6096.0,2927.0,6919.0,4828.0,1250.0
2024-02-06,6085.0,2624.0,6854.0,4875.0,1250.0
2024-02-07,6223.0,2602.0,6882.0,4603.0,1334.0
2024-02-08,6668.0,2893.0,6889.0,4579.0,1843.0
2024-02-09,6452.0,3474.0,7432.0,5337.0,2308.0
2024-02-10,6771.0,3416.0,8116.0,5857.0,1592.0
2024-02-11,6529.0,3573.0,8214.0,5370.0,1350.0
2024-02-12,5982.0,3031.0,6819.0,4658.0,1640.0
2024-02-13,5779.0,2762.0,6812.0,4434.0,1589.0
2024-02-14,5940.0,2776.0,6599.0,4248.0,1431.0
2024-02-15,5948.0,2706.0,6523.0,4603.0,1511.0
2024-02-16,6309.0,2850.0,6819.0,4645.0,1335.0
2024-02-17,6477.0,2856.0,7219.0,4622.0,1155.0
2024-02-18,6477.0,2962.0,7494.0,4821.0,1101.0
2024-02-19,6251.0,2793.0,6767.0,4333.0,1273.0
2024-02-20,6424.0,2690.0,6874.0,4497.0,1334.0
2024-02-21,6609.0,2698.0,6726.0,4380.0,1358.0
2024-02-22,6119.0,2723.0,6384.0,4378.0,1434.0
2024-02-23,5606.0,2629.0,6984.0,4548.0,1321.0
2024-02-24,5880.0,2781.0,6991.0,4531.0,1131.0
2024-02-25,6045.0,2930.0,7232.0,4770.0,1166.0
2024-02-26,5922.0,2709.0,6159.0,4279.0,1376.0
2024-02-27,6099.0,2800.0,6227.0,4147.0,1449.0
2024-02-28,6142.0,2755.0,6464.0,4272.0,1438.0
2024-02-29,6984.0,3522.0,7104.0,4515.0,1731.0
2024-03-01,6079.0,3117.0,7128.0,4515.0,1432.0
2024-03-02,6152.0,2874.0,7341.0,4690.0,1251.0
2024-03-03,7223.0,2779.0,7423.0,4628.0,1225.0
2024-03-04,5983.0,2773.0,6507.0,4048.0,1413.0
