date,Inside_Out_2,Inside_Out_(2015_film),Pixar,Anxiety,Amy_Poehler
2023-01-19,271.0,2243.0,3136.0,1461.0,3883.0
2023-01-20,280.0,2451.0,3128.0,1392.0,3580.0
2023-01-21,282.0,2677.0,3583.0,1177.0,4293.0
2023-01-22,381.0,2754.0,3696.0,1403.0,14523.0
2023-01-23,307.0,2540.0,3407.0,1499.0,8605.0
2023-01-24,267.0,2411.0,3388.0,1433.0,5953.0
2023-01-25,228.0,2481.0,3300.0,1432.0,4911.0
2023-01-26,222.0,2334.0,3251.0,1561.0,4768.0
2023-01-27,275.0,2514.0,3340.0,1395.0,4478.0
2023-01-28,249.0,2944.0,3335.0,1443.0,5323.0
2023-01-29,259.0,3241.0,3696.0,1513.0,5995.0
2023-01-30,258.0,2517.0,3202.0,1468.0,5575.0
2023-01-31,215.0,2417.0,3088.0,1441.0,5299.0
2023-02-01,206.0,2257.0,3018.0,1472.0,5502.0
2023-02-02,232.0,2308.0,3245.0,1407.0,4873.0
2023-02-03,228.0,2295.0,4060.0,1378.0,4786.0
2023-02-04,269.0,2482.0,3789.0,1161.0,5502.0
2023-02-05,271.0,3152.0,3700.0,1244.0,6145.0
2023-02-06,243.0,2354.0,3244.0,1429.0,4539.0
2023-02-07,224.0,2680.0,2913.0,1355.0,4141.0
2023-02-08,266.0,2421.0,3385.0,1376.0,3953.0
2023-02-09,451.0,2912.0,6202.0,1394.0,3946.0
2023-02-10,323.0,2908.0,4156.0,1289.0,3862.0
2023-02-11,274.0,2747.0,3862.0,1307.0,4429.0
2023-02-12,293.0,3035.0,3753.0,1365.0,5019.0
2023-02-13,261.0,2557.0,3668.0,1466.0,4427.0
2023-02-14,260.0,2434.0,3315.0,1388.0,5852.0
2023-02-15,234.0,2636.0,3301.0,1581.0,4306.0
2023-02-16,222.0,2406.0,3128.0,1902.0,4050.0
2023-02-17,250.0,2882.0,3352.0,1500.0,4384.0
2023-02-18,288.0,2996.0,3715.0,1446.0,5206.0
2023-02-19,289.0,2908.0,3954.0,1434.0,5802.0
2023-02-20,268.0,2698.0,3584.0,1528.0,4550.0
2023-02-21,238.0,2583.0,3067.0,1647.0,4123.0
2023-02-22,231.0,2536.0,3354.0,1959.0,3991.0
2023-02-23,234.0,2471.0,3188.0,1781.0,3880.0
2023-02-24,223.0,2502.0,3296.0,2261.0,3943.0
2023-02-25,384.0,2675.0,3599.0,1459.0,4603.0
2023-02-26,350.0,2840.0,3858.0,1519.0,5242.0
2023-02-27,286.0,2703.0,3343.0,1748.0,7620.0
2023-02-28,291.0,2432.0,3198.0,1651.0,5894.0
2023-03-01,254.0,2350.0,3008.0,1586.0,4529.0
2023-03-02,250.0,2449.0,3220.0,1777.0,4214.0
2023-03-03,258.0,2565.0,3103.0,1715.0,3996.0
2023-03-04,257.0,2614.0,3222.0,1375.0,4531.0
2023-03-05,306.0,2661.0,3412.0,1437.0,5956.0
2023-03-06,250.0,2521.0,3434.0,1574.0,4602.0
2023-03-07,273.0,2325.0,3242.0,1603.0,4638.0
2023-03-08,233.0,2385.0,3040.0,1663.0,4339.0
2023-03-09,265.0,2420.0,3494.0,1930.0,3907.0
2023-03-10,252.0,2581.0,3239.0,1540.0,3915.0
2023-03-11,311.0,2849.0,3425.0,1342.0,4342.0
2023-03-12,286.0,3317.0,3644.0,1521.0,5538.0
2023-03-13,322.0,2989.0,3963.0,1731.0,3993.0
2023-03-14,319.0,2530.0,3138.0,1526.0,3682.0
2023-03-15,418.0,2649.0,3054.0,1619.0,3371.0
2023-03-16,455.0,2828.0,2898.0,1415.0,3329.0
2023-03-17,418.0,2622.0,2890.0,1333.0,3926.0
2023-03-18,529.0,2792.0,3299.0,1262.0,4036.0
2023-03-19,654.0,3075.0,3383.0,1524.0,5269.0
2023-03-20,428.0,2998.0,3269.0,1703.0,3807.0
2023-03-21,297.0,2674.0,3165.0,1566.0,3597.0
2023-03-22,261.0,2432.0,2955.0,1556.0,3502.0
2023-03-23,241.0,2461.0,2898.0,1478.0,3331.0
2023-03-24,285.0,2487.0,2949.0,1439.0,4191.0
2023-03-25,318.0,2983.0,3145.0,1317.0,4067.0
2023-03-26,317.0,3284.0,3294.0,1566.0,5567.0
2023-03-27,276.0,2742.0,3016.0,1588.0,3928.0
2023-03-28,500.0,2957.0,4270.0,1583.0,3618.0
2023-03-29,487.0,2861.0,4089.0,1592.0,3460.0
2023-03-30,327.0,2729.0,3557.0,1553.0,3374.0
2023-03-31,273.0,2758.0,3428.0,1568.0,3259.0
2023-04-01,317.0,2699.0,3365.0,1264.0,3936.0
2023-04-02,331.0,2954.0,3788.0,2239.0,4973.0
2023-04-03,373.0,2942.0,3578.0,1482.0,3637.0
2023-04-04,361.0,2673.0,3412.0,1394.0,3281.0
2023-04-05,281.0,2396.0,3301.0,1431.0,3311.0
2023-04-06,314.0,2354.0,3238.0,1376.0,3371.0
2023-04-07,305.0,2541.0,3347.0,1308.0,3475.0
2023-04-08,326.0,2625.0,3462.0,1196.0,4232.0
2023-04-09,350.0,3419.0,3802.0,1251.0,4144.0
2023-04-10,312.0,3010.0,3790.0,1406.0,3781.0
2023-04-11,310.0,2758.0,3311.0,1485.0,3461.0
2023-04-12,316.0,2354.0,3199.0,2522.0,3356.0
2023-04-13,289.0,2407.0,3096.0,1329.0,3314.0
2023-04-14,282.0,2662.0,2893.0,1294.0,3284.0
2023-04-15,286.0,2736.0,3041.0,1168.0,3855.0
2023-04-16,316.0,2936.0,3661.0,1270.0,5211.0
2023-04-17,288.0,2718.0,3774.0,1394.0,3736.0
2023-04-18,293.0,2471.0,3368.0,1476.0,3182.0
2023-04-19,282.0,2421.0,3423.0,1433.0,3159.0
2023-04-20,289.0,2472.0,3357.0,1416.0,3173.0
2023-04-21,317.0,2649.0,3446.0,1281.0,3514.0
2023-04-22,294.0,3043.0,3407.0,1284.0,4152.0
2023-04-23,345.0,2851.0,3857.0,1303.0,4612.0
2023-04-24,335.0,2708.0,3385.0,1447.0,3973.0
2023-04-25,304.0,2480.0,3237.0,1470.0,3356.0
2023-04-26,285.0,2577.0,3182.0,1414.0,8601.0
2023-04-27,361.0,2616.0,3257.0,1465.0,7819.0
2023-04-28,393.0,2723.0,3183.0,1231.0,7149.0
2023-04-29,317.0,2836.0,3270.0,1225.0,6551.0
2023-04-30,377.0,3176.0,3317.0,1295.0,7330.0
2023-05-01,495.0,2969.0,3299.0,1465.0,5600.0
2023-05-02,423.0,2543.0,3065.0,1387.0,4255.0
2023-05-03,469.0,2483.0,2879.0,1498.0,3799.0
2023-05-04,325.0,2748.0,2900.0,1363.0,3504.0
2023-05-05,269.0,2646.0,2995.0,1349.0,3397.0
2023-05-06,295.0,2806.0,3100.0,1188.0,3691.0
2023-05-07,311.0,2954.0,3180.0,1306.0,4515.0
2023-05-08,299.0,2877.0,3106.0,1400.0,3750.0
2023-05-09,273.0,2482.0,3173.0,1484.0,3526.0
2023-05-10,290.0,2450.0,2883.0,1372.0,3375.0
2023-05-11,268.0,2457.0,2923.0,1377.0,3063.0
2023-05-12,253.0,2681.0,3035.0,1309.0,3320.0
2023-05-13,266.0,2657.0,3082.0,1090.0,3817.0
2023-05-14,285.0,2803.0,2946.0,1220.0,4545.0
2023-05-15,321.0,2634.0,3243.0,1441.0,3706.0
2023-05-16,312.0,2693.0,3155.0,1464.0,3581.0
2023-05-17,267.0,2582.0,3232.0,1286.0,3163.0
2023-05-18,287.0,2811.0,2900.0,1470.0,3135.0
2023-05-19,314.0,2889.0,3162.0,1253.0,3401.0
2023-05-20,318.0,3128.0,3547.0,1167.0,5326.0
2023-05-21,366.0,2997.0,3450.0,1185.0,5323.0
2023-05-22,366.0,2732.0,3355.0,1304.0,4031.0
2023-05-23,329.0,2722.0,3091.0,1356.0,3516.0
2023-05-24,340.0,2688.0,3161.0,1422.0,4014.0
2023-05-25,309.0,2584.0,3202.0,1209.0,4026.0
2023-05-26,349.0,2853.0,3498.0,1190.0,4389.0
2023-05-27,425.0,2890.0,3671.0,1063.0,5287.0
2023-05-28,544.0,3356.0,4437.0,1133.0,6025.0
2023-05-29,545.0,3494.0,4172.0,1182.0,5757.0
2023-05-30,534.0,3051.0,4001.0,1390.0,5645.0
2023-05-31,433.0,2780.0,3711.0,1214.0,4740.0
2023-06-01,369.0,2873.0,3430.0,1199.0,4362.0
2023-06-02,398.0,2771.0,3596.0,1087.0,4467.0
2023-06-03,499.0,3216.0,4656.0,1082.0,5247.0
2023-06-04,567.0,3302.0,6421.0,1183.0,6389.0
2023-06-05,485.0,3083.0,5258.0,1287.0,5168.0
2023-06-06,463.0,3031.0,4515.0,1244.0,4915.0
2023-06-07,444.0,2941.0,4187.0,1214.0,4412.0
2023-06-08,418.0,2923.0,4191.0,1145.0,4635.0
2023-06-09,432.0,2906.0,4184.0,1212.0,5379.0
2023-06-10,426.0,3163.0,4488.0,1177.0,6892.0
2023-06-11,465.0,3284.0,4384.0,1127.0,7021.0
2023-06-12,477.0,3079.0,4236.0,1192.0,5582.0
2023-06-13,715.0,3169.0,5902.0,1254.0,4855.0
2023-06-14,833.0,3867.0,5557.0,1282.0,4874.0
2023-06-15,630.0,3934.0,5344.0,1252.0,4580.0
2023-06-16,785.0,4311.0,5956.0,1181.0,4834.0
2023-06-17,1726.0,4812.0,6578.0,1183.0,5877.0
2023-06-18,2318.0,5652.0,7365.0,1190.0,5815.0
2023-06-19,2526.0,9652.0,8160.0,1308.0,6324.0
2023-06-20,1894.0,4614.0,7050.0,1309.0,4521.0
2023-06-21,1780.0,4215.0,6817.0,1265.0,4665.0
2023-06-22,1265.0,3771.0,5342.0,1297.0,4343.0
2023-06-23,1325.0,4148.0,5199.0,1160.0,4568.0
2023-06-24,1316.0,4544.0,5267.0,1085.0,5302.0
2023-06-25,1427.0,4471.0,5310.0,1170.0,5487.0
2023-06-26,1276.0,4221.0,4921.0,1247.0,5389.0
2023-06-27,1187.0,3654.0,4338.0,1352.0,5170.0
2023-06-28,1204.0,3718.0,4606.0,1248.0,4752.0
2023-06-29,1136.0,3675.0,4228.0,1118.0,4300.0
2023-06-30,1052.0,3896.0,4101.0,1077.0,4824.0
2023-07-01,1209.0,3963.0,4397.0,1080.0,6488.0
2023-07-02,1300.0,4070.0,4806.0,1177.0,6129.0
2023-07-03,1300.0,3652.0,4814.0,1263.0,6409.0
2023-07-04,1181.0,3759.0,4724.0,1115.0,5811.0
2023-07-05,991.0,3429.0,4097.0,1323.0,4985.0
2023-07-06,920.0,3506.0,4169.0,1307.0,4189.0
2023-07-07,1018.0,3409.0,4078.0,1213.0,4275.0
2023-07-08,1027.0,3673.0,4201.0,1131.0,5167.0
2023-07-09,1079.0,3818.0,4126.0,1156.0,5412.0
2023-07-10,1022.0,3608.0,4075.0,1332.0,4892.0
2023-07-11,930.0,3271.0,3714.0,1401.0,4619.0
2023-07-12,926.0,3210.0,3498.0,1271.0,4550.0
2023-07-13,956.0,3244.0,3794.0,1359.0,4408.0
2023-07-14,891.0,3429.0,3709.0,1167.0,4505.0
2023-07-15,915.0,3690.0,3686.0,1090.0,5059.0
2023-07-16,997.0,3680.0,3982.0,1147.0,6134.0
2023-07-17,909.0,3407.0,3792.0,1289.0,4706.0
2023-07-18,869.0,3754.0,3608.0,1229.0,4187.0
2023-07-19,825.0,3222.0,3656.0,1251.0,4000.0
2023-07-20,787.0,3154.0,3520.0,1151.0,3709.0
2023-07-21,753.0,3318.0,3500.0,1190.0,4452.0
2023-07-22,779.0,3546.0,3481.0,1246.0,4710.0
2023-07-23,891.0,3722.0,3672.0,1279.0,5407.0
2023-07-24,809.0,3134.0,3340.0,1321.0,4315.0
2023-07-25,771.0,2917.0,3108.0,1336.0,4024.0
2023-07-26,784.0,3050.0,3200.0,1447.0,4023.0
2023-07-27,826.0,3055.0,3210.0,1363.0,4052.0
2023-07-28,829.0,2912.0,3124.0,1242.0,4485.0
2023-07-29,844.0,3084.0,3238.0,1219.0,5386.0
2023-07-30,887.0,3372.0,3452.0,1191.0,5730.0
2023-07-31,839.0,3057.0,3170.0,1324.0,4365.0
2023-08-01,796.0,2640.0,3239.0,1303.0,4279.0
2023-08-02,778.0,2751.0,3001.0,1221.0,3816.0
2023-08-03,706.0,2685.0,3165.0,1133.0,3877.0
2023-08-04,689.0,2752.0,2917.0,1245.0,6931.0
2023-08-05,695.0,3129.0,3210.0,1172.0,6291.0
2023-08-06,801.0,2948.0,3276.0,1203.0,6249.0
2023-08-07,741.0,3020.0,2954.0,1247.0,5414.0
2023-08-08,722.0,2766.0,2834.0,1274.0,4445.0
2023-08-09,781.0,2805.0,3211.0,1310.0,3967.0
2023-08-10,724.0,2856.0,3140.0,1258.0,3942.0
2023-08-11,672.0,2739.0,3002.0,1189.0,4571.0
2023-08-12,725.0,2858.0,3060.0,1150.0,5290.0
2023-08-13,790.0,3036.0,3222.0,1206.0,6696.0
2023-08-14,775.0,2778.0,3291.0,1362.0,4245.0
2023-08-15,934.0,2788.0,3293.0,1239.0,4030.0
2023-08-16,885.0,2774.0,3194.0,1266.0,3872.0
2023-08-17,838.0,2835.0,3124.0,1284.0,3780.0
2023-08-18,812.0,2973.0,3076.0,1243.0,3718.0
2023-08-19,895.0,3100.0,3308.0,1174.0,4221.0
2023-08-20,992.0,3378.0,3634.0,1110.0,4184.0
2023-08-21,930.0,2993.0,3310.0,1385.0,3841.0
2023-08-22,851.0,2916.0,3583.0,1348.0,3985.0
2023-08-23,770.0,2806.0,2983.0,1452.0,3660.0
2023-08-24,770.0,2737.0,2999.0,1267.0,4109.0
2023-08-25,795.0,2807.0,2976.0,1328.0,3754.0
2023-08-26,827.0,2998.0,3090.0,1112.0,4231.0
2023-08-27,862.0,3082.0,3315.0,1166.0,4751.0
2023-08-28,773.0,2747.0,3114.0,1379.0,4167.0
2023-08-29,725.0,2726.0,3038.0,1411.0,3687.0
2023-08-30,698.0,2658.0,3331.0,1207.0,3530.0
2023-08-31,635.0,2448.0,3371.0,1282.0,3274.0
2023-09-01,697.0,2462.0,3369.0,1277.0,3761.0
2023-09-02,718.0,2887.0,3896.0,1077.0,3542.0
2023-09-03,797.0,3003.0,3951.0,1184.0,3896.0
2023-09-04,807.0,2824.0,3553.0,1217.0,3981.0
2023-09-05,726.0,2508.0,2919.0,1421.0,3333.0
2023-09-06,710.0,2500.0,2765.0,1312.0,3108.0
2023-09-07,674.0,2666.0,3153.0,1249.0,3741.0
2023-09-08,630.0,2556.0,3439.0,1196.0,6127.0
2023-09-09,763.0,3318.0,3552.0,1125.0,4229.0
2023-09-10,872.0,3124.0,3484.0,1194.0,4250.0
2023-09-11,776.0,2430.0,3013.0,1287.0,4177.0
2023-09-12,718.0,2384.0,2973.0,1246.0,3825.0
2023-09-13,890.0,2672.0,3180.0,1233.0,3224.0
2023-09-14,1087.0,2942.0,3631.0,1236.0,3526.0
2023-09-15,1015.0,3033.0,3434.0,1199.0,3833.0
2023-09-16,1325.0,3528.0,3817.0,1054.0,4587.0
2023-09-17,1424.0,3802.0,4220.0,1178.0,4438.0
2023-09-18,1168.0,3264.0,3848.0,1304.0,3424.0
2023-09-19,1000.0,2906.0,3315.0,1291.0,3318.0
2023-09-20,855.0,2859.0,3065.0,1299.0,3188.0
2023-09-21,804.0,2938.0,3205.0,1227.0,3296.0
2023-09-22,859.0,3000.0,3430.0,1153.0,3209.0
2023-09-23,1074.0,3538.0,4015.0,1076.0,3683.0
2023-09-24,1074.0,3614.0,4221.0,1164.0,3906.0
2023-09-25,942.0,3011.0,3601.0,1316.0,3372.0
2023-09-26,769.0,2772.0,3445.0,1317.0,3326.0
2023-09-27,885.0,2668.0,3271.0,1292.0,3317.0
2023-09-28,880.0,2957.0,3426.0,1309.0,3250.0
2023-09-29,857.0,3025.0,3261.0,2294.0,3306.0
2023-09-30,969.0,3301.0,3599.0,1271.0,4580.0
2023-10-01,1092.0,3246.0,3866.0,1212.0,3945.0
2023-10-02,928.0,3018.0,3281.0,1352.0,3216.0
2023-10-03,794.0,2650.0,3120.0,1280.0,3648.0
2023-10-04,722.0,2877.0,3347.0,1351.0,3870.0
2023-10-05,735.0,2715.0,3320.0,1297.0,3285.0
2023-10-06,905.0,2710.0,3943.0,1157.0,3454.0
2023-10-07,928.0,2898.0,3715.0,1033.0,3835.0
2023-10-08,916.0,3116.0,3973.0,1212.0,3601.0
2023-10-09,985.0,2909.0,4055.0,1264.0,3440.0
2023-10-10,1008.0,2807.0,3632.0,1272.0,7724.0
2023-10-11,871.0,2731.0,3363.0,1358.0,5316.0
2023-10-12,853.0,2639.0,3275.0,1362.0,4054.0
2023-10-13,822.0,2789.0,3028.0,1115.0,3855.0
2023-10-14,1014.0,2964.0,3276.0,1086.0,6168.0
2023-10-15,1003.0,3093.0,3528.0,1253.0,4382.0
2023-10-16,1088.0,2975.0,4072.0,1394.0,3843.0
2023-10-17,1003.0,2972.0,4156.0,1431.0,3347.0
2023-10-18,1039.0,2835.0,4270.0,1385.0,3252.0
2023-10-19,944.0,2879.0,3730.0,1398.0,3888.0
2023-10-20,925.0,2851.0,3593.0,1270.0,4576.0
2023-10-21,994.0,2917.0,3754.0,1113.0,4415.0
2023-10-22,1013.0,3131.0,3943.0,1221.0,3843.0
2023-10-23,871.0,2915.0,3529.0,1369.0,3651.0
2023-10-24,932.0,2936.0,3322.0,1597.0,3352.0
2023-10-25,801.0,2817.0,3145.0,1300.0,3919.0
2023-10-26,811.0,2810.0,3277.0,1313.0,3274.0
2023-10-27,1762.0,3441.0,3752.0,1262.0,3305.0
2023-10-28,2136.0,3417.0,4258.0,1086.0,3419.0
2023-10-29,1770.0,3575.0,3949.0,1090.0,3690.0
2023-10-30,1476.0,3530.0,3661.0,1321.0,3262.0
2023-10-31,1284.0,3786.0,3416.0,1194.0,2887.0
2023-11-01,1395.0,4017.0,3514.0,1228.0,2993.0
2023-11-02,1296.0,3303.0,3318.0,1281.0,3627.0
2023-11-03,1294.0,3496.0,3449.0,1221.0,3769.0
2023-11-04,1228.0,3622.0,3688.0,1222.0,4308.0
2023-11-05,1246.0,3755.0,3848.0,1222.0,4041.0
2023-11-06,1164.0,3222.0,3862.0,1346.0,3706.0
2023-11-07,1155.0,3014.0,3227.0,1369.0,3196.0
2023-11-08,1433.0,3031.0,3349.0,1347.0,3170.0
2023-11-09,84785.0,29015.0,5256.0,1848.0,7940.0
2023-11-10,87859.0,26984.0,5901.0,2046.0,8150.0
2023-11-11,48618.0,20217.0,5336.0,2258.0,6646.0
2023-11-12,31523.0,16971.0,4565.0,1650.0,5891.0
2023-11-13,24025.0,13676.0,3860.0,1743.0,4814.0
2023-11-14,18183.0,11170.0,3537.0,1622.0,4131.0
2023-11-15,14851.0,10334.0,3404.0,1511.0,3803.0
2023-11-16,13145.0,8987.0,3389.0,1523.0,3734.0
2023-11-17,11309.0,9109.0,3557.0,1337.0,4207.0
2023-11-18,12032.0,9924.0,4052.0,1254.0,4034.0
2023-11-19,13204.0,9283.0,4367.0,1430.0,4288.0
2023-11-20,10600.0,7617.0,3817.0,1682.0,3719.0
2023-11-21,9865.0,6612.0,3587.0,1635.0,3458.0
2023-11-22,10996.0,6965.0,4027.0,1638.0,5285.0
2023-11-23,10570.0,6569.0,3858.0,1453.0,4158.0
2023-11-24,10386.0,6899.0,3670.0,1418.0,3999.0
2023-11-25,10291.0,7378.0,3775.0,1353.0,4242.0
2023-11-26,10496.0,7018.0,4221.0,1426.0,4402.0
2023-11-27,7807.0,5799.0,3964.0,1705.0,4463.0
2023-11-28,6271.0,5348.0,3767.0,1723.0,3565.0
2023-11-29,5992.0,5148.0,3506.0,1619.0,3485.0
2023-11-30,5905.0,4904.0,3464.0,1502.0,3417.0
2023-12-01,5892.0,4727.0,3443.0,1409.0,3331.0
2023-12-02,6727.0,5214.0,3461.0,1397.0,3686.0
2023-12-03,5666.0,5357.0,3531.0,1363.0,3996.0
2023-12-04,4902.0,4536.0,3256.0,1536.0,3546.0
2023-12-05,4818.0,4396.0,3323.0,1552.0,3440.0
2023-12-06,4879.0,4456.0,3432.0,1502.0,3399.0
2023-12-07,4361.0,4167.0,3123.0,1537.0,3280.0
2023-12-08,4157.0,3953.0,3074.0,1356.0,3627.0
2023-12-09,4888.0,4237.0,3370.0,1266.0,3726.0
2023-12-10,5213.0,4364.0,3360.0,1519.0,3850.0
2023-12-11,4209.0,3732.0,3095.0,1672.0,3674.0
2023-12-12,3755.0,3567.0,3078.0,1645.0,3201.0
2023-12-13,4131.0,3569.0,3490.0,1547.0,3262.0
2023-12-14,3451.0,3533.0,3120.0,1576.0,3331.0
2023-12-15,3240.0,3530.0,3204.0,1398.0,3863.0
2023-12-16,3427.0,3867.0,3007.0,1362.0,3862.0
2023-12-17,3716.0,4036.0,3235.0,1387.0,4196.0
2023-12-18,4056.0,3731.0,3194.0,1617.0,3635.0
2023-12-19,3724.0,3194.0,3065.0,1477.0,3480.0
2023-12-20,3649.0,3219.0,2871.0,1360.0,3489.0
2023-12-21,3472.0,3226.0,2755.0,1425.0,3539.0
2023-12-22,3680.0,3334.0,2751.0,1294.0,6289.0
2023-12-23,4071.0,3542.0,3083.0,1175.0,5373.0
2023-12-24,5198.0,3881.0,3268.0,1102.0,4918.0
2023-12-25,4037.0,3555.0,3824.0,1145.0,4163.0
2023-12-26,4395.0,3753.0,3561.0,1259.0,4431.0
2023-12-27,4649.0,3899.0,3468.0,1370.0,4288.0
2023-12-28,6006.0,6855.0,4917.0,1419.0,5001.0
2023-12-29,5004.0,4407.0,3768.0,1268.0,4880.0
2023-12-30,5077.0,4518.0,3633.0,1294.0,4587.0
2023-12-31,4901.0,4352.0,3472.0,1223.0,4323.0
2024-01-01,6025.0,5187.0,3942.0,2363.0,5191.0
2024-01-02,5448.0,4738.0,3579.0,1493.0,4577.0
2024-01-03,5074.0,3986.0,3237.0,1650.0,3938.0
2024-01-04,5077.0,4004.0,3317.0,1555.0,4054.0
2024-01-05,5091.0,3980.0,3267.0,1588.0,3915.0
2024-01-06,5947.0,4412.0,3587.0,1560.0,4861.0
2024-01-07,5612.0,4285.0,3395.0,1625.0,5129.0
2024-01-08,4584.0,3842.0,3213.0,1725.0,4860.0
2024-01-09,4588.0,3772.0,3233.0,1852.0,5116.0
2024-01-10,4612.0,3593.0,3205.0,1794.0,4933.0
2024-01-11,4345.0,3628.0,3210.0,1691.0,5180.0
2024-01-12,4947.0,3919.0,4152.0,1660.0,5452.0
2024-01-13,6710.0,4519.0,4263.0,1421.0,6231.0
2024-01-14,6430.0,4406.0,4232.0,1631.0,8552.0
2024-01-15,5759.0,4325.0,3849.0,1694.0,6352.0
2024-01-16,5286.0,4043.0,3629.0,1725.0,7430.0
2024-01-17,5155.0,3800.0,3468.0,1700.0,5589.0
2024-01-18,4809.0,3790.0,3455.0,1630.0,4506.0
2024-01-19,5100.0,3903.0,3374.0,1518.0,4853.0
2024-01-20,5954.0,4307.0,3627.0,1429.0,6332.0
2024-01-21,5950.0,4342.0,3773.0,1544.0,6644.0
2024-01-22,4736.0,3718.0,3580.0,1722.0,5429.0
2024-01-23,4689.0,3532.0,3499.0,1736.0,4434.0
2024-01-24,4575.0,3347.0,3647.0,1686.0,4144.0
2024-01-25,4310.0,3384.0,3247.0,1642.0,4138.0
2024-01-26,4335.0,3511.0,3427.0,1599.0,4213.0
2024-01-27,5611.0,3927.0,3962.0,1457.0,4571.0
2024-01-28,4604.0,4008.0,4349.0,1511.0,5051.0
2024-01-29,4125.0,3852.0,3753.0,1749.0,3993.0
2024-01-30,3588.0,3486.0,3554.0,1810.0,3857.0
2024-01-31,3516.0,3559.0,3770.0,1755.0,3922.0
2024-02-01,3438.0,3202.0,3422.0,1661.0,3596.0
2024-02-02,4221.0,3123.0,3612.0,1506.0,4917.0
2024-02-03,5998.0,3797.0,4476.0,1439.0,6817.0
2024-02-04,6296.0,3915.0,5386.0,1530.0,5686.0
2024-02-05,4614.0,3344.0,3541.0,1743.0,4108.0
2024-02-06,4061.0,2968.0,2992.0,1729.0,3986.0
2024-02-07,4379.0,3078.0,3462.0,1752.0,3639.0
2024-02-08,8245.0,3896.0,5192.0,1655.0,4019.0
2024-02-09,7796.0,4085.0,4345.0,1569.0,4160.0
2024-02-10,7722.0,4314.0,4225.0,1461.0,4916.0
2024-02-11,7940.0,4600.0,4596.0,1549.0,4659.0
2024-02-12,8391.0,4281.0,3568.0,1744.0,3806.0
2024-02-13,5666.0,3641.0,3254.0,1576.0,4264.0
2024-02-14,4990.0,3292.0,3125.0,1565.0,4174.0
2024-02-15,4891.0,3389.0,3070.0,1405.0,4357.0
2024-02-16,4981.0,3439.0,3214.0,1460.0,3800.0
2024-02-17,5609.0,3837.0,3698.0,1363.0,4066.0
2024-02-18,5543.0,4181.0,4055.0,1491.0,4483.0
2024-02-19,4810.0,3770.0,3533.0,1704.0,3943.0
2024-02-20,4454.0,3311.0,3316.0,1749.0,3531.0
2024-02-21,3903.0,3131.0,3147.0,1650.0,3223.0
2024-02-22,3767.0,3116.0,3093.0,1659.0,3447.0
2024-02-23,4035.0,3391.0,3238.0,1581.0,3375.0
2024-02-24,5113.0,3806.0,3498.0,2042.0,4523.0
2024-02-25,5289.0,3954.0,3625.0,1644.0,5356.0
2024-02-26,4169.0,3139.0,3361.0,1866.0,4534.0
2024-02-27,4312.0,3085.0,3361.0,1725.0,6690.0
2024-02-28,3828.0,3003.0,3373.0,1625.0,5917.0
2024-02-29,3779.0,2933.0,3389.0,1684.0,5051.0
2024-03-01,4150.0,3320.0,3253.0,1481.0,4337.0
2024-03-02,5271.0,3759.0,3552.0,1428.0,4949.0
2024-03-03,5415.0,3857.0,3596.0,1533.0,5227.0
2024-03-04,4214.0,3231.0,3233.0,1672.0,4063.0
2024-03-05,4559.0,3288.0,3148.0,1727.0,3526.0
2024-03-06,4944.0,3477.0,3061.0,1785.0,3490.0
2024-03-07,40483.0,9884.0,3672.0,1716.0,4582.0
2024-03-08,43257.0,12515.0,3994.0,1609.0,4758.0
2024-03-09,22648.0,8764.0,3987.0,1493.0,4640.0
2024-03-10,19268.0,7983.0,4238.0,1592.0,5030.0
2024-03-11,13595.0,6195.0,3814.0,1682.0,4518.0
2024-03-12,10520.0,5228.0,3528.0,1744.0,4120.0
2024-03-13,11915.0,5513.0,3288.0,1745.0,3851.0
2024-03-14,11219.0,5886.0,3433.0,1686.0,3476.0
2024-03-15,10829.0,5480.0,3281.0,1503.0,3460.0
2024-03-16,11966.0,5999.0,3380.0,1419.0,4087.0
2024-03-17,11523.0,5884.0,3608.0,1476.0,4323.0
2024-03-18,9666.0,4958.0,3363.0,1751.0,4076.0
2024-03-19,8321.0,4372.0,3380.0,1729.0,4029.0
2024-03-20,7716.0,4313.0,3208.0,1552.0,3520.0
2024-03-21,7121.0,4053.0,2940.0,1603.0,3546.0
2024-03-22,7643.0,4238.0,2880.0,1540.0,5101.0
2024-03-23,9453.0,5190.0,3197.0,1337.0,5656.0
2024-03-24,9961.0,5179.0,3438.0,1558.0,5586.0
2024-03-25,8024.0,4275.0,3113.0,1611.0,3914.0
2024-03-26,7218.0,3837.0,3130.0,1674.0,3590.0
2024-03-27,7766.0,3740.0,2994.0,1568.0,3638.0
2024-03-28,8259.0,3975.0,3716.0,1787.0,4087.0
2024-03-29,9971.0,4363.0,2939.0,1481.0,4183.0
2024-03-30,10150.0,4581.0,3230.0,1358.0,4300.0
2024-03-31,9608.0,4435.0,3407.0,1334.0,4345.0
2024-04-01,8644.0,4184.0,3276.0,1661.0,4079.0
2024-04-02,7453.0,3638.0,3096.0,1714.0,3722.0
2024-04-03,7148.0,3881.0,3226.0,2282.0,3554.0
2024-04-04,7501.0,3647.0,3137.0,2773.0,3481.0
2024-04-05,7864.0,3874.0,3436.0,1514.0,3594.0
2024-04-06,10185.0,4566.0,3545.0,1416.0,4719.0
2024-04-07,10718.0,4821.0,3607.0,1659.0,5456.0
2024-04-08,8117.0,3862.0,3164.0,1704.0,3858.0
2024-04-09,7021.0,3482.0,2963.0,1691.0,3590.0
2024-04-10,7022.0,3579.0,3054.0,1653.0,3972.0
2024-04-11,6755.0,3776.0,2958.0,1571.0,3794.0
2024-04-12,7829.0,4246.0,2962.0,1433.0,3624.0
2024-04-13,7988.0,4170.0,2923.0,1405.0,3562.0
2024-04-14,8540.0,3973.0,3131.0,1502.0,4106.0
2024-04-15,6334.0,3428.0,2896.0,1639.0,3796.0
2024-04-16,6654.0,3474.0,2921.0,1652.0,3175.0
2024-04-17,7498.0,3723.0,3043.0,1729.0,3114.0
2024-04-18,7281.0,4013.0,2860.0,1598.0,3206.0
2024-04-19,7449.0,7782.0,2858.0,1526.0,3213.0
2024-04-20,8650.0,5021.0,3047.0,1424.0,3595.0
2024-04-21,9102.0,4722.0,3335.0,1491.0,3806.0
2024-04-22,7267.0,3891.0,3386.0,1703.0,3228.0
2024-04-23,6084.0,3475.0,2825.0,1652.0,3311.0
2024-04-24,5901.0,3486.0,3115.0,1591.0,3190.0
2024-04-25,5849.0,3484.0,3057.0,1589.0,3231.0
2024-04-26,6240.0,3683.0,2917.0,1418.0,3336.0
2024-04-27,7470.0,3877.0,3490.0,1325.0,3691.0
2024-04-28,7858.0,4232.0,3517.0,1541.0,3859.0
2024-04-29,6622.0,3608.0,3403.0,1663.0,3817.0
2024-04-30,6779.0,3442.0,3497.0,1547.0,3821.0
2024-05-01,6572.0,3732.0,3104.0,1492.0,3469.0
2024-05-02,6551.0,3560.0,2905.0,1442.0,3191.0
2024-05-03,7152.0,3685.0,2978.0,1439.0,3179.0
2024-05-04,7856.0,4044.0,3196.0,1389.0,3304.0
2024-05-05,8689.0,4401.0,3622.0,1449.0,4071.0
2024-05-06,7300.0,3963.0,3299.0,1549.0,3280.0
2024-05-07,6712.0,3604.0,2938.0,1616.0,3002.0
2024-05-08,6383.0,3665.0,3231.0,1581.0,3067.0
2024-05-09,6970.0,3698.0,3074.0,1576.0,3131.0
2024-05-10,8033.0,3874.0,2834.0,1474.0,2906.0
2024-05-11,8687.0,4239.0,3228.0,1282.0,3277.0
2024-05-12,10117.0,4939.0,4160.0,1399.0,4445.0
2024-05-13,9264.0,4696.0,3518.0,1619.0,3598.0
2024-05-14,12355.0,5035.0,3041.0,1470.0,3346.0
2024-05-15,12289.0,5131.0,2886.0,1411.0,3546.0
2024-05-16,10671.0,5066.0,2975.0,1445.0,3492.0
2024-05-17,10225.0,5152.0,2923.0,1309.0,3372.0
2024-05-18,10431.0,5720.0,3070.0,1263.0,4034.0
2024-05-19,11613.0,6275.0,3217.0,1253.0,4226.0
2024-05-20,10956.0,5688.0,3044.0,1468.0,3342.0
2024-05-21,11573.0,5686.0,4346.0,1536.0,3235.0
2024-05-22,12856.0,5598.0,4550.0,1416.0,3218.0
2024-05-23,15079.0,6349.0,3516.0,1383.0,8411.0
2024-05-24,15664.0,6837.0,3171.0,1321.0,5092.0
2024-05-25,17604.0,7108.0,3266.0,1244.0,4495.0
2024-05-26,19687.0,8014.0,3721.0,1284.0,4404.0
2024-05-27,22198.0,8673.0,3474.0,1404.0,5794.0
2024-05-28,20948.0,7653.0,3375.0,1405.0,4897.0
2024-05-29,20559.0,8124.0,3310.0,1417.0,4187.0
2024-05-30,19854.0,8450.0,3677.0,1388.0,3984.0
2024-05-31,22327.0,8792.0,3509.0,1274.0,3725.0
2024-06-01,27695.0,10247.0,3744.0,1040.0,4647.0
2024-06-02,30147.0,11721.0,4156.0,1186.0,4674.0
2024-06-03,30066.0,15775.0,3929.0,1346.0,4530.0
2024-06-04,26719.0,11356.0,3609.0,1342.0,4064.0
2024-06-05,33036.0,12419.0,3927.0,1299.0,4696.0
2024-06-06,32353.0,12602.0,3767.0,1310.0,8107.0
2024-06-07,32276.0,14051.0,3454.0,1208.0,8180.0
2024-06-08,31551.0,19237.0,3723.0,1144.0,5730.0
2024-06-09,34927.0,19614.0,4183.0,1241.0,5493.0
2024-06-10,43397.0,19138.0,3908.0,1279.0,8579.0
2024-06-11,50055.0,20805.0,4009.0,1316.0,11195.0
2024-06-12,80483.0,28189.0,4758.0,1409.0,8570.0
2024-06-13,110565.0,35025.0,5401.0,1422.0,8440.0
2024-06-14,181987.0,53163.0,6441.0,1487.0,12159.0
2024-06-15,216432.0,62847.0,6925.0,1529.0,12850.0
2024-06-16,207095.0,65303.0,7578.0,1725.0,13014.0
2024-06-17,178209.0,58473.0,7686.0,1793.0,11179.0
2024-06-18,125481.0,48778.0,5562.0,1757.0,8863.0
2024-06-19,117275.0,49769.0,5564.0,1801.0,8917.0
2024-06-20,111127.0,44006.0,5242.0,1802.0,7939.0
2024-06-21,99584.0,44844.0,4936.0,1722.0,8025.0
2024-06-22,161656.0,56291.0,5298.0,1599.0,9264.0
2024-06-23,192333.0,60770.0,6234.0,1740.0,10442.0
2024-06-24,117762.0,47675.0,5724.0,1873.0,8083.0
2024-06-25,86351.0,38262.0,4622.0,1670.0,6858.0
2024-06-26,87327.0,36340.0,4358.0,1695.0,6553.0
2024-06-27,74695.0,33444.0,4359.0,1618.0,5945.0
2024-06-28,71287.0,34524.0,4069.0,1439.0,6051.0
2024-06-29,80931.0,42744.0,4215.0,1497.0,7292.0
2024-06-30,100224.0,44614.0,4882.0,1604.0,7694.0
2024-07-01,96901.0,38488.0,4561.0,1669.0,6784.0
2024-07-02,71167.0,31249.0,4110.0,1672.0,5795.0
2024-07-03,63796.0,27792.0,4004.0,1782.0,5560.0
2024-07-04,58579.0,26879.0,4028.0,1527.0,5366.0
2024-07-05,76891.0,27092.0,3886.0,1589.0,5240.0
2024-07-06,114546.0,31377.0,4080.0,1581.0,5852.0
2024-07-07,121009.0,30668.0,4371.0,1589.0,6888.0
2024-07-08,93923.0,23862.0,3799.0,1734.0,5268.0
2024-07-09,81442.0,20424.0,3732.0,1686.0,4718.0
2024-07-10,79292.0,19020.0,4015.0,1549.0,5888.0
2024-07-11,75059.0,17819.0,4377.0,1675.0,6085.0
2024-07-12,69086.0,18725.0,3910.0,1599.0,5290.0
2024-07-13,85685.0,22257.0,4195.0,1463.0,5673.0
2024-07-14,79451.0,20303.0,3802.0,1446.0,4942.0
2024-07-15,64827.0,15763.0,3655.0,1570.0,4439.0
2024-07-16,62231.0,14097.0,3377.0,1495.0,4649.0
2024-07-17,58225.0,13634.0,3316.0,1485.0,4333.0
2024-07-18,55409.0,12500.0,3534.0,1569.0,4170.0
2024-07-19,57643.0,12776.0,3290.0,1453.0,4436.0
2024-07-20,72709.0,15521.0,3535.0,1412.0,4655.0
2024-07-21,76468.0,15446.0,3722.0,1645.0,4865.0
2024-07-22,60844.0,12563.0,3490.0,1444.0,3970.0
2024-07-23,55468.0,11371.0,3178.0,1549.0,3679.0
2024-07-24,66341.0,12255.0,3354.0,1492.0,3865.0
2024-07-25,69285.0,13409.0,3358.0,1572.0,4127.0
2024-07-26,58176.0,11809.0,3514.0,1429.0,3881.0
2024-07-27,62534.0,12048.0,3311.0,1376.0,3983.0
2024-07-28,73115.0,12674.0,3487.0,1556.0,4264.0
2024-07-29,65793.0,10498.0,3263.0,1618.0,3971.0
2024-07-30,54224.0,9516.0,3222.0,1588.0,3665.0
2024-07-31,49404.0,8334.0,2969.0,1637.0,3395.0
2024-08-01,48476.0,8419.0,2906.0,1568.0,3243.0
2024-08-02,56234.0,9098.0,2962.0,1604.0,3342.0
2024-08-03,62311.0,10478.0,3254.0,1344.0,3887.0
2024-08-04,68770.0,11037.0,3400.0,1388.0,4259.0
2024-08-05,56085.0,8868.0,3142.0,1650.0,3450.0
2024-08-06,46688.0,7721.0,2774.0,1582.0,3061.0
2024-08-07,45751.0,7979.0,2846.0,1596.0,3271.0
2024-08-08,42564.0,7556.0,3007.0,1607.0,3403.0
2024-08-09,43794.0,7822.0,3058.0,1556.0,3408.0
2024-08-10,54377.0,9254.0,10275.0,1489.0,3800.0
2024-08-11,60580.0,9436.0,6007.0,1617.0,4155.0
2024-08-12,46217.0,8083.0,4661.0,1956.0,3928.0
2024-08-13,37821.0,7200.0,4030.0,1883.0,3513.0
2024-08-14,35761.0,6684.0,3814.0,1839.0,3312.0
2024-08-15,38369.0,6601.0,3651.0,1723.0,3366.0
2024-08-16,39158.0,6678.0,3315.0,1500.0,3302.0
2024-08-17,47038.0,7727.0,3620.0,1540.0,4142.0
2024-08-18,52654.0,8002.0,3771.0,1584.0,4425.0
2024-08-19,43776.0,7068.0,3734.0,1762.0,3945.0
2024-08-20,49359.0,8808.0,3514.0,1767.0,4288.0
2024-08-21,47296.0,8344.0,3374.0,1787.0,4376.0
2024-08-22,43005.0,8010.0,3529.0,1815.0,4406.0
2024-08-23,42114.0,7857.0,3452.0,1704.0,5766.0
2024-08-24,56114.0,9607.0,3624.0,1702.0,5523.0
2024-08-25,66088.0,10145.0,3974.0,1739.0,5742.0
2024-08-26,48954.0,8286.0,4313.0,1890.0,4926.0
2024-08-27,37132.0,6652.0,14137.0,2917.0,4018.0
2024-08-28,32849.0,6231.0,4562.0,1965.0,3993.0
2024-08-29,31055.0,5779.0,3277.0,1815.0,3901.0
2024-08-30,33178.0,6099.0,3431.0,1726.0,3880.0
2024-08-31,41887.0,7366.0,3409.0,1679.0,4041.0
2024-09-01,53959.0,8028.0,3827.0,1658.0,4333.0
2024-09-02,48992.0,7471.0,3729.0,1842.0,4253.0
2024-09-03,29777.0,5510.0,3376.0,1948.0,4032.0
2024-09-04,23962.0,4561.0,2826.0,1922.0,3130.0
2024-09-05,22821.0,4623.0,3006.0,1803.0,3804.0
2024-09-06,24140.0,4884.0,2959.0,1771.0,3360.0
2024-09-07,32985.0,6128.0,3166.0,1658.0,3598.0
2024-09-08,37015.0,6173.0,3217.0,1694.0,3822.0
2024-09-09,24231.0,4675.0,3053.0,1999.0,3220.0
2024-09-10,20288.0,4330.0,3196.0,1998.0,3079.0
2024-09-11,18887.0,4155.0,2958.0,1744.0,2768.0
2024-09-12,27215.0,6130.0,2831.0,1858.0,3009.0
