date,James_Webb_Space_Telescope,NASA,Hubble_Space_Telescope,Webb's_First_Deep_Field,Carina_Nebula
2021-02-15,2756.0,4084.0,1985.0,0.0,212.0
2021-02-16,1999.0,3984.0,1808.0,0.0,173.0
2021-02-17,2027.0,4294.0,1853.0,0.0,171.0
2021-02-18,4966.0,13869.0,3068.0,0.0,190.0
2021-02-19,4395.0,14243.0,2855.0,0.0,165.0
2021-02-20,3115.0,8963.0,2340.0,0.0,169.0
2021-02-21,2580.0,6748.0,2260.0,0.0,191.0
2021-02-22,2718.0,7428.0,2475.0,0.0,174.0
2021-02-23,3256.0,7953.0,2728.0,0.0,162.0
2021-02-24,2831.0,6629.0,2612.0,0.0,186.0
2021-02-25,2783.0,6189.0,2408.0,0.0,171.0
2021-02-26,2657.0,5389.0,2462.0,0.0,198.0
2021-02-27,2324.0,4922.0,2743.0,0.0,173.0
2021-02-28,2583.0,5099.0,2488.0,0.0,171.0
2021-03-01,3053.0,5321.0,2606.0,0.0,192.0
2021-03-02,5404.0,5305.0,2573.0,0.0,176.0
2021-03-03,3232.0,4923.0,2450.0,0.0,152.0
2021-03-04,2895.0,5064.0,2450.0,0.0,161.0
2021-03-05,2639.0,4755.0,2267.0,0.0,177.0
2021-03-06,2550.0,3981.0,2158.0,0.0,161.0
2021-03-07,2400.0,3975.0,2093.0,0.0,180.0
2021-03-08,2601.0,4715.0,2696.0,0.0,171.0
2021-03-09,2923.0,4504.0,3566.0,0.0,180.0
2021-03-10,2505.0,5226.0,2982.0,0.0,203.0
2021-03-11,2200.0,4533.0,2846.0,0.0,157.0
2021-03-12,2655.0,4935.0,2691.0,0.0,151.0
2021-03-13,2455.0,3776.0,2207.0,0.0,172.0
2021-03-14,2863.0,4073.0,2718.0,0.0,168.0
2021-03-15,3179.0,4037.0,2877.0,0.0,203.0
2021-03-16,2530.0,3864.0,2413.0,0.0,200.0
2021-03-17,2088.0,3919.0,2391.0,0.0,165.0
2021-03-18,2530.0,4416.0,2335.0,0.0,183.0
2021-03-19,2083.0,4478.0,2122.0,0.0,173.0
2021-03-20,2314.0,3816.0,1841.0,0.0,183.0
2021-03-21,2290.0,3987.0,4410.0,0.0,208.0
2021-03-22,2270.0,4561.0,2852.0,0.0,219.0
2021-03-23,3187.0,5347.0,2815.0,0.0,188.0
2021-03-24,3438.0,4198.0,2480.0,0.0,191.0
2021-03-25,3040.0,4127.0,2361.0,0.0,200.0
2021-03-26,2574.0,4537.0,2201.0,0.0,190.0
2021-03-27,2284.0,4789.0,1907.0,0.0,148.0
2021-03-28,2380.0,8187.0,1994.0,0.0,168.0
2021-03-29,2588.0,5749.0,2349.0,0.0,161.0
2021-03-30,2476.0,4617.0,2158.0,0.0,192.0
2021-03-31,2238.0,4121.0,2292.0,0.0,185.0
2021-04-01,1992.0,4293.0,2124.0,0.0,194.0
2021-04-02,1815.0,3894.0,1883.0,0.0,254.0
2021-04-03,3028.0,3810.0,2018.0,0.0,227.0
2021-04-04,3315.0,3841.0,1825.0,0.0,246.0
2021-04-05,4530.0,3884.0,2817.0,0.0,306.0
2021-04-06,3342.0,3994.0,2154.0,0.0,186.0
2021-04-07,3145.0,3974.0,2148.0,0.0,216.0
2021-04-08,6664.0,3958.0,2290.0,0.0,211.0
2021-04-09,3941.0,3732.0,2103.0,0.0,204.0
2021-04-10,2537.0,3512.0,1976.0,0.0,223.0
2021-04-11,2358.0,3775.0,1992.0,0.0,209.0
2021-04-12,2929.0,11320.0,4349.0,0.0,239.0
2021-04-13,2430.0,4325.0,2566.0,0.0,238.0
2021-04-14,2308.0,4394.0,2237.0,0.0,250.0
2021-04-15,2135.0,4394.0,2055.0,0.0,183.0
2021-04-16,1993.0,4167.0,2012.0,0.0,207.0
2021-04-17,2063.0,4801.0,1899.0,0.0,191.0
2021-04-18,2113.0,4087.0,2027.0,0.0,168.0
2021-04-19,2414.0,5546.0,2502.0,0.0,196.0
2021-04-20,2105.0,5211.0,2293.0,0.0,201.0
2021-04-21,2118.0,4703.0,2117.0,0.0,181.0
2021-04-22,2214.0,4864.0,2516.0,0.0,184.0
2021-04-23,2391.0,5753.0,3229.0,0.0,177.0
2021-04-24,2559.0,4872.0,4305.0,0.0,220.0
2021-04-25,2721.0,4287.0,4152.0,0.0,195.0
2021-04-26,2392.0,4871.0,3054.0,0.0,240.0
2021-04-27,2253.0,4683.0,2770.0,0.0,197.0
2021-04-28,2071.0,4674.0,2770.0,0.0,185.0
2021-04-29,2293.0,4969.0,2708.0,0.0,194.0
2021-04-30,2058.0,4456.0,2476.0,0.0,193.0
2021-05-01,2030.0,3773.0,2091.0,0.0,215.0
2021-05-02,2128.0,4515.0,2449.0,0.0,619.0
2021-05-03,2352.0,4700.0,2533.0,0.0,373.0
2021-05-04,2259.0,4359.0,2548.0,0.0,219.0
2021-05-05,2257.0,4223.0,2666.0,0.0,178.0
2021-05-06,2279.0,4173.0,2363.0,0.0,200.0
2021-05-07,2069.0,4005.0,2176.0,0.0,175.0
2021-05-08,1836.0,3962.0,1923.0,0.0,175.0
2021-05-09,1893.0,4853.0,2152.0,0.0,152.0
2021-05-10,1956.0,4536.0,2350.0,0.0,140.0
2021-05-11,2963.0,4190.0,2494.0,0.0,135.0
2021-05-12,5807.0,4021.0,2815.0,0.0,135.0
2021-05-13,4028.0,3851.0,2587.0,0.0,142.0
2021-05-14,2848.0,3719.0,2174.0,0.0,159.0
2021-05-15,2512.0,3714.0,1830.0,0.0,157.0
2021-05-16,2706.0,6830.0,2072.0,0.0,190.0
2021-05-17,2646.0,4267.0,2283.0,0.0,168.0
2021-05-18,2698.0,4010.0,2496.0,0.0,182.0
2021-05-19,2225.0,4455.0,2209.0,0.0,139.0
2021-05-20,2354.0,4091.0,2859.0,0.0,159.0
2021-05-21,2293.0,3570.0,2399.0,0.0,169.0
2021-05-22,2111.0,3145.0,1866.0,0.0,139.0
2021-05-23,2180.0,3306.0,2005.0,0.0,135.0
2021-05-24,2141.0,3577.0,2213.0,0.0,153.0
2021-05-25,2181.0,3783.0,2209.0,0.0,151.0
2021-05-26,2198.0,4512.0,2343.0,0.0,188.0
2021-05-27,2429.0,3600.0,2238.0,0.0,149.0
2021-05-28,2450.0,3412.0,2051.0,0.0,154.0
2021-05-29,2139.0,3104.0,1823.0,0.0,173.0
2021-05-30,2247.0,3298.0,2069.0,0.0,170.0
2021-05-31,2405.0,3277.0,2065.0,0.0,139.0
2021-06-01,3433.0,3479.0,2335.0,0.0,160.0
2021-06-02,4203.0,3780.0,2346.0,0.0,153.0
2021-06-03,3187.0,4035.0,2300.0,0.0,146.0
2021-06-04,2403.0,3367.0,1868.0,0.0,148.0
2021-06-05,1873.0,2960.0,1607.0,0.0,143.0
2021-06-06,2130.0,3200.0,1708.0,0.0,161.0
2021-06-07,2036.0,3327.0,1774.0,0.0,174.0
2021-06-08,2004.0,3220.0,1885.0,0.0,156.0
2021-06-09,1915.0,3112.0,1763.0,0.0,136.0
2021-06-10,1791.0,3401.0,1799.0,0.0,149.0
2021-06-11,1767.0,3048.0,1731.0,0.0,134.0
2021-06-12,1724.0,2924.0,1491.0,0.0,135.0
2021-06-13,1752.0,2939.0,1526.0,0.0,123.0
2021-06-14,1984.0,3103.0,1749.0,0.0,121.0
2021-06-15,1792.0,3083.0,1694.0,0.0,116.0
2021-06-16,2273.0,3126.0,2110.0,0.0,130.0
2021-06-17,2808.0,3267.0,3015.0,0.0,181.0
2021-06-18,2844.0,3106.0,3976.0,0.0,162.0
2021-06-19,3018.0,2916.0,2925.0,0.0,171.0
2021-06-20,3541.0,3104.0,3504.0,0.0,142.0
2021-06-21,3796.0,3073.0,4716.0,0.0,166.0
2021-06-22,3792.0,2907.0,5185.0,0.0,169.0
2021-06-23,3005.0,3132.0,3885.0,0.0,139.0
2021-06-24,4201.0,3122.0,3412.0,0.0,165.0
2021-06-25,3045.0,2828.0,2908.0,0.0,144.0
2021-06-26,2532.0,2646.0,2794.0,0.0,110.0
2021-06-27,2501.0,2698.0,3060.0,0.0,122.0
2021-06-28,2899.0,2748.0,2991.0,0.0,137.0
2021-06-29,2507.0,2811.0,3163.0,0.0,186.0
2021-06-30,2620.0,2893.0,2748.0,0.0,165.0
2021-07-01,3664.0,3041.0,4144.0,0.0,139.0
2021-07-02,3501.0,3009.0,4548.0,0.0,180.0
2021-07-03,2602.0,2999.0,2703.0,0.0,136.0
2021-07-04,2540.0,3029.0,3177.0,0.0,166.0
2021-07-05,2670.0,3214.0,2961.0,0.0,196.0
2021-07-06,2591.0,3329.0,2928.0,0.0,159.0
2021-07-07,3565.0,3357.0,2305.0,0.0,145.0
2021-07-08,2885.0,3118.0,2367.0,0.0,167.0
2021-07-09,2082.0,3018.0,2157.0,0.0,152.0
2021-07-10,2286.0,3247.0,2265.0,0.0,118.0
2021-07-11,2096.0,3663.0,2057.0,0.0,135.0
2021-07-12,1914.0,4228.0,2130.0,0.0,134.0
2021-07-13,2014.0,4095.0,2105.0,0.0,119.0
2021-07-14,2165.0,3551.0,2474.0,0.0,114.0
2021-07-15,3400.0,3442.0,3279.0,0.0,135.0
2021-07-16,5342.0,3260.0,5934.0,0.0,137.0
2021-07-17,5556.0,3276.0,12298.0,0.0,169.0
2021-07-18,3769.0,3328.0,4374.0,0.0,154.0
2021-07-19,4228.0,4123.0,4242.0,0.0,210.0
2021-07-20,3549.0,5697.0,4073.0,0.0,133.0
2021-07-21,2874.0,4648.0,2973.0,0.0,143.0
2021-07-22,2869.0,3967.0,2702.0,0.0,136.0
2021-07-23,2838.0,3636.0,2292.0,0.0,97.0
2021-07-24,2972.0,3236.0,2081.0,0.0,115.0
2021-07-25,3353.0,3134.0,2354.0,0.0,125.0
2021-07-26,2764.0,3322.0,2056.0,0.0,131.0
2021-07-27,2501.0,3525.0,1856.0,0.0,118.0
2021-07-28,2415.0,3346.0,1864.0,0.0,130.0
2021-07-29,2466.0,3822.0,1836.0,0.0,136.0
2021-07-30,2218.0,3849.0,1791.0,0.0,163.0
2021-07-31,1813.0,3044.0,1723.0,0.0,102.0
2021-08-01,1792.0,2887.0,1533.0,0.0,127.0
2021-08-02,2046.0,2982.0,1567.0,0.0,142.0
2021-08-03,2468.0,2954.0,1666.0,0.0,108.0
2021-08-04,2578.0,3058.0,1804.0,0.0,150.0
2021-08-05,2537.0,2928.0,1776.0,0.0,161.0
2021-08-06,2129.0,2776.0,1450.0,0.0,140.0
2021-08-07,2387.0,2613.0,1453.0,0.0,118.0
2021-08-08,2518.0,2919.0,1637.0,0.0,145.0
2021-08-09,2247.0,2994.0,1618.0,0.0,156.0
2021-08-10,2981.0,3175.0,1755.0,0.0,113.0
2021-08-11,2234.0,3084.0,1555.0,0.0,144.0
2021-08-12,2049.0,3077.0,1702.0,0.0,129.0
2021-08-13,2606.0,2889.0,1546.0,0.0,131.0
2021-08-14,2378.0,2560.0,1523.0,0.0,126.0
2021-08-15,2353.0,2621.0,1559.0,0.0,106.0
2021-08-16,2089.0,2933.0,1531.0,0.0,107.0
2021-08-17,2130.0,3041.0,1531.0,0.0,138.0
2021-08-18,2419.0,3098.0,1673.0,0.0,119.0
2021-08-19,2382.0,2983.0,1587.0,0.0,114.0
2021-08-20,2406.0,3698.0,1715.0,0.0,114.0
2021-08-21,2522.0,3423.0,1723.0,0.0,140.0
2021-08-22,2704.0,2847.0,1688.0,0.0,150.0
2021-08-23,2629.0,2928.0,1899.0,0.0,112.0
2021-08-24,2350.0,2902.0,1746.0,0.0,186.0
2021-08-25,2133.0,2920.0,1742.0,0.0,154.0
2021-08-26,4509.0,2917.0,1896.0,0.0,163.0
2021-08-27,6014.0,3091.0,1891.0,0.0,159.0
2021-08-28,3867.0,3344.0,1707.0,0.0,113.0
2021-08-29,3225.0,3780.0,1806.0,0.0,133.0
2021-08-30,6766.0,3239.0,1902.0,0.0,140.0
2021-08-31,5899.0,3003.0,1946.0,0.0,153.0
2021-09-01,3396.0,2885.0,1769.0,0.0,121.0
2021-09-02,2824.0,3139.0,1915.0,0.0,132.0
2021-09-03,3424.0,2742.0,1831.0,0.0,153.0
2021-09-04,3216.0,2589.0,1672.0,0.0,121.0
2021-09-05,2985.0,2550.0,1559.0,0.0,139.0
2021-09-06,2945.0,2843.0,1856.0,0.0,208.0
2021-09-07,3330.0,2928.0,2041.0,0.0,169.0
2021-09-08,7953.0,3195.0,2412.0,0.0,106.0
2021-09-09,7731.0,3026.0,2506.0,0.0,133.0
2021-09-10,4189.0,2865.0,1993.0,0.0,127.0
2021-09-11,2836.0,2601.0,1704.0,0.0,102.0
2021-09-12,2735.0,2741.0,1765.0,0.0,114.0
2021-09-13,2748.0,3054.0,1938.0,0.0,115.0
2021-09-14,2485.0,3169.0,2025.0,0.0,151.0
2021-09-15,2484.0,3443.0,2445.0,0.0,137.0
2021-09-16,3348.0,3903.0,3374.0,0.0,144.0
2021-09-17,2676.0,3369.0,2463.0,0.0,136.0
2021-09-18,2333.0,2823.0,1840.0,0.0,114.0
2021-09-19,2509.0,2954.0,2035.0,0.0,85.0
2021-09-20,2241.0,3039.0,2109.0,0.0,129.0
2021-09-21,2223.0,3330.0,1951.0,0.0,135.0
2021-09-22,2890.0,3926.0,2128.0,0.0,145.0
2021-09-23,3803.0,3273.0,2262.0,0.0,143.0
2021-09-24,3053.0,2994.0,2323.0,0.0,116.0
2021-09-25,2656.0,2903.0,1867.0,0.0,109.0
2021-09-26,2627.0,2898.0,1915.0,0.0,157.0
2021-09-27,3052.0,3166.0,2089.0,0.0,162.0
2021-09-28,5927.0,3553.0,2823.0,0.0,142.0
2021-09-29,5461.0,3588.0,2398.0,0.0,156.0
2021-09-30,4284.0,3385.0,1926.0,0.0,170.0
2021-10-01,11558.0,3412.0,2343.0,0.0,169.0
2021-10-02,8305.0,2921.0,1988.0,0.0,126.0
2021-10-03,7666.0,4014.0,2269.0,0.0,115.0
2021-10-04,6883.0,3363.0,2573.0,0.0,146.0
2021-10-05,5361.0,3097.0,2133.0,0.0,123.0
2021-10-06,4990.0,3383.0,2118.0,0.0,113.0
2021-10-07,4833.0,3092.0,1963.0,0.0,136.0
2021-10-08,5002.0,3055.0,2021.0,0.0,167.0
2021-10-09,3794.0,2798.0,1888.0,0.0,104.0
2021-10-10,3626.0,2934.0,2465.0,0.0,136.0
2021-10-11,4013.0,3478.0,2246.0,0.0,149.0
2021-10-12,5583.0,3173.0,2180.0,0.0,130.0
2021-10-13,8597.0,3501.0,2650.0,0.0,184.0
2021-10-14,5934.0,3116.0,2393.0,0.0,145.0
2021-10-15,5573.0,3044.0,2137.0,0.0,150.0
2021-10-16,6223.0,2927.0,2224.0,0.0,243.0
2021-10-17,5179.0,3033.0,2174.0,0.0,137.0
2021-10-18,6166.0,3373.0,2246.0,0.0,170.0
2021-10-19,6346.0,3291.0,2499.0,0.0,187.0
2021-10-20,5464.0,3142.0,2281.0,0.0,154.0
2021-10-21,5208.0,3341.0,2118.0,0.0,149.0
2021-10-22,5768.0,3083.0,2231.0,0.0,158.0
2021-10-23,4773.0,2743.0,1941.0,0.0,150.0
2021-10-24,4941.0,2717.0,2021.0,0.0,126.0
2021-10-25,5010.0,3290.0,2235.0,0.0,155.0
2021-10-26,4899.0,3485.0,2304.0,0.0,148.0
2021-10-27,4798.0,3456.0,2090.0,0.0,143.0
2021-10-28,4594.0,3148.0,2105.0,0.0,130.0
2021-10-29,3960.0,3241.0,1973.0,0.0,133.0
2021-10-30,3554.0,2711.0,1912.0,0.0,126.0
2021-10-31,5412.0,2788.0,2065.0,0.0,130.0
2021-11-01,5686.0,3005.0,2220.0,0.0,171.0
2021-11-02,6713.0,3044.0,2802.0,0.0,183.0
2021-11-03,6814.0,2931.0,3235.0,0.0,185.0
2021-11-04,6030.0,2780.0,2777.0,0.0,167.0
2021-11-05,5821.0,3101.0,2323.0,0.0,133.0
2021-11-06,6306.0,2489.0,2229.0,0.0,139.0
2021-11-07,6332.0,2834.0,3593.0,0.0,115.0
2021-11-08,8968.0,3449.0,3165.0,0.0,176.0
2021-11-09,9344.0,3692.0,3135.0,0.0,178.0
2021-11-10,6693.0,3482.0,2887.0,0.0,214.0
2021-11-11,5994.0,3547.0,2719.0,0.0,191.0
2021-11-12,5340.0,3033.0,2426.0,0.0,167.0
2021-11-13,4952.0,2602.0,2122.0,0.0,158.0
2021-11-14,5538.0,2833.0,2324.0,0.0,175.0
2021-11-15,5643.0,3542.0,2601.0,0.0,170.0
2021-11-16,6207.0,3518.0,2508.0,0.0,158.0
2021-11-17,5861.0,3537.0,2675.0,0.0,156.0
2021-11-18,7335.0,3297.0,2891.0,0.0,138.0
2021-11-19,6408.0,3516.0,2448.0,0.0,201.0
2021-11-20,5601.0,2775.0,2042.0,0.0,141.0
2021-11-21,9411.0,2878.0,2324.0,0.0,180.0
2021-11-22,7275.0,2976.0,2624.0,0.0,166.0
2021-11-23,11567.0,3282.0,3809.0,0.0,175.0
2021-11-24,8863.0,3522.0,2588.0,0.0,137.0
2021-11-25,7963.0,3287.0,2662.0,0.0,132.0
2021-11-26,6148.0,2922.0,2147.0,0.0,146.0
2021-11-27,5778.0,2895.0,3660.0,0.0,171.0
2021-11-28,5907.0,2984.0,2241.0,0.0,145.0
2021-11-29,6849.0,3384.0,2727.0,0.0,185.0
2021-11-30,7884.0,3425.0,2816.0,0.0,203.0
2021-12-01,6890.0,3460.0,3097.0,0.0,196.0
2021-12-02,6077.0,3464.0,2598.0,0.0,182.0
2021-12-03,5777.0,3520.0,2241.0,0.0,202.0
2021-12-04,8327.0,2771.0,2253.0,0.0,196.0
2021-12-05,7175.0,2861.0,2032.0,0.0,223.0
2021-12-06,8935.0,3610.0,2597.0,0.0,187.0
2021-12-07,9194.0,3791.0,4132.0,0.0,139.0
2021-12-08,9963.0,3470.0,3636.0,0.0,131.0
2021-12-09,9880.0,3374.0,2869.0,0.0,159.0
2021-12-10,8897.0,3487.0,2349.0,0.0,124.0
2021-12-11,8993.0,2719.0,2137.0,0.0,101.0
2021-12-12,11516.0,2919.0,2489.0,0.0,149.0
2021-12-13,21394.0,3619.0,3547.0,0.0,154.0
2021-12-14,15581.0,3547.0,3078.0,0.0,244.0
2021-12-15,21361.0,3521.0,3752.0,0.0,150.0
2021-12-16,18443.0,3622.0,3074.0,0.0,123.0
2021-12-17,16989.0,3362.0,2824.0,0.0,113.0
2021-12-18,20861.0,2807.0,3086.0,0.0,153.0
2021-12-19,24759.0,2888.0,3848.0,0.0,152.0
2021-12-20,25136.0,3152.0,3748.0,0.0,166.0
2021-12-21,32666.0,3164.0,4658.0,0.0,201.0
2021-12-22,40225.0,4485.0,6105.0,0.0,164.0
2021-12-23,41226.0,3283.0,5085.0,0.0,162.0
2021-12-24,79451.0,3459.0,8706.0,0.0,188.0
2021-12-25,372283.0,8325.0,39538.0,0.0,448.0
2021-12-26,190852.0,6074.0,22290.0,0.0,364.0
2021-12-27,107894.0,5291.0,12895.0,0.0,317.0
2021-12-28,74318.0,4693.0,9438.0,0.0,291.0
2021-12-29,58563.0,4313.0,8111.0,0.0,275.0
2021-12-30,50904.0,4219.0,6930.0,0.0,244.0
2021-12-31,38371.0,3495.0,5604.0,0.0,186.0
2022-01-01,32094.0,4988.0,5383.0,0.0,202.0
2022-01-02,30688.0,3893.0,5148.0,0.0,300.0
2022-01-03,27868.0,3728.0,4829.0,0.0,180.0
2022-01-04,33725.0,3990.0,5844.0,0.0,245.0
2022-01-05,35320.0,4132.0,6312.0,0.0,263.0
2022-01-06,28349.0,3884.0,5312.0,0.0,273.0
2022-01-07,23144.0,3943.0,4434.0,0.0,204.0
2022-01-08,39664.0,4151.0,7142.0,0.0,204.0
2022-01-09,48558.0,4580.0,8360.0,0.0,251.0
2022-01-10,31507.0,3977.0,6087.0,0.0,275.0
2022-01-11,23242.0,3995.0,4986.0,0.0,249.0
2022-01-12,17898.0,3813.0,3876.0,0.0,197.0
2022-01-13,15951.0,3987.0,3781.0,0.0,201.0
2022-01-14,13926.0,3653.0,3151.0,0.0,202.0
2022-01-15,11938.0,3110.0,2626.0,0.0,174.0
2022-01-16,11570.0,3391.0,2642.0,0.0,175.0
2022-01-17,10846.0,3394.0,2728.0,0.0,112.0
2022-01-18,10580.0,3964.0,2667.0,0.0,185.0
2022-01-19,9835.0,4079.0,2544.0,0.0,166.0
2022-01-20,10225.0,3621.0,2556.0,0.0,201.0
2022-01-21,9764.0,3552.0,2485.0,0.0,185.0
2022-01-22,10026.0,3221.0,2351.0,0.0,139.0
2022-01-23,10255.0,3338.0,2414.0,0.0,185.0
2022-01-24,17678.0,4644.0,3518.0,0.0,219.0
2022-01-25,27885.0,3904.0,5073.0,0.0,238.0
2022-01-26,15810.0,3829.0,3334.0,0.0,230.0
2022-01-27,12314.0,3997.0,2942.0,0.0,204.0
2022-01-28,10723.0,5035.0,2978.0,0.0,229.0
2022-01-29,9189.0,3512.0,2554.0,0.0,181.0
2022-01-30,9297.0,3517.0,2540.0,0.0,186.0
2022-01-31,8801.0,3856.0,2808.0,0.0,895.0
2022-02-01,7726.0,5026.0,3332.0,0.0,451.0
2022-02-02,7917.0,4897.0,3774.0,0.0,307.0
2022-02-03,7456.0,5561.0,4048.0,0.0,299.0
2022-02-04,6336.0,4657.0,3553.0,0.0,257.0
2022-02-05,6501.0,3770.0,2823.0,0.0,229.0
2022-02-06,7094.0,3795.0,2586.0,0.0,247.0
2022-02-07,6935.0,3857.0,2703.0,0.0,222.0
2022-02-08,6499.0,3793.0,2491.0,0.0,218.0
2022-02-09,6334.0,5657.0,2439.0,0.0,201.0
2022-02-10,5561.0,3837.0,2209.0,0.0,202.0
2022-02-11,7507.0,3595.0,2670.0,0.0,208.0
2022-02-12,9760.0,3364.0,2538.0,0.0,174.0
2022-02-13,7988.0,3450.0,2429.0,0.0,199.0
2022-02-14,6853.0,3536.0,2315.0,0.0,170.0
2022-02-15,6266.0,3501.0,2225.0,0.0,177.0
2022-02-16,5782.0,3554.0,2180.0,0.0,174.0
2022-02-17,6704.0,3798.0,5691.0,0.0,198.0
2022-02-18,6448.0,3565.0,2863.0,0.0,210.0
2022-02-19,5510.0,3057.0,1962.0,0.0,161.0
2022-02-20,5965.0,3351.0,2197.0,0.0,185.0
2022-02-21,5839.0,3214.0,2544.0,0.0,192.0
2022-02-22,5409.0,3423.0,2468.0,0.0,140.0
2022-02-23,5115.0,3462.0,2135.0,0.0,155.0
2022-02-24,4257.0,3228.0,2020.0,0.0,125.0
2022-02-25,4027.0,3164.0,1708.0,0.0,130.0
2022-02-26,4212.0,3006.0,1678.0,0.0,144.0
2022-02-27,5013.0,3090.0,1929.0,0.0,130.0
2022-02-28,4713.0,4088.0,1886.0,0.0,148.0
2022-03-01,5002.0,3280.0,1758.0,0.0,122.0
2022-03-02,4820.0,3267.0,1664.0,0.0,139.0
2022-03-03,4446.0,3556.0,1666.0,0.0,139.0
2022-03-04,4018.0,3191.0,1623.0,0.0,152.0
2022-03-05,3788.0,3107.0,1459.0,0.0,123.0
2022-03-06,3852.0,2891.0,1731.0,0.0,130.0
2022-03-07,5391.0,3695.0,2316.0,0.0,168.0
2022-03-08,3746.0,3420.0,1651.0,0.0,158.0
2022-03-09,3573.0,3184.0,1615.0,0.0,154.0
2022-03-10,3575.0,3363.0,1687.0,0.0,161.0
2022-03-11,3812.0,3239.0,1694.0,0.0,534.0
2022-03-12,6224.0,3562.0,1905.0,0.0,137.0
2022-03-13,3781.0,3162.0,1655.0,0.0,169.0
2022-03-14,3854.0,3236.0,1826.0,0.0,154.0
2022-03-15,3593.0,3346.0,1612.0,0.0,198.0
2022-03-16,6634.0,3361.0,2111.0,0.0,254.0
2022-03-17,10669.0,3404.0,2501.0,0.0,204.0
2022-03-18,7553.0,3456.0,1942.0,0.0,191.0
2022-03-19,6534.0,3122.0,1815.0,0.0,159.0
2022-03-20,5836.0,3172.0,1752.0,0.0,118.0
2022-03-21,5676.0,3376.0,1765.0,0.0,163.0
2022-03-22,5312.0,3323.0,1769.0,0.0,141.0
2022-03-23,4615.0,3348.0,1832.0,0.0,153.0
2022-03-24,4527.0,3437.0,1754.0,0.0,161.0
2022-03-25,3901.0,3428.0,1644.0,0.0,165.0
2022-03-26,3897.0,2868.0,1589.0,0.0,142.0
2022-03-27,3853.0,2822.0,1650.0,0.0,139.0
2022-03-28,4116.0,3299.0,1653.0,0.0,244.0
2022-03-29,3941.0,3467.0,1741.0,0.0,149.0
2022-03-30,5579.0,3500.0,3762.0,0.0,180.0
2022-03-31,7426.0,3816.0,4415.0,0.0,206.0
2022-04-01,5884.0,3300.0,3061.0,0.0,199.0
2022-04-02,4425.0,3005.0,2233.0,0.0,142.0
2022-04-03,4442.0,2971.0,2124.0,0.0,174.0
2022-04-04,4886.0,3547.0,2029.0,0.0,184.0
2022-04-05,4905.0,3366.0,1971.0,0.0,183.0
2022-04-06,4557.0,3259.0,2027.0,0.0,166.0
2022-04-07,4121.0,3288.0,1861.0,0.0,166.0
2022-04-08,4125.0,3444.0,1933.0,0.0,129.0
2022-04-09,3674.0,2882.0,1642.0,0.0,170.0
2022-04-10,3662.0,3223.0,1587.0,0.0,131.0
2022-04-11,4238.0,3418.0,1852.0,0.0,115.0
2022-04-12,3956.0,3548.0,1926.0,0.0,143.0
2022-04-13,4285.0,3367.0,2138.0,0.0,176.0
2022-04-14,4604.0,3558.0,2186.0,0.0,137.0
2022-04-15,4033.0,3216.0,1865.0,0.0,137.0
2022-04-16,4011.0,6742.0,1733.0,0.0,155.0
2022-04-17,3973.0,3295.0,1784.0,0.0,145.0
2022-04-18,4455.0,3519.0,1993.0,0.0,156.0
2022-04-19,3877.0,3451.0,2039.0,0.0,171.0
2022-04-20,3529.0,3349.0,2015.0,0.0,135.0
2022-04-21,3570.0,4527.0,2139.0,0.0,164.0
2022-04-22,3420.0,3128.0,1893.0,0.0,134.0
2022-04-23,3231.0,2639.0,1598.0,0.0,162.0
2022-04-24,3427.0,2825.0,2594.0,0.0,152.0
2022-04-25,4185.0,3550.0,2852.0,0.0,1775.0
2022-04-26,4118.0,3457.0,2138.0,0.0,410.0
2022-04-27,3870.0,3743.0,1995.0,0.0,271.0
2022-04-28,4025.0,4283.0,1923.0,0.0,241.0
2022-04-29,6604.0,3280.0,2682.0,0.0,232.0
2022-04-30,4848.0,2745.0,1758.0,0.0,192.0
2022-05-01,4324.0,2875.0,1732.0,0.0,191.0
2022-05-02,4581.0,3191.0,1859.0,0.0,206.0
2022-05-03,4369.0,3296.0,1893.0,0.0,195.0
2022-05-04,4171.0,3340.0,1850.0,0.0,171.0
2022-05-05,3810.0,3215.0,1759.0,0.0,178.0
2022-05-06,3916.0,3140.0,2929.0,0.0,296.0
2022-05-07,3698.0,2748.0,1734.0,0.0,162.0
2022-05-08,3691.0,2599.0,1648.0,0.0,144.0
2022-05-09,4528.0,3181.0,1976.0,0.0,168.0
2022-05-10,6487.0,3278.0,2257.0,0.0,168.0
2022-05-11,5602.0,3179.0,2024.0,0.0,160.0
2022-05-12,6445.0,3468.0,2434.0,0.0,221.0
2022-05-13,4519.0,3089.0,2058.0,0.0,148.0
2022-05-14,3578.0,2523.0,1556.0,0.0,159.0
2022-05-15,3586.0,2862.0,1630.0,0.0,153.0
2022-05-16,4115.0,3496.0,2191.0,0.0,133.0
2022-05-17,3481.0,3667.0,1927.0,0.0,156.0
2022-05-18,3472.0,3468.0,1988.0,0.0,110.0
2022-05-19,3394.0,3600.0,1976.0,0.0,152.0
2022-05-20,3719.0,3445.0,1931.0,0.0,117.0
2022-05-21,3404.0,2717.0,1775.0,0.0,118.0
2022-05-22,3406.0,3100.0,1741.0,0.0,164.0
2022-05-23,3789.0,3172.0,2207.0,0.0,170.0
2022-05-24,3785.0,3277.0,2326.0,0.0,162.0
2022-05-25,3613.0,3975.0,1969.0,0.0,145.0
2022-05-26,3450.0,3229.0,1800.0,0.0,169.0
2022-05-27,2943.0,2732.0,1609.0,0.0,176.0
2022-05-28,2818.0,2561.0,1476.0,0.0,148.0
2022-05-29,3064.0,2647.0,1497.0,0.0,150.0
2022-05-30,3347.0,2903.0,1755.0,0.0,139.0
2022-05-31,3639.0,2878.0,2039.0,0.0,158.0
2022-06-01,3608.0,3123.0,1802.0,0.0,130.0
2022-06-02,3763.0,2906.0,1912.0,0.0,112.0
2022-06-03,3508.0,2687.0,1710.0,0.0,136.0
2022-06-04,3932.0,2676.0,1736.0,0.0,155.0
2022-06-05,3886.0,2752.0,2221.0,0.0,177.0
2022-06-06,3695.0,5209.0,2273.0,0.0,226.0
2022-06-07,3365.0,3133.0,1806.0,0.0,137.0
2022-06-08,3965.0,3098.0,1673.0,0.0,143.0
2022-06-09,6655.0,2905.0,2216.0,0.0,133.0
2022-06-10,5338.0,3020.0,1684.0,0.0,164.0
2022-06-11,4147.0,2623.0,1473.0,0.0,138.0
2022-06-12,4567.0,2914.0,1703.0,0.0,125.0
2022-06-13,4433.0,3292.0,2479.0,0.0,112.0
2022-06-14,3654.0,3128.0,1695.0,0.0,164.0
2022-06-15,3540.0,3047.0,1621.0,0.0,208.0
2022-06-16,3439.0,3268.0,1458.0,0.0,156.0
2022-06-17,3015.0,2858.0,1388.0,0.0,198.0
2022-06-18,2619.0,2570.0,1424.0,0.0,172.0
2022-06-19,2744.0,2787.0,1616.0,0.0,163.0
2022-06-20,3039.0,2973.0,1741.0,0.0,151.0
2022-06-21,3214.0,3071.0,1692.0,0.0,196.0
2022-06-22,3312.0,3255.0,1552.0,0.0,171.0
2022-06-23,2898.0,2973.0,1585.0,0.0,111.0
2022-06-24,2491.0,2748.0,1424.0,0.0,157.0
2022-06-25,2475.0,2534.0,1315.0,0.0,123.0
2022-06-26,2762.0,2753.0,1509.0,0.0,142.0
2022-06-27,3245.0,3382.0,1522.0,0.0,140.0
2022-06-28,2842.0,2961.0,1519.0,0.0,134.0
2022-06-29,3369.0,2951.0,1428.0,0.0,186.0
2022-06-30,5115.0,2936.0,1656.0,0.0,146.0
2022-07-01,4168.0,2936.0,1394.0,0.0,164.0
2022-07-02,3661.0,3129.0,1403.0,0.0,117.0
2022-07-03,4178.0,3407.0,1397.0,0.0,124.0
2022-07-04,4534.0,2994.0,1576.0,0.0,138.0
2022-07-05,4174.0,3202.0,1547.0,0.0,119.0
2022-07-06,4690.0,3298.0,1611.0,0.0,154.0
2022-07-07,7472.0,3143.0,1820.0,0.0,151.0
2022-07-08,8012.0,2969.0,1788.0,0.0,2451.0
2022-07-09,9037.0,3121.0,1883.0,0.0,2775.0
2022-07-10,9692.0,3308.0,2273.0,0.0,1891.0
2022-07-11,53323.0,4496.0,7317.0,14.0,5853.0
2022-07-12,321523.0,13943.0,32989.0,75554.0,65537.0
2022-07-13,332918.0,12289.0,27861.0,45424.0,47113.0
2022-07-14,104925.0,7846.0,12682.0,26374.0,16732.0
2022-07-15,65735.0,7177.0,9126.0,19803.0,8482.0
2022-07-16,47354.0,6653.0,7025.0,14634.0,6122.0
2022-07-17,41739.0,6416.0,6241.0,13022.0,4956.0
2022-07-18,39592.0,6560.0,5928.0,15834.0,5195.0
2022-07-19,34538.0,7389.0,5144.0,13072.0,3904.0
2022-07-20,32374.0,5225.0,4423.0,9163.0,3019.0
2022-07-21,28689.0,5306.0,4194.0,7836.0,2460.0
2022-07-22,22935.0,3933.0,3237.0,6338.0,1806.0
2022-07-23,18695.0,3867.0,2832.0,4693.0,1586.0
2022-07-24,15387.0,3493.0,2806.0,1068.0,1327.0
2022-07-25,14377.0,3362.0,2821.0,1016.0,1598.0
2022-07-26,13042.0,4115.0,2536.0,934.0,2133.0
2022-07-27,12044.0,3793.0,2335.0,1103.0,1236.0
2022-07-28,10401.0,3477.0,2095.0,1050.0,1022.0
2022-07-29,9202.0,7491.0,2044.0,647.0,941.0
2022-07-30,8752.0,3421.0,1969.0,747.0,847.0
2022-07-31,9708.0,3772.0,1942.0,619.0,861.0
2022-08-01,9032.0,3653.0,2034.0,573.0,942.0
2022-08-02,8951.0,3431.0,1965.0,522.0,831.0
2022-08-03,10335.0,3387.0,2117.0,520.0,862.0
2022-08-04,8342.0,3639.0,1821.0,463.0,766.0
2022-08-05,8239.0,3321.0,1719.0,415.0,641.0
2022-08-06,7409.0,3343.0,1549.0,380.0,524.0
2022-08-07,8036.0,4997.0,1761.0,348.0,640.0
2022-08-08,11550.0,3908.0,1716.0,366.0,636.0
2022-08-09,6843.0,3592.0,1721.0,300.0,493.0
2022-08-10,6455.0,3250.0,1646.0,379.0,444.0
2022-08-11,6063.0,3106.0,1732.0,345.0,481.0
2022-08-12,5264.0,2790.0,1552.0,303.0,446.0
2022-08-13,5046.0,2890.0,1622.0,271.0,398.0
2022-08-14,5719.0,2977.0,1493.0,278.0,397.0
2022-08-15,5880.0,3340.0,1596.0,318.0,424.0
2022-08-16,6027.0,3219.0,1646.0,346.0,412.0
2022-08-17,5941.0,3811.0,1653.0,353.0,424.0
2022-08-18,5103.0,3438.0,1865.0,303.0,412.0
2022-08-19,4862.0,3342.0,1462.0,287.0,412.0
2022-08-20,4527.0,3205.0,1436.0,505.0,332.0
2022-08-21,5400.0,3169.0,1432.0,453.0,372.0
2022-08-22,6640.0,3622.0,1706.0,454.0,433.0
2022-08-23,13665.0,4131.0,2399.0,493.0,563.0
2022-08-24,8868.0,3826.0,1920.0,353.0,477.0
2022-08-25,7568.0,4464.0,1860.0,370.0,485.0
2022-08-26,6498.0,3876.0,1698.0,369.0,377.0
2022-08-27,5819.0,3551.0,1421.0,252.0,376.0
2022-08-28,5351.0,4700.0,1538.0,331.0,344.0
2022-08-29,6220.0,10198.0,1877.0,282.0,357.0
2022-08-30,5860.0,7688.0,2041.0,332.0,364.0
2022-08-31,5955.0,4183.0,1943.0,292.0,458.0
2022-09-01,6023.0,3751.0,1816.0,270.0,368.0
2022-09-02,7824.0,3910.0,1814.0,325.0,354.0
2022-09-03,4866.0,5269.0,1492.0,230.0,272.0
2022-09-04,5750.0,4529.0,1720.0,238.0,358.0
2022-09-05,5589.0,4404.0,1857.0,239.0,367.0
2022-09-06,5417.0,3880.0,1599.0,297.0,366.0
2022-09-07,6133.0,3618.0,1762.0,295.0,359.0
2022-09-08,5407.0,3563.0,1504.0,265.0,350.0
2022-09-09,4577.0,3257.0,1391.0,223.0,335.0
2022-09-10,4611.0,2964.0,1372.0,201.0,291.0
2022-09-11,4790.0,3236.0,1438.0,253.0,324.0
2022-09-12,5414.0,5435.0,1647.0,242.0,389.0
2022-09-13,5789.0,4550.0,2087.0,292.0,371.0
2022-09-14,5411.0,4475.0,1739.0,233.0,383.0
2022-09-15,4871.0,3884.0,1647.0,221.0,351.0
2022-09-16,4499.0,3899.0,1413.0,191.0,293.0
2022-09-17,3820.0,6287.0,1221.0,199.0,296.0
2022-09-18,4491.0,3532.0,1455.0,196.0,302.0
2022-09-19,4698.0,4322.0,1533.0,234.0,331.0
2022-09-20,4512.0,4075.0,1553.0,205.0,299.0
2022-09-21,5691.0,4062.0,1906.0,246.0,329.0
2022-09-22,8459.0,3880.0,1917.0,288.0,381.0
2022-09-23,6415.0,3219.0,1646.0,184.0,312.0
2022-09-24,4767.0,3033.0,1384.0,159.0,305.0
2022-09-25,4516.0,3154.0,1383.0,173.0,311.0
2022-09-26,4672.0,4886.0,1732.0,217.0,307.0
2022-09-27,6253.0,6420.0,1908.0,222.0,317.0
2022-09-28,4491.0,4564.0,1616.0,158.0,308.0
2022-09-29,4433.0,4805.0,2807.0,203.0,294.0
2022-09-30,4229.0,4131.0,3353.0,204.0,285.0
2022-10-01,3612.0,3631.0,1991.0,175.0,338.0
2022-10-02,3926.0,3179.0,1804.0,165.0,326.0
2022-10-03,3632.0,3837.0,1838.0,147.0,334.0
2022-10-04,4121.0,3551.0,2203.0,172.0,1992.0
2022-10-05,3725.0,4097.0,1936.0,189.0,856.0
2022-10-06,3429.0,4195.0,1713.0,174.0,380.0
2022-10-07,3290.0,3868.0,1469.0,155.0,343.0
2022-10-08,2952.0,3311.0,1346.0,126.0,299.0
2022-10-09,3354.0,3294.0,1512.0,160.0,341.0
2022-10-10,3756.0,4169.0,1645.0,145.0,333.0
