date,Notre-Dame_de_Paris,Notre-Dame_fire,Emmanuel_Macron,Gothic_architecture,Paris
2023-07-14,2696.0,1048.0,23453.0,1280.0,8126.0
2023-07-15,2795.0,1126.0,12275.0,1392.0,7479.0
2023-07-16,3215.0,1343.0,9037.0,1418.0,7831.0
2023-07-17,2982.0,1275.0,7390.0,1332.0,7996.0
2023-07-18,3142.0,996.0,6311.0,1253.0,7714.0
2023-07-19,2708.0,1000.0,7055.0,1305.0,7216.0
2023-07-20,2590.0,934.0,5931.0,1237.0,7216.0
2023-07-21,2710.0,909.0,5499.0,1210.0,7278.0
2023-07-22,2653.0,1100.0,5338.0,1272.0,7370.0
2023-07-23,3327.0,1366.0,6039.0,1233.0,8194.0
2023-07-24,2820.0,1091.0,6320.0,1233.0,7798.0
2023-07-25,2826.0,1044.0,5643.0,1345.0,7918.0
2023-07-26,2750.0,995.0,5539.0,1205.0,7655.0
2023-07-27,2606.0,903.0,5276.0,1320.0,7138.0
2023-07-28,3042.0,887.0,5045.0,1262.0,7011.0
2023-07-29,3222.0,1195.0,5578.0,1311.0,7137.0
2023-07-30,2883.0,1155.0,4926.0,1290.0,7277.0
2023-07-31,2612.0,954.0,4962.0,1520.0,7504.0
2023-08-01,2617.0,920.0,4714.0,1411.0,7250.0
2023-08-02,2439.0,886.0,7193.0,1329.0,7089.0
2023-08-03,2548.0,997.0,9090.0,1338.0,6786.0
2023-08-04,2487.0,929.0,6654.0,1464.0,6995.0
2023-08-05,2744.0,1039.0,5320.0,1462.0,6998.0
2023-08-06,2644.0,1053.0,5041.0,1499.0,7098.0
2023-08-07,2723.0,1021.0,4722.0,1385.0,7328.0
2023-08-08,2613.0,935.0,4513.0,1382.0,7231.0
2023-08-09,2693.0,932.0,5809.0,1476.0,7264.0
2023-08-10,2676.0,956.0,5770.0,1349.0,13301.0
2023-08-11,2568.0,988.0,6554.0,1213.0,7133.0
2023-08-12,2764.0,1155.0,5188.0,1291.0,6956.0
2023-08-13,3479.0,1263.0,5159.0,1416.0,7287.0
2023-08-14,3417.0,1074.0,4738.0,1343.0,7151.0
2023-08-15,2770.0,972.0,4999.0,1447.0,7134.0
2023-08-16,2504.0,906.0,4424.0,1391.0,7574.0
2023-08-17,2523.0,917.0,4431.0,1325.0,7510.0
2023-08-18,2472.0,997.0,4658.0,1341.0,7352.0
2023-08-19,3272.0,1378.0,4334.0,1247.0,7240.0
2023-08-20,3243.0,1270.0,4552.0,1399.0,7368.0
2023-08-21,2873.0,1076.0,4356.0,1308.0,7148.0
2023-08-22,2652.0,984.0,4342.0,1257.0,7134.0
2023-08-23,2676.0,1022.0,4258.0,1324.0,6907.0
2023-08-24,2656.0,917.0,4408.0,1296.0,6788.0
2023-08-25,2731.0,907.0,4774.0,1181.0,8164.0
2023-08-26,3506.0,1126.0,4189.0,1292.0,8443.0
2023-08-27,3009.0,1145.0,4561.0,1405.0,7265.0
2023-08-28,7335.0,3234.0,5290.0,1455.0,7153.0
2023-08-29,2899.0,1124.0,4782.0,1495.0,7027.0
2023-08-30,2721.0,1067.0,5097.0,1408.0,7095.0
2023-08-31,2444.0,949.0,5310.0,1741.0,7069.0
2023-09-01,2471.0,957.0,5159.0,1409.0,7085.0
2023-09-02,2470.0,906.0,4961.0,1320.0,6943.0
2023-09-03,2978.0,1245.0,5172.0,1470.0,7182.0
2023-09-04,2765.0,1024.0,5046.0,1711.0,7257.0
2023-09-05,2688.0,942.0,5007.0,1460.0,7432.0
2023-09-06,2490.0,918.0,4742.0,1502.0,7507.0
2023-09-07,2574.0,941.0,4993.0,1469.0,7787.0
2023-09-08,2443.0,947.0,9041.0,1348.0,8047.0
2023-09-09,2679.0,1062.0,10466.0,1793.0,7288.0
2023-09-10,2750.0,1050.0,11515.0,1505.0,7690.0
2023-09-11,2924.0,1141.0,9029.0,1644.0,7805.0
2023-09-12,2745.0,968.0,7671.0,1583.0,7534.0
2023-09-13,2605.0,991.0,6497.0,1648.0,6641.0
2023-09-14,6070.0,2199.0,5926.0,1577.0,6531.0
2023-09-15,3272.0,1094.0,5773.0,1506.0,6718.0
2023-09-16,3022.0,1255.0,5799.0,1392.0,6323.0
2023-09-17,3159.0,1375.0,5257.0,1503.0,6569.0
2023-09-18,3239.0,1167.0,5217.0,1708.0,6778.0
2023-09-19,3427.0,1236.0,5491.0,1696.0,7204.0
2023-09-20,3175.0,1221.0,22171.0,1585.0,6994.0
2023-09-21,3442.0,1221.0,28493.0,1669.0,6665.0
2023-09-22,2846.0,1093.0,16801.0,1536.0,6681.0
2023-09-23,3042.0,1141.0,13151.0,1390.0,6455.0
2023-09-24,3685.0,1355.0,9468.0,1572.0,6876.0
2023-09-25,3051.0,1099.0,8774.0,1679.0,6968.0
2023-09-26,2892.0,1051.0,8399.0,1605.0,6831.0
2023-09-27,2636.0,896.0,7077.0,1611.0,6545.0
2023-09-28,2789.0,983.0,6026.0,1748.0,6746.0
2023-09-29,2700.0,1043.0,5383.0,1484.0,6480.0
2023-09-30,2719.0,1141.0,5128.0,1345.0,6323.0
2023-10-01,3129.0,1202.0,5006.0,1577.0,6563.0
2023-10-02,3260.0,1076.0,4813.0,1717.0,7034.0
2023-10-03,2889.0,1001.0,4680.0,1744.0,7159.0
2023-10-04,3256.0,1219.0,4595.0,1650.0,7356.0
2023-10-05,2726.0,1018.0,5660.0,1587.0,7082.0
2023-10-06,2765.0,992.0,5782.0,1555.0,6817.0
2023-10-07,3279.0,1460.0,5373.0,1449.0,6262.0
2023-10-08,2981.0,1193.0,5012.0,1424.0,6936.0
2023-10-09,2899.0,1047.0,5176.0,1636.0,7243.0
2023-10-10,3091.0,1023.0,5286.0,1685.0,6960.0
2023-10-11,2789.0,871.0,4819.0,1801.0,6909.0
2023-10-12,2760.0,921.0,5131.0,1898.0,6787.0
2023-10-13,2685.0,881.0,5790.0,1721.0,6850.0
2023-10-14,2686.0,1002.0,5427.0,1604.0,6598.0
2023-10-15,3413.0,1109.0,5713.0,2064.0,6959.0
2023-10-16,3283.0,943.0,5818.0,1932.0,6934.0
2023-10-17,3201.0,1008.0,6527.0,2166.0,6990.0
2023-10-18,3871.0,1354.0,5796.0,1757.0,6859.0
2023-10-19,2886.0,955.0,5377.0,1680.0,7030.0
2023-10-20,2987.0,1031.0,4930.0,1675.0,6753.0
2023-10-21,2925.0,1115.0,4669.0,1610.0,6251.0
2023-10-22,3388.0,1235.0,4786.0,1670.0,6576.0
2023-10-23,3144.0,1072.0,4900.0,1858.0,6586.0
2023-10-24,2980.0,1115.0,10735.0,1745.0,6898.0
2023-10-25,2928.0,1342.0,6692.0,1857.0,6816.0
2023-10-26,2803.0,962.0,5217.0,1820.0,6998.0
2023-10-27,2907.0,909.0,4828.0,1526.0,6353.0
2023-10-28,2578.0,964.0,9124.0,1354.0,5828.0
2023-10-29,2647.0,955.0,5288.0,1574.0,6115.0
2023-10-30,2671.0,958.0,4492.0,1706.0,6772.0
2023-10-31,2442.0,888.0,4189.0,1728.0,6414.0
2023-11-01,3388.0,1928.0,4787.0,1592.0,6533.0
2023-11-02,4138.0,2845.0,4764.0,1674.0,6543.0
2023-11-03,4429.0,3150.0,4563.0,1524.0,6519.0
2023-11-04,4675.0,3892.0,4793.0,1505.0,6102.0
2023-11-05,4604.0,3590.0,4530.0,1554.0,6305.0
2023-11-06,4046.0,2685.0,4345.0,1763.0,6883.0
2023-11-07,3477.0,2137.0,4335.0,1691.0,6677.0
2023-11-08,3271.0,1875.0,5952.0,1674.0,6668.0
2023-11-09,3060.0,1547.0,5649.0,1546.0,6157.0
2023-11-10,2900.0,1464.0,7252.0,1608.0,6504.0
2023-11-11,2897.0,1591.0,11838.0,1399.0,6604.0
2023-11-12,3141.0,1629.0,8486.0,1436.0,6617.0
2023-11-13,3112.0,1486.0,6402.0,1613.0,8350.0
2023-11-14,2831.0,1121.0,6297.0,1721.0,7119.0
2023-11-15,2812.0,1124.0,5512.0,1527.0,6835.0
2023-11-16,2604.0,1090.0,5850.0,1545.0,6722.0
2023-11-17,2581.0,1103.0,13786.0,1577.0,6499.0
2023-11-18,2578.0,1126.0,13391.0,1409.0,6479.0
2023-11-19,3144.0,1240.0,21509.0,2215.0,6879.0
2023-11-20,3064.0,1151.0,31877.0,1980.0,7207.0
2023-11-21,2879.0,1065.0,13002.0,2208.0,6728.0
2023-11-22,2894.0,1055.0,8268.0,1960.0,7029.0
2023-11-23,2807.0,1052.0,7604.0,1430.0,6759.0
2023-11-24,2782.0,999.0,7231.0,1500.0,6029.0
2023-11-25,2776.0,1111.0,6762.0,1582.0,6205.0
2023-11-26,2973.0,1178.0,6601.0,1450.0,6947.0
2023-11-27,3068.0,1180.0,6175.0,1647.0,6887.0
2023-11-28,2972.0,1163.0,5445.0,1527.0,6980.0
2023-11-29,3157.0,1292.0,5665.0,1731.0,6962.0
2023-11-30,3078.0,1281.0,5328.0,1642.0,6629.0
2023-12-01,2723.0,1049.0,5343.0,1490.0,6188.0
2023-12-02,3794.0,1477.0,8968.0,1440.0,6400.0
2023-12-03,3225.0,1387.0,9763.0,1455.0,7437.0
2023-12-04,3194.0,1320.0,6847.0,1656.0,7268.0
2023-12-05,3133.0,1182.0,5362.0,1610.0,7035.0
2023-12-06,2886.0,1177.0,5172.0,1717.0,6584.0
2023-12-07,3186.0,1381.0,5600.0,1731.0,6435.0
2023-12-08,4051.0,2231.0,5454.0,1519.0,6375.0
2023-12-09,3859.0,1745.0,7008.0,1584.0,6157.0
2023-12-10,3389.0,1453.0,5565.0,1713.0,6857.0
2023-12-11,3369.0,1331.0,5599.0,1827.0,7052.0
2023-12-12,3135.0,1075.0,5044.0,1712.0,6592.0
2023-12-13,2869.0,1040.0,4640.0,1684.0,6957.0
2023-12-14,3060.0,941.0,4867.0,1545.0,7572.0
2023-12-15,2856.0,1127.0,4656.0,1459.0,6032.0
2023-12-16,3242.0,1373.0,4587.0,1344.0,5926.0
2023-12-17,3929.0,1626.0,4983.0,1372.0,6517.0
2023-12-18,3335.0,1200.0,4722.0,1530.0,6855.0
2023-12-19,2906.0,1036.0,4870.0,1482.0,6490.0
2023-12-20,2689.0,966.0,6132.0,1418.0,6598.0
2023-12-21,2375.0,980.0,6599.0,1315.0,6052.0
2023-12-22,4270.0,2215.0,6628.0,1241.0,5748.0
2023-12-23,3948.0,1694.0,5662.0,1301.0,5753.0
2023-12-24,4746.0,2355.0,4994.0,1364.0,5933.0
2023-12-25,5429.0,2383.0,4649.0,1372.0,6199.0
2023-12-26,3613.0,1592.0,5216.0,1453.0,7027.0
2023-12-27,3231.0,1319.0,5173.0,1491.0,6761.0
2023-12-28,3300.0,1461.0,5083.0,1438.0,6407.0
2023-12-29,3319.0,1293.0,4741.0,1309.0,6050.0
2023-12-30,3185.0,1345.0,4551.0,1335.0,6395.0
2023-12-31,3155.0,1381.0,5202.0,1328.0,6208.0
2024-01-01,3470.0,1401.0,5378.0,1172.0,6515.0
2024-01-02,3043.0,1038.0,4909.0,1447.0,6883.0
2024-01-03,2950.0,1075.0,5025.0,1503.0,6869.0
2024-01-04,3005.0,1050.0,4990.0,1521.0,7037.0
2024-01-05,2926.0,1006.0,5387.0,1330.0,6752.0
2024-01-06,3116.0,1153.0,4754.0,1730.0,6372.0
2024-01-07,3139.0,1090.0,4969.0,1580.0,7078.0
2024-01-08,2977.0,999.0,7916.0,1666.0,7047.0
2024-01-09,3386.0,1075.0,57402.0,1739.0,8292.0
2024-01-10,3403.0,1040.0,36202.0,1737.0,7935.0
2024-01-11,3116.0,901.0,15998.0,1638.0,7569.0
2024-01-12,3476.0,1209.0,13269.0,1549.0,7479.0
2024-01-13,3572.0,1318.0,11345.0,1471.0,6755.0
2024-01-14,3631.0,1227.0,9506.0,1715.0,7601.0
2024-01-15,3818.0,1892.0,8192.0,1820.0,7362.0
2024-01-16,3128.0,1121.0,8034.0,1747.0,7628.0
2024-01-17,3243.0,965.0,8973.0,1597.0,7581.0
2024-01-18,3154.0,957.0,7701.0,1658.0,8141.0
2024-01-19,2906.0,937.0,7397.0,1697.0,7339.0
2024-01-20,3062.0,1095.0,6933.0,1610.0,6596.0
2024-01-21,3353.0,1190.0,6855.0,1563.0,7215.0
2024-01-22,3374.0,1210.0,6503.0,1643.0,7792.0
2024-01-23,3143.0,1159.0,7759.0,1585.0,7624.0
2024-01-24,3072.0,1043.0,7739.0,1614.0,7754.0
2024-01-25,3261.0,1067.0,17824.0,2412.0,7638.0
2024-01-26,3138.0,1090.0,43478.0,1615.0,7530.0
2024-01-27,3631.0,1381.0,14795.0,1693.0,6750.0
2024-01-28,3621.0,1208.0,10734.0,1796.0,7521.0
2024-01-29,3677.0,1130.0,8663.0,1826.0,7970.0
2024-01-30,3231.0,979.0,9523.0,1841.0,8029.0
2024-01-31,3019.0,887.0,9276.0,1810.0,7649.0
2024-02-01,2779.0,852.0,6990.0,1667.0,6673.0
2024-02-02,2867.0,854.0,5687.0,1582.0,6563.0
2024-02-03,2850.0,1005.0,5262.0,1395.0,7309.0
2024-02-04,3306.0,1242.0,5621.0,1614.0,6787.0
2024-02-05,3207.0,1109.0,5764.0,1803.0,7178.0
2024-02-06,3134.0,1017.0,7473.0,1694.0,6883.0
2024-02-07,2830.0,866.0,9581.0,1614.0,6473.0
2024-02-08,2786.0,817.0,5747.0,1680.0,6689.0
2024-02-09,2403.0,871.0,6006.0,1565.0,6350.0
2024-02-10,2571.0,965.0,5343.0,1461.0,5897.0
2024-02-11,2785.0,1068.0,5434.0,1584.0,6486.0
2024-02-12,2626.0,857.0,5077.0,1573.0,7796.0
2024-02-13,3905.0,1881.0,4883.0,1592.0,6632.0
2024-02-14,4885.0,2161.0,4962.0,1651.0,6580.0
2024-02-15,3545.0,1187.0,4840.0,1573.0,6738.0
2024-02-16,3298.0,1119.0,5008.0,1357.0,6310.0
2024-02-17,3067.0,1153.0,4685.0,1432.0,6096.0
2024-02-18,3449.0,1338.0,4558.0,1541.0,6656.0
2024-02-19,3413.0,1041.0,4675.0,1622.0,6904.0
2024-02-20,3008.0,1061.0,4800.0,1615.0,7087.0
2024-02-21,2748.0,907.0,4643.0,1573.0,6603.0
2024-02-22,2542.0,842.0,4830.0,1566.0,7490.0
2024-02-23,2557.0,902.0,4949.0,1388.0,6663.0
2024-02-24,2641.0,1019.0,5055.0,1369.0,6076.0
2024-02-25,2908.0,1194.0,4882.0,1567.0,6464.0
2024-02-26,2929.0,1024.0,5590.0,1693.0,7067.0
2024-02-27,3020.0,1099.0,12412.0,1604.0,7581.0
2024-02-28,3260.0,1149.0,10653.0,1630.0,7440.0
2024-02-29,2972.0,1039.0,9958.0,1656.0,6859.0
2024-03-01,2537.0,919.0,10185.0,1525.0,6396.0
2024-03-02,2626.0,1058.0,6302.0,1440.0,6234.0
2024-03-03,3090.0,1080.0,11484.0,1563.0,6329.0
2024-03-04,2847.0,862.0,11605.0,1716.0,6693.0
2024-03-05,3648.0,1400.0,8018.0,1655.0,6872.0
2024-03-06,3234.0,1167.0,7396.0,1626.0,6750.0
2024-03-07,2709.0,989.0,6599.0,1692.0,6366.0
2024-03-08,2556.0,864.0,7418.0,1403.0,6745.0
2024-03-09,2705.0,1184.0,11653.0,1423.0,5967.0
2024-03-10,3374.0,1545.0,16715.0,1583.0,6315.0
2024-03-11,2981.0,1001.0,9745.0,1657.0,6348.0
2024-03-12,3027.0,1001.0,18928.0,1496.0,6392.0
2024-03-13,2783.0,924.0,22600.0,1561.0,6719.0
2024-03-14,2625.0,924.0,19799.0,1541.0,6716.0
2024-03-15,2607.0,972.0,24941.0,1456.0,6202.0
2024-03-16,2565.0,1015.0,17530.0,1459.0,5986.0
2024-03-17,2699.0,1054.0,13851.0,1544.0,6448.0
2024-03-18,2925.0,1046.0,11510.0,1658.0,6709.0
2024-03-19,3441.0,1401.0,10221.0,1542.0,7034.0
2024-03-20,3088.0,1122.0,12350.0,1794.0,6745.0
2024-03-21,2877.0,1012.0,12729.0,1599.0,6637.0
2024-03-22,2767.0,1172.0,11991.0,1465.0,6305.0
2024-03-23,3072.0,1197.0,9320.0,1425.0,5854.0
2024-03-24,3263.0,1365.0,8476.0,1579.0,6862.0
2024-03-25,3225.0,1308.0,8952.0,1656.0,6696.0
2024-03-26,3283.0,1131.0,7978.0,1646.0,6649.0
2024-03-27,2904.0,1050.0,8637.0,1540.0,6478.0
2024-03-28,3087.0,1225.0,9688.0,1854.0,7138.0
2024-03-29,3203.0,1373.0,8848.0,1470.0,5997.0
2024-03-30,3257.0,1511.0,7988.0,1526.0,5874.0
2024-03-31,4227.0,1789.0,7290.0,1655.0,6584.0
2024-04-01,3748.0,1516.0,6337.0,1623.0,6519.0
2024-04-02,3501.0,1368.0,5992.0,1647.0,6401.0
2024-04-03,3102.0,1217.0,6312.0,1591.0,6479.0
2024-04-04,4245.0,1462.0,6244.0,1546.0,6348.0
2024-04-05,3209.0,1107.0,5997.0,1593.0,6105.0
2024-04-06,3167.0,1338.0,5477.0,1395.0,6041.0
2024-04-07,3621.0,1327.0,5544.0,1475.0,6454.0
2024-04-08,3437.0,1138.0,5371.0,1577.0,6869.0
2024-04-09,3287.0,1028.0,5146.0,1479.0,6471.0
2024-04-10,3149.0,978.0,5516.0,1447.0,6804.0
2024-04-11,3214.0,1074.0,6747.0,1496.0,6793.0
2024-04-12,4863.0,2497.0,6578.0,1484.0,6865.0
2024-04-13,3797.0,1764.0,5509.0,1374.0,5872.0
2024-04-14,4377.0,1854.0,6915.0,1480.0,6375.0
2024-04-15,19869.0,28074.0,8397.0,1767.0,7547.0
2024-04-16,11547.0,11434.0,8601.0,1617.0,7376.0
2024-04-17,6411.0,6499.0,9834.0,1735.0,6856.0
2024-04-18,4852.0,3195.0,5945.0,1671.0,6951.0
2024-04-19,3935.0,2046.0,5502.0,1606.0,6733.0
2024-04-20,3446.0,1766.0,4993.0,1487.0,5942.0
2024-04-21,4618.0,2271.0,4959.0,1508.0,6671.0
2024-04-22,3872.0,1881.0,5037.0,1656.0,7161.0
2024-04-23,3554.0,1458.0,4842.0,1716.0,7592.0
2024-04-24,3288.0,1175.0,4997.0,1721.0,6756.0
2024-04-25,3392.0,1375.0,6234.0,1604.0,6662.0
2024-04-26,3514.0,1297.0,7123.0,1648.0,6531.0
2024-04-27,3139.0,1078.0,5300.0,1640.0,5872.0
2024-04-28,3488.0,1238.0,5066.0,1760.0,6471.0
2024-04-29,3341.0,1119.0,5293.0,1685.0,7043.0
2024-04-30,3116.0,987.0,4694.0,1550.0,6524.0
2024-05-01,3119.0,1047.0,5071.0,1720.0,7127.0
2024-05-02,2980.0,975.0,5709.0,1572.0,7108.0
2024-05-03,3021.0,1012.0,6014.0,1593.0,6821.0
2024-05-04,2994.0,1187.0,5731.0,1350.0,6667.0
2024-05-05,3391.0,1172.0,6923.0,1533.0,6639.0
2024-05-06,3618.0,1054.0,9919.0,1702.0,7133.0
2024-05-07,3795.0,1158.0,10427.0,1834.0,7964.0
2024-05-08,3901.0,1171.0,8066.0,1672.0,7077.0
2024-05-09,3826.0,1025.0,7206.0,1591.0,6760.0
2024-05-10,2966.0,978.0,6538.0,1494.0,5883.0
2024-05-11,2972.0,1001.0,6148.0,1393.0,5408.0
2024-05-12,3092.0,1089.0,5813.0,1380.0,5527.0
2024-05-13,3116.0,886.0,5992.0,1544.0,6183.0
2024-05-14,2999.0,819.0,6689.0,1401.0,6002.0
2024-05-15,2817.0,828.0,6137.0,1429.0,5905.0
2024-05-16,2854.0,797.0,6358.0,1557.0,6174.0
2024-05-17,3069.0,833.0,5624.0,1413.0,5669.0
2024-05-18,2792.0,940.0,5506.0,1423.0,5308.0
2024-05-19,3400.0,1135.0,5210.0,1517.0,5894.0
2024-05-20,3128.0,943.0,5425.0,1562.0,6424.0
2024-05-21,3078.0,1020.0,6130.0,1647.0,6712.0
2024-05-22,3018.0,912.0,5666.0,1491.0,5944.0
2024-05-23,3076.0,957.0,8061.0,1294.0,5842.0
2024-05-24,2931.0,963.0,6192.0,1186.0,5706.0
2024-05-25,3215.0,1358.0,5033.0,1342.0,5187.0
2024-05-26,3578.0,1379.0,7510.0,1438.0,5773.0
2024-05-27,3671.0,1231.0,9332.0,1416.0,6411.0
2024-05-28,3196.0,1065.0,7963.0,1498.0,6234.0
2024-05-29,2864.0,1086.0,6813.0,1400.0,6164.0
2024-05-30,3030.0,917.0,6125.0,1474.0,5899.0
2024-05-31,2667.0,947.0,5728.0,1227.0,5672.0
2024-06-01,2977.0,957.0,5268.0,1304.0,5204.0
2024-06-02,3049.0,1170.0,5717.0,1405.0,5821.0
2024-06-03,3292.0,1147.0,5871.0,1402.0,6519.0
2024-06-04,2968.0,1024.0,5740.0,1316.0,5917.0
2024-06-05,2835.0,1040.0,6444.0,1314.0,6219.0
2024-06-06,2833.0,1042.0,50660.0,1228.0,6059.0
2024-06-07,2630.0,935.0,24516.0,1226.0,6274.0
2024-06-08,2747.0,1047.0,24980.0,1306.0,5778.0
2024-06-09,3300.0,1161.0,54454.0,1205.0,7042.0
2024-06-10,3291.0,1261.0,74429.0,1327.0,7101.0
2024-06-11,3294.0,1335.0,31688.0,1393.0,6674.0
2024-06-12,3112.0,1374.0,21580.0,1558.0,6409.0
2024-06-13,2604.0,1044.0,26782.0,1302.0,6047.0
2024-06-14,2472.0,942.0,21088.0,1194.0,6036.0
2024-06-15,4426.0,1064.0,17174.0,1205.0,5513.0
2024-06-16,4032.0,1178.0,17498.0,1300.0,5818.0
2024-06-17,3140.0,1075.0,15863.0,1262.0,6309.0
2024-06-18,3071.0,1155.0,12480.0,1281.0,6000.0
2024-06-19,2725.0,1045.0,10696.0,1290.0,5711.0
2024-06-20,2678.0,1058.0,10659.0,1319.0,5596.0
2024-06-21,2640.0,1021.0,10368.0,1341.0,5831.0
2024-06-22,2947.0,1080.0,9030.0,1267.0,5792.0
2024-06-23,3250.0,1226.0,9766.0,1393.0,5893.0
2024-06-24,2942.0,1082.0,8452.0,1350.0,6126.0
2024-06-25,3331.0,1006.0,8453.0,1266.0,5705.0
2024-06-26,2633.0,830.0,9877.0,1315.0,5721.0
2024-06-27,2530.0,899.0,9710.0,1267.0,5860.0
2024-06-28,2395.0,887.0,10193.0,1200.0,5581.0
2024-06-29,2771.0,1066.0,11715.0,1091.0,5605.0
2024-06-30,2837.0,1098.0,34694.0,1343.0,6396.0
2024-07-01,2791.0,1070.0,44863.0,1288.0,7028.0
2024-07-02,2574.0,935.0,20610.0,1207.0,5999.0
2024-07-03,2607.0,1050.0,13538.0,1256.0,5788.0
2024-07-04,2599.0,960.0,12774.0,1203.0,6170.0
2024-07-05,2307.0,847.0,17698.0,1256.0,5998.0
2024-07-06,2541.0,1029.0,14031.0,1288.0,5795.0
2024-07-07,2868.0,1149.0,66715.0,1367.0,7172.0
2024-07-08,4459.0,2265.0,93509.0,1457.0,8154.0
2024-07-09,3544.0,1640.0,33711.0,1416.0,7209.0
2024-07-10,2731.0,1081.0,17843.0,1452.0,6266.0
2024-07-11,6716.0,4473.0,17132.0,1555.0,6343.0
2024-07-12,3685.0,1788.0,13337.0,1376.0,5840.0
2024-07-13,3057.0,1256.0,10089.0,1492.0,5755.0
2024-07-14,2749.0,1103.0,11161.0,1226.0,5679.0
2024-07-15,2534.0,901.0,8187.0,1319.0,6278.0
2024-07-16,2748.0,1008.0,8911.0,1232.0,6415.0
2024-07-17,2582.0,934.0,8719.0,1246.0,6999.0
2024-07-18,2404.0,780.0,8820.0,1337.0,6792.0
2024-07-19,2212.0,654.0,7585.0,1177.0,6216.0
2024-07-20,2711.0,1016.0,6880.0,1255.0,6100.0
2024-07-21,3449.0,1240.0,8137.0,1232.0,6786.0
2024-07-22,4911.0,2353.0,11440.0,1326.0,6975.0
2024-07-23,3362.0,1177.0,8716.0,1366.0,7612.0
2024-07-24,3295.0,1104.0,8256.0,1235.0,8387.0
2024-07-25,3218.0,983.0,8132.0,1292.0,9317.0
2024-07-26,14501.0,9298.0,81094.0,1250.0,28808.0
2024-07-27,16891.0,13237.0,68452.0,1264.0,27803.0
2024-07-28,6603.0,2996.0,25195.0,1287.0,18819.0
2024-07-29,4816.0,2035.0,45686.0,1274.0,15442.0
2024-07-30,4044.0,1628.0,30983.0,1229.0,14171.0
2024-07-31,3646.0,1384.0,21666.0,1193.0,13036.0
2024-08-01,3376.0,1229.0,15802.0,1139.0,12429.0
2024-08-02,3317.0,1238.0,16262.0,1194.0,11586.0
2024-08-03,3655.0,1322.0,18179.0,1206.0,12155.0
2024-08-04,4786.0,1847.0,9735.0,1250.0,13825.0
2024-08-05,4664.0,1878.0,7950.0,1277.0,12566.0
2024-08-06,3368.0,1257.0,7205.0,1334.0,11103.0
2024-08-07,4348.0,1992.0,6778.0,1235.0,10352.0
2024-08-08,3596.0,1506.0,7543.0,1201.0,10829.0
2024-08-09,3371.0,1456.0,8599.0,1333.0,10377.0
2024-08-10,3465.0,1381.0,22469.0,1131.0,10766.0
2024-08-11,4322.0,1703.0,47243.0,1352.0,15485.0
2024-08-12,3445.0,1315.0,20069.0,1305.0,11003.0
2024-08-13,2612.0,1119.0,8131.0,1386.0,7514.0
2024-08-14,2665.0,1032.0,5818.0,1355.0,7000.0
2024-08-15,2590.0,969.0,5822.0,1437.0,6081.0
2024-08-16,2426.0,1066.0,5739.0,1339.0,6239.0
2024-08-17,2541.0,1084.0,5180.0,1292.0,5646.0
2024-08-18,2991.0,1471.0,5773.0,1345.0,6049.0
2024-08-19,2672.0,990.0,5287.0,1347.0,6414.0
2024-08-20,2470.0,923.0,6032.0,1442.0,6007.0
2024-08-21,2514.0,867.0,7203.0,1405.0,6144.0
2024-08-22,2484.0,852.0,4835.0,1452.0,5664.0
2024-08-23,2479.0,884.0,4874.0,1305.0,5534.0
2024-08-24,2314.0,925.0,4952.0,1372.0,5299.0
2024-08-25,2889.0,988.0,6901.0,1410.0,5642.0
2024-08-26,2583.0,950.0,8064.0,1548.0,5875.0
2024-08-27,2454.0,919.0,8951.0,1490.0,5798.0
2024-08-28,2456.0,865.0,11075.0,1471.0,6814.0
2024-08-29,2416.0,939.0,9195.0,1433.0,6577.0
2024-08-30,2509.0,911.0,7935.0,1379.0,6262.0
2024-08-31,2641.0,916.0,9024.0,1344.0,5980.0
2024-09-01,3036.0,1008.0,6743.0,1775.0,6288.0
2024-09-02,2791.0,1418.0,7569.0,1419.0,6496.0
2024-09-03,2744.0,1336.0,7679.0,1447.0,6609.0
2024-09-04,2394.0,993.0,5391.0,1423.0,6205.0
2024-09-05,2377.0,940.0,14689.0,1483.0,7038.0
2024-09-06,2737.0,954.0,9132.0,1375.0,6313.0
2024-09-07,2601.0,1025.0,8566.0,1652.0,6005.0
2024-09-08,2799.0,1312.0,8741.0,1579.0,6268.0
2024-09-09,2640.0,982.0,5715.0,1645.0,6525.0
2024-09-10,2437.0,852.0,8372.0,1550.0,5961.0
2024-09-11,2254.0,799.0,7511.0,1632.0,5697.0
2024-09-12,2472.0,921.0,14967.0,1643.0,5652.0
2024-09-13,2720.0,946.0,12374.0,1556.0,5473.0
2024-09-14,2742.0,1016.0,9196.0,1451.0,5196.0
2024-09-15,2582.0,932.0,8422.0,1618.0,5525.0
2024-09-16,2499.0,908.0,6586.0,1621.0,5987.0
2024-09-17,2605.0,929.0,5490.0,1540.0,5769.0
2024-09-18,2659.0,905.0,5525.0,1602.0,5880.0
2024-09-19,2727.0,942.0,5256.0,1528.0,5774.0
2024-09-20,2470.0,897.0,5012.0,1503.0,5388.0
2024-09-21,2857.0,1050.0,5857.0,1584.0,4873.0
2024-09-22,2983.0,1046.0,8832.0,1949.0,5358.0
2024-09-23,2757.0,1201.0,5876.0,1937.0,5522.0
2024-09-24,2801.0,916.0,7104.0,2089.0,5834.0
2024-09-25,2597.0,838.0,7393.0,1844.0,5957.0
2024-09-26,2647.0,877.0,7140.0,2105.0,5780.0
2024-09-27,2485.0,843.0,6649.0,1909.0,5237.0
2024-09-28,2545.0,959.0,6197.0,1749.0,4956.0
2024-09-29,2525.0,910.0,6742.0,1767.0,5330.0
2024-09-30,2964.0,931.0,5331.0,1818.0,5611.0
2024-10-01,2512.0,832.0,5641.0,1695.0,5395.0
2024-10-02,2275.0,732.0,5860.0,1763.0,5343.0
2024-10-03,2430.0,880.0,5390.0,1714.0,5331.0
2024-10-04,2800.0,19856.0,5098.0,1677.0,5324.0
2024-10-05,2633.0,2961.0,7296.0,1569.0,5089.0
2024-10-06,2608.0,1072.0,12998.0,1823.0,5069.0
2024-10-07,2654.0,924.0,7126.0,1836.0,5745.0
2024-10-08,2454.0,902.0,5523.0,1622.0,5515.0
2024-10-09,2397.0,1208.0,5552.0,1807.0,5521.0
2024-10-10,2361.0,1040.0,6954.0,1682.0,5423.0
2024-10-11,2254.0,926.0,5725.0,1606.0,5315.0
2024-10-12,2439.0,986.0,5364.0,1563.0,4836.0
2024-10-13,2566.0,1082.0,5293.0,1940.0,5173.0
2024-10-14,2816.0,1046.0,5246.0,2111.0,5358.0
2024-10-15,2650.0,1063.0,5319.0,1909.0,5662.0
2024-10-16,2630.0,1058.0,5614.0,1841.0,5672.0
2024-10-17,2312.0,820.0,5303.0,1730.0,5448.0
2024-10-18,2292.0,779.0,22277.0,1695.0,5619.0
2024-10-19,2268.0,804.0,6514.0,1716.0,4974.0
2024-10-20,2563.0,936.0,5195.0,1823.0,5364.0
2024-10-21,2610.0,867.0,4781.0,1835.0,6054.0
2024-10-22,2449.0,838.0,5439.0,5191.0,5889.0
2024-10-23,2423.0,855.0,4644.0,5142.0,5521.0
2024-10-24,2651.0,874.0,4710.0,1822.0,5421.0
2024-10-25,2923.0,938.0,4130.0,1641.0,5250.0
2024-10-26,2385.0,914.0,4106.0,1575.0,4815.0
2024-10-27,2477.0,1021.0,4453.0,1789.0,5219.0
2024-10-28,2517.0,1040.0,4737.0,1861.0,5875.0
2024-10-29,2535.0,987.0,5056.0,1629.0,5341.0
2024-10-30,2228.0,896.0,4762.0,1678.0,5376.0
2024-10-31,2626.0,914.0,4346.0,1623.0,4885.0
2024-11-01,2406.0,846.0,4417.0,1565.0,4935.0
2024-11-02,2096.0,892.0,4317.0,1574.0,5054.0
2024-11-03,2300.0,882.0,4392.0,1700.0,5220.0
2024-11-04,2267.0,822.0,4658.0,1771.0,5538.0
2024-11-05,2214.0,706.0,5261.0,1482.0,5228.0
2024-11-06,1882.0,695.0,13011.0,1287.0,4831.0
2024-11-07,2261.0,791.0,9880.0,1402.0,5142.0
2024-11-08,3515.0,1597.0,8251.0,1362.0,5001.0
2024-11-09,4148.0,2172.0,6758.0,1326.0,4852.0
2024-11-10,3233.0,1505.0,6917.0,1529.0,5281.0
2024-11-11,2814.0,1119.0,9297.0,1564.0,5378.0
2024-11-12,2471.0,995.0,6429.0,1496.0,5551.0
2024-11-13,3583.0,1658.0,5929.0,1546.0,5430.0
2024-11-14,3637.0,1513.0,5995.0,1459.0,5517.0
2024-11-15,3442.0,1165.0,5612.0,1428.0,5246.0
2024-11-16,3892.0,1376.0,4908.0,1265.0,4913.0
2024-11-17,2930.0,1184.0,5438.0,1460.0,5323.0
2024-11-18,2850.0,1116.0,5639.0,1554.0,5696.0
2024-11-19,2914.0,886.0,5671.0,1656.0,5456.0
2024-11-20,3095.0,1806.0,5477.0,1554.0,5415.0
2024-11-21,3764.0,1695.0,5088.0,1529.0,5847.0
2024-11-22,3130.0,1388.0,4788.0,1374.0,5218.0
2024-11-23,2497.0,1136.0,5118.0,1290.0,4950.0
2024-11-24,3281.0,1183.0,5439.0,1447.0,5167.0
2024-11-25,3261.0,1379.0,5507.0,1557.0,5724.0
2024-11-26,3168.0,1290.0,5511.0,1445.0,5643.0
2024-11-27,2686.0,1082.0,5436.0,1333.0,5545.0
2024-11-28,4281.0,1845.0,6454.0,1386.0,5130.0
2024-11-29,28060.0,14558.0,13857.0,1782.0,5194.0
2024-11-30,20903.0,9705.0,10023.0,1703.0,5470.0
2024-12-01,10849.0,4831.0,6626.0,1503.0,5358.0
2024-12-02,23361.0,13050.0,17519.0,1657.0,5558.0
2024-12-03,13533.0,5190.0,12518.0,1570.0,5645.0
2024-12-04,9666.0,3509.0,35691.0,1474.0,5537.0
2024-12-05,7952.0,3063.0,50346.0,1421.0,5523.0
2024-12-06,16052.0,6799.0,21937.0,1453.0,5179.0
2024-12-07,76800.0,26388.0,37555.0,1857.0,5228.0
2024-12-08,84017.0,31220.0,38969.0,2005.0,5597.0
2024-12-09,42068.0,15718.0,20569.0,1771.0,6151.0
2024-12-10,20722.0,8409.0,13300.0,1590.0,5668.0
2024-12-11,16706.0,7057.0,9693.0,1519.0,5357.0
2024-12-12,14546.0,5664.0,8623.0,1417.0,5429.0
2024-12-13,10604.0,4176.0,14410.0,1345.0,5301.0
2024-12-14,9158.0,3603.0,9624.0,1360.0,5082.0
2024-12-15,6526.0,2239.0,7201.0,1617.0,4931.0
2024-12-16,5806.0,2029.0,6539.0,1570.0,5668.0
2024-12-17,4758.0,1642.0,6205.0,1392.0,5780.0
2024-12-18,4460.0,1710.0,6147.0,1365.0,5136.0
2024-12-19,4700.0,1621.0,6027.0,1347.0,4950.0
2024-12-20,4053.0,1263.0,6579.0,1212.0,4753.0
2024-12-21,5404.0,1530.0,7292.0,1270.0,4489.0
2024-12-22,4038.0,1424.0,5943.0,1443.0,4846.0
2024-12-23,4020.0,1192.0,6794.0,1370.0,5000.0
2024-12-24,4908.0,1821.0,5618.0,1347.0,4808.0
2024-12-25,6148.0,2052.0,5037.0,1417.0,5782.0
2024-12-26,4714.0,1690.0,5081.0,1495.0,6842.0
2024-12-27,3904.0,1251.0,4854.0,1529.0,5969.0
2024-12-28,3847.0,1246.0,4797.0,1595.0,4885.0
2024-12-29,3838.0,1339.0,4752.0,1605.0,5063.0
2024-12-30,6959.0,3279.0,6915.0,1575.0,5152.0
2024-12-31,3687.0,1475.0,4774.0,1356.0,4808.0
2025-01-01,3812.0,1477.0,5005.0,1395.0,5246.0
2025-01-02,4539.0,1485.0,4614.0,1725.0,5274.0
2025-01-03,4061.0,1266.0,4475.0,1519.0,5284.0
2025-01-04,3592.0,1174.0,4305.0,1527.0,5145.0
2025-01-05,3454.0,1139.0,4937.0,1511.0,5211.0
2025-01-06,4846.0,1067.0,20116.0,1523.0,5711.0
2025-01-07,3145.0,903.0,14237.0,1500.0,5470.0
2025-01-08,2870.0,958.0,9205.0,1435.0,5466.0
2025-01-09,3019.0,1191.0,6999.0,1412.0,5574.0
2025-01-10,4243.0,1249.0,8293.0,1374.0,5307.0
2025-01-11,3151.0,1069.0,15535.0,1353.0,4993.0
2025-01-12,3124.0,1143.0,12722.0,1468.0,5514.0
2025-01-13,3074.0,1041.0,10690.0,1598.0,5977.0
2025-01-14,2819.0,875.0,8297.0,1569.0,5549.0
2025-01-15,2614.0,889.0,6901.0,1417.0,5839.0
2025-01-16,2576.0,862.0,5646.0,1447.0,5826.0
2025-01-17,2564.0,795.0,5920.0,1350.0,5617.0
2025-01-18,2488.0,850.0,5430.0,1240.0,4949.0
2025-01-19,2478.0,863.0,4969.0,1356.0,5155.0
2025-01-20,2709.0,893.0,6103.0,1298.0,5407.0
2025-01-21,3379.0,1112.0,6584.0,1425.0,5451.0
2025-01-22,2511.0,738.0,6321.0,1380.0,5445.0
2025-01-23,2625.0,774.0,6325.0,2163.0,5764.0
2025-01-24,2520.0,718.0,6742.0,1509.0,5489.0
2025-01-25,2315.0,790.0,6348.0,1386.0,4749.0
2025-01-26,2420.0,764.0,6933.0,1328.0,5125.0
2025-01-27,2385.0,745.0,7318.0,1405.0,5248.0
2025-01-28,2568.0,757.0,6896.0,1303.0,5261.0
2025-01-29,2624.0,747.0,6670.0,1356.0,5626.0
2025-01-30,2377.0,684.0,5184.0,1310.0,5301.0
2025-01-31,2156.0,598.0,8376.0,1325.0,5208.0
2025-02-01,2137.0,718.0,13242.0,1197.0,6708.0
2025-02-02,2214.0,640.0,10684.0,1278.0,4944.0
2025-02-03,2251.0,671.0,9479.0,1382.0,5298.0
2025-02-04,2370.0,662.0,9091.0,1427.0,5319.0
2025-02-05,2071.0,648.0,11915.0,1380.0,5200.0
2025-02-06,2086.0,770.0,13277.0,1334.0,5374.0
2025-02-07,1988.0,647.0,11090.0,1225.0,5186.0
2025-02-08,2063.0,714.0,12308.0,1112.0,4777.0
2025-02-09,2308.0,725.0,11998.0,1338.0,5247.0
2025-02-10,2086.0,665.0,12337.0,1377.0,5414.0
2025-02-11,2104.0,593.0,14159.0,1341.0,5724.0
2025-02-12,2212.0,796.0,18283.0,1240.0,5427.0
2025-02-13,2222.0,740.0,16561.0,1298.0,5351.0
2025-02-14,1945.0,655.0,15789.0,1112.0,5331.0
2025-02-15,2173.0,764.0,12419.0,1136.0,4933.0
2025-02-16,2348.0,764.0,12980.0,1211.0,5176.0
2025-02-17,2313.0,791.0,15377.0,1396.0,5492.0
2025-02-18,2271.0,800.0,24813.0,1447.0,5340.0
2025-02-19,2330.0,714.0,35249.0,1303.0,5250.0
2025-02-20,2251.0,705.0,27159.0,1281.0,5333.0
2025-02-21,2217.0,766.0,20372.0,1288.0,5280.0
2025-02-22,2252.0,856.0,14681.0,1222.0,4896.0
2025-02-23,2326.0,767.0,14505.0,1375.0,5225.0
2025-02-24,2702.0,973.0,52204.0,1443.0,5804.0
2025-02-25,2647.0,840.0,58105.0,1348.0,5556.0
2025-02-26,2171.0,699.0,24301.0,1292.0,5126.0
2025-02-27,2123.0,661.0,16123.0,1249.0,5194.0
2025-02-28,1936.0,645.0,15747.0,1129.0,4857.0
2025-03-01,2063.0,756.0,19834.0,1050.0,4464.0
2025-03-02,2415.0,769.0,18890.0,1446.0,5022.0
2025-03-03,2436.0,711.0,15818.0,1385.0,5549.0
2025-03-04,2319.0,699.0,12132.0,1317.0,6685.0
2025-03-05,2175.0,629.0,14316.0,1291.0,8860.0
2025-03-06,2537.0,690.0,19851.0,1390.0,6949.0
2025-03-07,2538.0,716.0,15016.0,1302.0,5396.0
