date,2024_Summer_Olympics_opening_ceremony,2024_Summer_Olympics,Celine_Dion,Léon_Marchand,Paris
2023-03-02,7.0,5437.0,11435.0,115.0,8716.0
2023-03-03,11.0,4858.0,18984.0,128.0,8394.0
2023-03-04,13.0,4775.0,27040.0,220.0,8073.0
2023-03-05,19.0,5543.0,26807.0,340.0,8709.0
2023-03-06,14.0,4786.0,19490.0,125.0,8952.0
2023-03-07,17.0,4471.0,16331.0,131.0,8725.0
2023-03-08,26.0,4315.0,15017.0,62.0,8684.0
2023-03-09,17.0,4298.0,12238.0,70.0,8866.0
2023-03-10,10.0,4658.0,15096.0,63.0,8341.0
2023-03-11,9.0,4724.0,21380.0,65.0,8123.0
2023-03-12,11.0,5028.0,24511.0,57.0,8846.0
2023-03-13,14.0,4549.0,19647.0,80.0,9028.0
2023-03-14,19.0,5065.0,20869.0,56.0,8900.0
2023-03-15,15.0,4642.0,19773.0,38.0,8949.0
2023-03-16,13.0,4549.0,17346.0,31.0,9264.0
2023-03-17,19.0,4743.0,20530.0,40.0,8971.0
2023-03-18,11.0,4722.0,21885.0,50.0,8887.0
2023-03-19,10.0,5239.0,23288.0,30.0,9512.0
2023-03-20,11.0,4757.0,23473.0,42.0,9545.0
2023-03-21,15.0,4385.0,20253.0,76.0,9614.0
2023-03-22,20.0,5202.0,16140.0,87.0,9217.0
2023-03-23,7.0,4734.0,17825.0,608.0,9494.0
2023-03-24,13.0,4455.0,19657.0,1074.0,9428.0
2023-03-25,7.0,4880.0,17650.0,1286.0,8735.0
2023-03-26,29.0,5441.0,17480.0,1676.0,8801.0
2023-03-27,28.0,5278.0,16959.0,864.0,9251.0
2023-03-28,44.0,5155.0,16153.0,521.0,9077.0
2023-03-29,19.0,5054.0,16964.0,390.0,9059.0
2023-03-30,17.0,4824.0,32111.0,304.0,8621.0
2023-03-31,23.0,4557.0,22329.0,253.0,8481.0
2023-04-01,15.0,4751.0,24071.0,213.0,7840.0
2023-04-02,11.0,5382.0,23260.0,230.0,8296.0
2023-04-03,32.0,4907.0,12818.0,145.0,9520.0
2023-04-04,25.0,4404.0,12129.0,201.0,8881.0
2023-04-05,9.0,4273.0,10998.0,240.0,7447.0
2023-04-06,15.0,4219.0,13774.0,306.0,7654.0
2023-04-07,6.0,4212.0,17399.0,150.0,7278.0
2023-04-08,16.0,4798.0,20281.0,136.0,7091.0
2023-04-09,10.0,5371.0,19615.0,115.0,7808.0
2023-04-10,6.0,4971.0,18394.0,113.0,8388.0
2023-04-11,20.0,4853.0,17071.0,100.0,8245.0
2023-04-12,15.0,4855.0,19919.0,113.0,8053.0
2023-04-13,15.0,4659.0,21417.0,108.0,7644.0
2023-04-14,13.0,4245.0,31309.0,276.0,7687.0
2023-04-15,20.0,4567.0,28755.0,239.0,6883.0
2023-04-16,15.0,4906.0,22163.0,425.0,7294.0
2023-04-17,15.0,4722.0,28556.0,207.0,8048.0
2023-04-18,7.0,4348.0,29653.0,116.0,7706.0
2023-04-19,18.0,4324.0,30026.0,109.0,7879.0
2023-04-20,22.0,4341.0,28844.0,128.0,8171.0
2023-04-21,15.0,4062.0,22687.0,96.0,7970.0
2023-04-22,20.0,4150.0,21993.0,103.0,7341.0
2023-04-23,15.0,4785.0,27442.0,110.0,7949.0
2023-04-24,13.0,4537.0,26490.0,91.0,8763.0
2023-04-25,16.0,4318.0,26825.0,182.0,9011.0
2023-04-26,38.0,4212.0,26346.0,69.0,8650.0
2023-04-27,20.0,4201.0,30124.0,66.0,8433.0
2023-04-28,16.0,4270.0,34901.0,77.0,8130.0
2023-04-29,20.0,4238.0,41482.0,72.0,7418.0
2023-04-30,11.0,4949.0,50794.0,87.0,8024.0
2023-05-01,12.0,4996.0,48669.0,61.0,9036.0
2023-05-02,10.0,4689.0,44293.0,58.0,8728.0
2023-05-03,23.0,4595.0,27208.0,69.0,8708.0
2023-05-04,25.0,4139.0,31300.0,47.0,8245.0
2023-05-05,59.0,4445.0,33693.0,54.0,8230.0
2023-05-06,24.0,4676.0,37283.0,66.0,7196.0
2023-05-07,17.0,5081.0,36344.0,65.0,8062.0
2023-05-08,19.0,4803.0,32393.0,51.0,9087.0
2023-05-09,45.0,4833.0,26614.0,54.0,8913.0
2023-05-10,34.0,4966.0,21481.0,64.0,8674.0
2023-05-11,22.0,5707.0,19967.0,70.0,8807.0
2023-05-12,25.0,6150.0,23302.0,48.0,7890.0
2023-05-13,83.0,5961.0,49223.0,65.0,7515.0
2023-05-14,36.0,7156.0,31408.0,50.0,7926.0
2023-05-15,20.0,6529.0,19802.0,64.0,8946.0
2023-05-16,15.0,5646.0,16960.0,44.0,9457.0
2023-05-17,13.0,5433.0,16125.0,38.0,9000.0
2023-05-18,48.0,5532.0,18533.0,32.0,9421.0
2023-05-19,23.0,4628.0,15929.0,33.0,8378.0
2023-05-20,22.0,4841.0,17872.0,42.0,7477.0
2023-05-21,12.0,5983.0,22358.0,27.0,8806.0
2023-05-22,21.0,5206.0,51532.0,44.0,8835.0
2023-05-23,9.0,5220.0,27814.0,40.0,8181.0
2023-05-24,21.0,4761.0,33691.0,40.0,8290.0
2023-05-25,28.0,5012.0,30063.0,47.0,8395.0
2023-05-26,26.0,4736.0,70949.0,30.0,7853.0
2023-05-27,22.0,4875.0,82958.0,43.0,7275.0
2023-05-28,16.0,5466.0,59892.0,25.0,7744.0
2023-05-29,16.0,5622.0,34735.0,45.0,8981.0
2023-05-30,10.0,5395.0,23475.0,49.0,8570.0
2023-05-31,17.0,5179.0,18998.0,42.0,9408.0
2023-06-01,17.0,4615.0,16553.0,43.0,8248.0
2023-06-02,15.0,4839.0,16051.0,41.0,7921.0
2023-06-03,13.0,5465.0,17227.0,58.0,7727.0
2023-06-04,11.0,6188.0,16611.0,50.0,8046.0
2023-06-05,17.0,5777.0,13149.0,51.0,8793.0
2023-06-06,14.0,5755.0,12899.0,52.0,8257.0
2023-06-07,20.0,6699.0,11316.0,38.0,8146.0
2023-06-08,20.0,6197.0,12913.0,54.0,8070.0
2023-06-09,19.0,5621.0,15805.0,52.0,8096.0
2023-06-10,37.0,5534.0,17317.0,73.0,7561.0
2023-06-11,17.0,6762.0,15122.0,296.0,8140.0
2023-06-12,12.0,6271.0,13986.0,373.0,8522.0
2023-06-13,11.0,6376.0,12485.0,242.0,8314.0
2023-06-14,13.0,5742.0,11801.0,249.0,7995.0
2023-06-15,17.0,6220.0,11284.0,276.0,7792.0
2023-06-16,12.0,5689.0,19003.0,267.0,7247.0
2023-06-17,17.0,6032.0,22025.0,174.0,7312.0
2023-06-18,21.0,6823.0,26246.0,194.0,7369.0
2023-06-19,14.0,6673.0,21625.0,167.0,7916.0
2023-06-20,19.0,10289.0,15354.0,87.0,7706.0
2023-06-21,21.0,7596.0,15024.0,95.0,9440.0
2023-06-22,20.0,7214.0,14875.0,87.0,8209.0
2023-06-23,14.0,7605.0,16925.0,110.0,7715.0
2023-06-24,13.0,7148.0,19268.0,89.0,7111.0
2023-06-25,19.0,8180.0,18231.0,72.0,7421.0
2023-06-26,16.0,7758.0,14907.0,60.0,7577.0
2023-06-27,19.0,8633.0,13758.0,91.0,7589.0
2023-06-28,21.0,9053.0,13804.0,97.0,7546.0
2023-06-29,21.0,7907.0,13005.0,85.0,8289.0
2023-06-30,15.0,7391.0,12287.0,99.0,9929.0
2023-07-01,14.0,8710.0,15435.0,97.0,11153.0
2023-07-02,12.0,11512.0,14056.0,94.0,11876.0
2023-07-03,18.0,9427.0,13282.0,95.0,10144.0
2023-07-04,17.0,8303.0,13568.0,78.0,8966.0
2023-07-05,18.0,8203.0,13305.0,85.0,7917.0
2023-07-06,11.0,7955.0,12616.0,73.0,7963.0
2023-07-07,16.0,7175.0,13037.0,69.0,7843.0
2023-07-08,21.0,8357.0,17750.0,74.0,7551.0
2023-07-09,23.0,10076.0,15253.0,95.0,7693.0
2023-07-10,17.0,8119.0,11746.0,90.0,8195.0
2023-07-11,22.0,7229.0,12720.0,102.0,7662.0
2023-07-12,20.0,6892.0,15315.0,122.0,7966.0
2023-07-13,15.0,7574.0,16554.0,104.0,7948.0
2023-07-14,19.0,8181.0,15666.0,79.0,8126.0
2023-07-15,19.0,8709.0,17350.0,53.0,7479.0
2023-07-16,16.0,10547.0,14807.0,66.0,7831.0
2023-07-17,33.0,9856.0,13820.0,89.0,7996.0
2023-07-18,19.0,10143.0,10713.0,84.0,7714.0
2023-07-19,17.0,8974.0,8955.0,113.0,7216.0
2023-07-20,17.0,8725.0,9388.0,79.0,7216.0
2023-07-21,19.0,8239.0,9683.0,133.0,7278.0
2023-07-22,27.0,8845.0,18013.0,241.0,7370.0
2023-07-23,24.0,11040.0,10685.0,16204.0,8194.0
2023-07-24,34.0,9757.0,9367.0,12243.0,7798.0
2023-07-25,28.0,11197.0,9255.0,6167.0,7918.0
2023-07-26,45.0,15433.0,13914.0,7457.0,7655.0
2023-07-27,37.0,12052.0,28400.0,7810.0,7138.0
2023-07-28,29.0,9978.0,19883.0,4845.0,7011.0
2023-07-29,30.0,10137.0,21048.0,3211.0,7137.0
2023-07-30,17.0,10757.0,24160.0,3675.0,7277.0
2023-07-31,30.0,9338.0,52033.0,2361.0,7504.0
2023-08-01,25.0,8665.0,42790.0,1181.0,7250.0
2023-08-02,18.0,8325.0,20404.0,866.0,7089.0
2023-08-03,22.0,8109.0,19519.0,660.0,6786.0
2023-08-04,15.0,8969.0,36823.0,616.0,6995.0
2023-08-05,20.0,8879.0,36609.0,614.0,6998.0
2023-08-06,17.0,11934.0,30165.0,537.0,7098.0
2023-08-07,18.0,9988.0,20410.0,463.0,7328.0
2023-08-08,20.0,8861.0,14973.0,386.0,7231.0
2023-08-09,14.0,7833.0,14194.0,359.0,7264.0
2023-08-10,13.0,7734.0,12328.0,341.0,13301.0
2023-08-11,19.0,8649.0,13326.0,388.0,7133.0
2023-08-12,16.0,9048.0,18392.0,490.0,6956.0
2023-08-13,9.0,9942.0,18670.0,326.0,7287.0
2023-08-14,14.0,8786.0,14982.0,291.0,7151.0
2023-08-15,23.0,8743.0,11020.0,252.0,7134.0
2023-08-16,17.0,9703.0,12738.0,271.0,7574.0
2023-08-17,21.0,9684.0,16337.0,262.0,7510.0
2023-08-18,16.0,8296.0,31215.0,250.0,7352.0
2023-08-19,17.0,11010.0,20083.0,204.0,7240.0
2023-08-20,20.0,13873.0,19534.0,274.0,7368.0
2023-08-21,19.0,11897.0,17065.0,248.0,7148.0
2023-08-22,15.0,10290.0,18057.0,216.0,7134.0
2023-08-23,10.0,9832.0,16918.0,238.0,6907.0
2023-08-24,16.0,10476.0,14598.0,176.0,6788.0
2023-08-25,15.0,11908.0,12692.0,271.0,8164.0
2023-08-26,15.0,11928.0,14419.0,320.0,8443.0
2023-08-27,18.0,15659.0,15097.0,247.0,7265.0
2023-08-28,31.0,15284.0,24818.0,212.0,7153.0
2023-08-29,22.0,10614.0,13720.0,222.0,7027.0
2023-08-30,19.0,9307.0,12856.0,213.0,7095.0
2023-08-31,9.0,8417.0,12822.0,164.0,7069.0
2023-09-01,8.0,8100.0,14934.0,199.0,7085.0
2023-09-02,23.0,10140.0,29040.0,284.0,6943.0
2023-09-03,20.0,11597.0,48584.0,216.0,7182.0
2023-09-04,10.0,10022.0,46433.0,212.0,7257.0
2023-09-05,16.0,9086.0,35187.0,177.0,7432.0
2023-09-06,15.0,9856.0,25576.0,144.0,7507.0
2023-09-07,20.0,9343.0,22002.0,141.0,7787.0
2023-09-08,12.0,10590.0,22113.0,149.0,8047.0
2023-09-09,14.0,10010.0,24310.0,119.0,7288.0
2023-09-10,24.0,11536.0,22992.0,137.0,7690.0
2023-09-11,20.0,12070.0,15868.0,123.0,7805.0
2023-09-12,11.0,9272.0,17329.0,94.0,7534.0
2023-09-13,16.0,8325.0,16401.0,129.0,6641.0
2023-09-14,17.0,7360.0,14406.0,137.0,6531.0
2023-09-15,8.0,7253.0,17798.0,97.0,6718.0
2023-09-16,20.0,8580.0,17495.0,73.0,6323.0
2023-09-17,11.0,9647.0,17035.0,144.0,6569.0
2023-09-18,20.0,9470.0,13567.0,121.0,6778.0
2023-09-19,18.0,8605.0,13066.0,107.0,7204.0
2023-09-20,14.0,8648.0,15288.0,108.0,6994.0
2023-09-21,23.0,8358.0,14211.0,97.0,6665.0
2023-09-22,9.0,9316.0,18973.0,122.0,6681.0
2023-09-23,9.0,11175.0,20783.0,111.0,6455.0
2023-09-24,12.0,13297.0,27748.0,181.0,6876.0
2023-09-25,25.0,11804.0,25466.0,139.0,6968.0
2023-09-26,16.0,9327.0,17656.0,164.0,6831.0
2023-09-27,15.0,9657.0,16185.0,148.0,6545.0
2023-09-28,15.0,8873.0,13435.0,110.0,6746.0
2023-09-29,20.0,9028.0,15121.0,143.0,6480.0
2023-09-30,21.0,10547.0,16143.0,155.0,6323.0
2023-10-01,9.0,13409.0,18003.0,109.0,6563.0
2023-10-02,7.0,12624.0,15339.0,131.0,7034.0
2023-10-03,22.0,13900.0,15447.0,144.0,7159.0
2023-10-04,16.0,15715.0,12945.0,148.0,7356.0
2023-10-05,15.0,14193.0,13472.0,104.0,7082.0
2023-10-06,20.0,16036.0,17318.0,120.0,6817.0
2023-10-07,24.0,18229.0,14551.0,115.0,6262.0
2023-10-08,30.0,16767.0,16193.0,112.0,6936.0
2023-10-09,23.0,15594.0,13346.0,121.0,7243.0
2023-10-10,15.0,12019.0,11321.0,111.0,6960.0
2023-10-11,21.0,9454.0,10945.0,101.0,6909.0
2023-10-12,11.0,8317.0,11294.0,103.0,6787.0
2023-10-13,7.0,8765.0,11230.0,100.0,6850.0
2023-10-14,11.0,10503.0,11863.0,111.0,6598.0
2023-10-15,16.0,11506.0,11684.0,90.0,6959.0
2023-10-16,26.0,15375.0,9855.0,86.0,6934.0
2023-10-17,14.0,13131.0,11147.0,89.0,6990.0
2023-10-18,17.0,9950.0,12666.0,104.0,6859.0
2023-10-19,18.0,8938.0,14119.0,113.0,7030.0
2023-10-20,12.0,8098.0,14847.0,121.0,6753.0
2023-10-21,18.0,8085.0,13184.0,101.0,6251.0
2023-10-22,18.0,8908.0,14685.0,132.0,6576.0
2023-10-23,7.0,8382.0,13889.0,110.0,6586.0
2023-10-24,18.0,7540.0,15681.0,129.0,6898.0
2023-10-25,17.0,7687.0,12119.0,113.0,6816.0
2023-10-26,13.0,8980.0,10874.0,87.0,6998.0
2023-10-27,14.0,7870.0,10316.0,92.0,6353.0
2023-10-28,13.0,8061.0,14323.0,100.0,5828.0
2023-10-29,15.0,9018.0,13307.0,117.0,6115.0
2023-10-30,13.0,9428.0,11862.0,82.0,6772.0
2023-10-31,9.0,8251.0,9309.0,65.0,6414.0
2023-11-01,21.0,9030.0,13417.0,72.0,6533.0
2023-11-02,14.0,8009.0,15939.0,86.0,6543.0
2023-11-03,11.0,7820.0,18013.0,93.0,6519.0
2023-11-04,18.0,7264.0,17814.0,82.0,6102.0
2023-11-05,13.0,8455.0,24202.0,104.0,6305.0
2023-11-06,18.0,7957.0,15663.0,92.0,6883.0
2023-11-07,10.0,6599.0,11994.0,87.0,6677.0
2023-11-08,18.0,6530.0,10972.0,86.0,6668.0
2023-11-09,12.0,6385.0,12140.0,96.0,6157.0
2023-11-10,16.0,6024.0,12701.0,79.0,6504.0
2023-11-11,11.0,6517.0,12918.0,87.0,6604.0
2023-11-12,13.0,7229.0,13757.0,111.0,6617.0
2023-11-13,13.0,7579.0,17710.0,85.0,8350.0
2023-11-14,13.0,6487.0,25644.0,81.0,7119.0
2023-11-15,12.0,6428.0,27902.0,97.0,6835.0
2023-11-16,13.0,6179.0,11516.0,63.0,6722.0
2023-11-17,13.0,5950.0,11846.0,77.0,6499.0
2023-11-18,12.0,6105.0,12420.0,90.0,6479.0
2023-11-19,17.0,7915.0,14428.0,82.0,6879.0
2023-11-20,15.0,8799.0,12294.0,98.0,7207.0
2023-11-21,27.0,7381.0,9648.0,85.0,6728.0
2023-11-22,14.0,7012.0,10384.0,69.0,7029.0
2023-11-23,19.0,7989.0,10616.0,85.0,6759.0
2023-11-24,18.0,7866.0,11103.0,86.0,6029.0
2023-11-25,16.0,6852.0,12449.0,74.0,6205.0
2023-11-26,22.0,7179.0,12831.0,91.0,6947.0
2023-11-27,15.0,8026.0,11696.0,95.0,6887.0
2023-11-28,20.0,6935.0,10385.0,93.0,6980.0
2023-11-29,16.0,7345.0,11761.0,79.0,6962.0
2023-11-30,14.0,8010.0,10397.0,119.0,6629.0
2023-12-01,19.0,7001.0,9723.0,106.0,6188.0
2023-12-02,20.0,7964.0,10991.0,88.0,6400.0
2023-12-03,24.0,8211.0,10272.0,82.0,7437.0
2023-12-04,33.0,8784.0,8375.0,82.0,7268.0
2023-12-05,13.0,7960.0,7941.0,84.0,7035.0
2023-12-06,11.0,8150.0,7320.0,82.0,6584.0
2023-12-07,13.0,6900.0,7438.0,73.0,6435.0
2023-12-08,12.0,7852.0,7615.0,79.0,6375.0
2023-12-09,23.0,7567.0,8949.0,93.0,6157.0
2023-12-10,18.0,7979.0,9124.0,95.0,6857.0
2023-12-11,25.0,9037.0,7534.0,103.0,7052.0
2023-12-12,17.0,7034.0,7388.0,96.0,6592.0
2023-12-13,18.0,6899.0,7248.0,77.0,6957.0
2023-12-14,25.0,6329.0,6903.0,106.0,7572.0
2023-12-15,16.0,6577.0,7551.0,82.0,6032.0
2023-12-16,13.0,6313.0,9613.0,92.0,5926.0
2023-12-17,17.0,7473.0,9345.0,92.0,6517.0
2023-12-18,20.0,8406.0,11810.0,81.0,6855.0
2023-12-19,16.0,7440.0,62539.0,89.0,6490.0
2023-12-20,14.0,6948.0,52162.0,87.0,6598.0
2023-12-21,18.0,6701.0,29273.0,67.0,6052.0
2023-12-22,24.0,6292.0,20377.0,85.0,5748.0
2023-12-23,21.0,6535.0,22406.0,95.0,5753.0
2023-12-24,21.0,7498.0,23422.0,85.0,5933.0
2023-12-25,21.0,7269.0,30415.0,134.0,6199.0
2023-12-26,13.0,7985.0,25360.0,124.0,7027.0
2023-12-27,38.0,8019.0,43945.0,135.0,6761.0
2023-12-28,18.0,8326.0,18905.0,346.0,6407.0
2023-12-29,19.0,8354.0,17096.0,198.0,6050.0
2023-12-30,35.0,8781.0,17326.0,140.0,6395.0
2023-12-31,20.0,11486.0,23588.0,163.0,6208.0
2024-01-01,40.0,18861.0,22142.0,121.0,6515.0
2024-01-02,47.0,15216.0,17152.0,123.0,6883.0
2024-01-03,47.0,13229.0,12544.0,95.0,6869.0
2024-01-04,34.0,12116.0,11219.0,109.0,7037.0
2024-01-05,33.0,11057.0,12239.0,110.0,6752.0
2024-01-06,30.0,11175.0,15156.0,103.0,6372.0
2024-01-07,28.0,12181.0,16104.0,91.0,7078.0
2024-01-08,29.0,14511.0,10676.0,84.0,7047.0
2024-01-09,22.0,12192.0,10041.0,123.0,8292.0
2024-01-10,49.0,11863.0,9809.0,92.0,7935.0
2024-01-11,24.0,11600.0,9714.0,91.0,7569.0
2024-01-12,35.0,11418.0,10047.0,119.0,7479.0
2024-01-13,28.0,14534.0,11994.0,96.0,6755.0
2024-01-14,26.0,16331.0,11758.0,100.0,7601.0
2024-01-15,29.0,16344.0,9969.0,98.0,7362.0
2024-01-16,32.0,13485.0,9393.0,88.0,7628.0
2024-01-17,26.0,12862.0,9077.0,98.0,7581.0
2024-01-18,32.0,13377.0,8887.0,99.0,8141.0
2024-01-19,35.0,14083.0,11739.0,142.0,7339.0
2024-01-20,34.0,15283.0,12106.0,161.0,6596.0
2024-01-21,37.0,17712.0,11283.0,131.0,7215.0
2024-01-22,41.0,14363.0,8759.0,143.0,7792.0
2024-01-23,31.0,13696.0,8226.0,115.0,7624.0
2024-01-24,27.0,13198.0,7839.0,99.0,7754.0
2024-01-25,35.0,13398.0,8088.0,76.0,7638.0
2024-01-26,28.0,14006.0,9618.0,99.0,7530.0
2024-01-27,41.0,14902.0,10283.0,86.0,6750.0
2024-01-28,28.0,18001.0,12738.0,104.0,7521.0
2024-01-29,38.0,15694.0,8465.0,93.0,7970.0
2024-01-30,35.0,14225.0,8585.0,121.0,8029.0
2024-01-31,35.0,13859.0,12821.0,90.0,7649.0
2024-02-01,31.0,12202.0,8741.0,103.0,6673.0
2024-02-02,31.0,13479.0,9446.0,112.0,6563.0
2024-02-03,28.0,14806.0,8994.0,101.0,7309.0
2024-02-04,49.0,16784.0,9734.0,114.0,6787.0
2024-02-05,44.0,14671.0,149372.0,140.0,7178.0
2024-02-06,36.0,13066.0,72519.0,85.0,6883.0
2024-02-07,25.0,12514.0,40173.0,112.0,6473.0
2024-02-08,29.0,16386.0,24295.0,126.0,6689.0
2024-02-09,37.0,15685.0,17624.0,108.0,6350.0
2024-02-10,44.0,14871.0,18552.0,141.0,5897.0
2024-02-11,22.0,18641.0,16423.0,209.0,6486.0
2024-02-12,41.0,22413.0,10988.0,152.0,7796.0
2024-02-13,34.0,15749.0,8854.0,203.0,6632.0
2024-02-14,40.0,13160.0,8698.0,232.0,6580.0
2024-02-15,34.0,12709.0,8364.0,308.0,6738.0
2024-02-16,39.0,12675.0,8005.0,268.0,6310.0
2024-02-17,34.0,13957.0,11833.0,201.0,6096.0
2024-02-18,26.0,16261.0,10713.0,346.0,6656.0
2024-02-19,18.0,15625.0,8752.0,241.0,6904.0
2024-02-20,28.0,14044.0,9672.0,197.0,7087.0
2024-02-21,25.0,13385.0,7212.0,155.0,6603.0
2024-02-22,16.0,13687.0,6692.0,169.0,7490.0
2024-02-23,35.0,13159.0,15613.0,118.0,6663.0
2024-02-24,28.0,13612.0,37510.0,109.0,6076.0
2024-02-25,30.0,14445.0,19964.0,113.0,6464.0
2024-02-26,37.0,13375.0,10123.0,113.0,7067.0
2024-02-27,34.0,12511.0,7583.0,99.0,7581.0
2024-02-28,34.0,15895.0,7243.0,85.0,7440.0
2024-02-29,36.0,16345.0,7612.0,133.0,6859.0
2024-03-01,28.0,14178.0,6786.0,125.0,6396.0
2024-03-02,26.0,14607.0,7938.0,102.0,6234.0
2024-03-03,33.0,16494.0,12661.0,115.0,6329.0
2024-03-04,33.0,15619.0,8764.0,128.0,6693.0
2024-03-05,36.0,14346.0,6946.0,120.0,6872.0
2024-03-06,34.0,13892.0,6158.0,86.0,6750.0
2024-03-07,31.0,13759.0,11273.0,183.0,6366.0
2024-03-08,32.0,12353.0,9760.0,363.0,6745.0
2024-03-09,48.0,13604.0,8567.0,296.0,5967.0
2024-03-10,36.0,15869.0,7747.0,336.0,6315.0
2024-03-11,38.0,15411.0,7816.0,239.0,6348.0
2024-03-12,25.0,13752.0,7667.0,272.0,6392.0
2024-03-13,50.0,13541.0,6108.0,218.0,6719.0
2024-03-14,33.0,13510.0,5550.0,197.0,6716.0
2024-03-15,46.0,12799.0,5525.0,186.0,6202.0
2024-03-16,33.0,14212.0,12682.0,185.0,5986.0
2024-03-17,34.0,16548.0,12941.0,153.0,6448.0
2024-03-18,49.0,16100.0,9297.0,200.0,6709.0
2024-03-19,50.0,15861.0,6502.0,174.0,7034.0
2024-03-20,60.0,18665.0,5890.0,174.0,6745.0
2024-03-21,52.0,16336.0,6134.0,150.0,6637.0
2024-03-22,54.0,15974.0,13644.0,146.0,6305.0
2024-03-23,43.0,13579.0,10059.0,127.0,5854.0
2024-03-24,41.0,15153.0,10070.0,214.0,6862.0
2024-03-25,62.0,15091.0,10469.0,155.0,6696.0
2024-03-26,29.0,13975.0,9975.0,159.0,6649.0
2024-03-27,25.0,13715.0,7883.0,276.0,6478.0
2024-03-28,56.0,13120.0,6916.0,919.0,7138.0
2024-03-29,31.0,13309.0,6968.0,2005.0,5997.0
2024-03-30,40.0,13848.0,15038.0,1395.0,5874.0
2024-03-31,39.0,14480.0,12800.0,1817.0,6584.0
2024-04-01,42.0,13867.0,7884.0,1135.0,6519.0
2024-04-02,24.0,14847.0,6569.0,1068.0,6401.0
2024-04-03,23.0,14773.0,5877.0,599.0,6479.0
2024-04-04,43.0,15276.0,5842.0,395.0,6348.0
2024-04-05,35.0,14874.0,6149.0,448.0,6105.0
2024-04-06,36.0,15460.0,6678.0,391.0,6041.0
2024-04-07,38.0,17149.0,7836.0,254.0,6454.0
2024-04-08,53.0,15046.0,6720.0,460.0,6869.0
2024-04-09,50.0,15905.0,8870.0,299.0,6471.0
2024-04-10,48.0,17388.0,5813.0,366.0,6804.0
2024-04-11,41.0,16646.0,5758.0,263.0,6793.0
2024-04-12,30.0,17244.0,6186.0,413.0,6865.0
2024-04-13,53.0,17192.0,6292.0,555.0,5872.0
2024-04-14,74.0,20920.0,6420.0,391.0,6375.0
2024-04-15,201.0,22952.0,5506.0,260.0,7547.0
2024-04-16,382.0,29696.0,5721.0,252.0,7376.0
2024-04-17,405.0,35408.0,7392.0,265.0,6856.0
2024-04-18,259.0,26971.0,6148.0,192.0,6951.0
2024-04-19,302.0,23106.0,5555.0,201.0,6733.0
2024-04-20,277.0,22557.0,6131.0,249.0,5942.0
2024-04-21,324.0,26499.0,6178.0,258.0,6671.0
2024-04-22,317.0,22736.0,7084.0,253.0,7161.0
2024-04-23,313.0,20452.0,11718.0,200.0,7592.0
2024-04-24,321.0,18593.0,11853.0,186.0,6756.0
2024-04-25,305.0,21142.0,11344.0,179.0,6662.0
2024-04-26,336.0,24291.0,12144.0,158.0,6531.0
2024-04-27,294.0,20685.0,9411.0,162.0,5872.0
2024-04-28,266.0,22403.0,8110.0,213.0,6471.0
2024-04-29,340.0,24704.0,6678.0,166.0,7043.0
2024-04-30,293.0,23462.0,7172.0,171.0,6524.0
2024-05-01,290.0,19933.0,6426.0,153.0,7127.0
2024-05-02,329.0,23079.0,5572.0,137.0,7108.0
2024-05-03,298.0,21821.0,6252.0,167.0,6821.0
2024-05-04,387.0,21142.0,7028.0,139.0,6667.0
2024-05-05,329.0,22466.0,6755.0,115.0,6639.0
2024-05-06,329.0,23806.0,5832.0,143.0,7133.0
2024-05-07,306.0,21746.0,6409.0,122.0,7964.0
2024-05-08,359.0,22565.0,6094.0,209.0,7077.0
2024-05-09,404.0,24308.0,10712.0,119.0,6760.0
2024-05-10,301.0,21759.0,8307.0,123.0,5883.0
2024-05-11,355.0,21299.0,39905.0,148.0,5408.0
2024-05-12,374.0,21681.0,36633.0,121.0,5527.0
2024-05-13,325.0,20671.0,13891.0,200.0,6183.0
2024-05-14,296.0,20328.0,8505.0,171.0,6002.0
2024-05-15,298.0,20171.0,7584.0,156.0,5905.0
2024-05-16,286.0,19638.0,8537.0,133.0,6174.0
2024-05-17,295.0,19676.0,9903.0,213.0,5669.0
2024-05-18,359.0,21359.0,7949.0,190.0,5308.0
2024-05-19,364.0,25111.0,7917.0,175.0,5894.0
2024-05-20,444.0,25256.0,8047.0,151.0,6424.0
2024-05-21,367.0,25220.0,7223.0,211.0,6712.0
2024-05-22,323.0,22239.0,6943.0,166.0,5944.0
2024-05-23,288.0,21210.0,15654.0,154.0,5842.0
2024-05-24,299.0,20691.0,26852.0,150.0,5706.0
2024-05-25,374.0,20880.0,24513.0,167.0,5187.0
2024-05-26,385.0,23076.0,19302.0,211.0,5773.0
2024-05-27,379.0,24942.0,12688.0,186.0,6411.0
2024-05-28,391.0,25331.0,10393.0,170.0,6234.0
2024-05-29,369.0,24474.0,7543.0,144.0,6164.0
2024-05-30,340.0,24532.0,7203.0,132.0,5899.0
2024-05-31,352.0,24859.0,6618.0,143.0,5672.0
2024-06-01,442.0,27405.0,7045.0,133.0,5204.0
2024-06-02,507.0,35152.0,8465.0,130.0,5821.0
2024-06-03,545.0,32447.0,6150.0,141.0,6519.0
2024-06-04,491.0,27600.0,5615.0,126.0,5917.0
2024-06-05,452.0,28556.0,6647.0,149.0,6219.0
2024-06-06,473.0,27445.0,6188.0,163.0,6059.0
2024-06-07,492.0,25572.0,12698.0,170.0,6274.0
2024-06-08,632.0,28801.0,13380.0,174.0,5778.0
2024-06-09,892.0,33701.0,11991.0,170.0,7042.0
2024-06-10,775.0,34376.0,13618.0,217.0,7101.0
2024-06-11,673.0,30583.0,30528.0,194.0,6674.0
2024-06-12,676.0,31278.0,66104.0,281.0,6409.0
2024-06-13,710.0,29807.0,34750.0,201.0,6047.0
2024-06-14,705.0,29752.0,36022.0,262.0,6036.0
2024-06-15,821.0,31292.0,18873.0,328.0,5513.0
2024-06-16,925.0,36637.0,20604.0,548.0,5818.0
2024-06-17,1003.0,37858.0,15682.0,871.0,6309.0
2024-06-18,1197.0,39250.0,24582.0,484.0,6000.0
2024-06-19,1062.0,36934.0,17056.0,521.0,5711.0
2024-06-20,1117.0,37398.0,13299.0,677.0,5596.0
2024-06-21,887.0,39316.0,13410.0,639.0,5831.0
2024-06-22,1000.0,44050.0,14196.0,540.0,5792.0
2024-06-23,1333.0,49142.0,13527.0,493.0,5893.0
2024-06-24,1335.0,48186.0,11619.0,491.0,6126.0
2024-06-25,1358.0,45606.0,54855.0,365.0,5705.0
2024-06-26,1583.0,45329.0,114251.0,277.0,5721.0
2024-06-27,1268.0,41635.0,115598.0,307.0,5860.0
2024-06-28,1265.0,36790.0,96969.0,215.0,5581.0
2024-06-29,1587.0,41352.0,118835.0,147.0,5605.0
2024-06-30,1847.0,47046.0,112252.0,162.0,6396.0
2024-07-01,2371.0,59567.0,82036.0,213.0,7028.0
2024-07-02,1939.0,49300.0,60203.0,208.0,5999.0
2024-07-03,1756.0,49836.0,53083.0,210.0,5788.0
2024-07-04,2059.0,49336.0,52145.0,189.0,6170.0
2024-07-05,2384.0,53002.0,45519.0,232.0,5998.0
2024-07-06,2692.0,54394.0,52190.0,151.0,5795.0
2024-07-07,3080.0,60487.0,55954.0,167.0,7172.0
2024-07-08,3336.0,68132.0,39029.0,175.0,8154.0
2024-07-09,3357.0,61530.0,41088.0,212.0,7209.0
2024-07-10,3522.0,59491.0,34371.0,240.0,6266.0
2024-07-11,3834.0,59898.0,29949.0,184.0,6343.0
2024-07-12,3977.0,57805.0,29209.0,193.0,5840.0
2024-07-13,4660.0,54910.0,35202.0,185.0,5755.0
2024-07-14,5922.0,59076.0,29852.0,186.0,5679.0
2024-07-15,6761.0,81318.0,25693.0,179.0,6278.0
2024-07-16,6584.0,75004.0,23052.0,299.0,6415.0
2024-07-17,7402.0,80233.0,23997.0,287.0,6999.0
2024-07-18,6111.0,78709.0,28022.0,287.0,6792.0
2024-07-19,3152.0,72789.0,29234.0,345.0,6216.0
2024-07-20,3363.0,78979.0,34675.0,413.0,6100.0
2024-07-21,4079.0,92153.0,44420.0,731.0,6786.0
2024-07-22,5664.0,113753.0,37784.0,758.0,6975.0
2024-07-23,7054.0,128374.0,33881.0,984.0,7612.0
2024-07-24,9855.0,209553.0,39339.0,1271.0,8387.0
2024-07-25,14352.0,255950.0,35093.0,1504.0,9317.0
2024-07-26,65750.0,489877.0,327573.0,5799.0,28808.0
2024-07-27,70590.0,635872.0,533150.0,10941.0,27803.0
2024-07-28,39709.0,553151.0,189095.0,107813.0,18819.0
2024-07-29,31799.0,518589.0,102943.0,160325.0,15442.0
2024-07-30,21163.0,493450.0,70243.0,46508.0,14171.0
2024-07-31,14878.0,468380.0,47363.0,167954.0,13036.0
2024-08-01,11266.0,455133.0,37270.0,187097.0,12429.0
2024-08-02,9260.0,475792.0,33580.0,157154.0,11586.0
2024-08-03,8035.0,476496.0,35092.0,142942.0,12155.0
2024-08-04,7408.0,497865.0,30644.0,54093.0,13825.0
2024-08-05,6741.0,467384.0,22288.0,32997.0,12566.0
2024-08-06,5458.0,433066.0,18371.0,26671.0,11103.0
2024-08-07,4922.0,420780.0,18838.0,21588.0,10352.0
2024-08-08,4932.0,438828.0,17267.0,16798.0,10829.0
2024-08-09,5532.0,456952.0,18626.0,14020.0,10377.0
2024-08-10,5991.0,481735.0,20572.0,12584.0,10766.0
2024-08-11,13413.0,580006.0,29892.0,78635.0,15485.0
2024-08-12,9883.0,275003.0,22784.0,57120.0,11003.0
2024-08-13,5194.0,129706.0,17663.0,17662.0,7514.0
2024-08-14,3743.0,87283.0,14962.0,10108.0,7000.0
2024-08-15,3099.0,65645.0,13697.0,7513.0,6081.0
2024-08-16,2908.0,55236.0,13028.0,6208.0,6239.0
2024-08-17,2463.0,45952.0,16194.0,6664.0,5646.0
2024-08-18,2288.0,43134.0,16828.0,5236.0,6049.0
2024-08-19,2078.0,38801.0,14093.0,3818.0,6414.0
2024-08-20,1883.0,36234.0,11663.0,3150.0,6007.0
2024-08-21,1626.0,31699.0,10380.0,2749.0,6144.0
2024-08-22,1424.0,29108.0,10182.0,3056.0,5664.0
2024-08-23,1462.0,26090.0,10168.0,3193.0,5534.0
2024-08-24,1294.0,22818.0,12070.0,2207.0,5299.0
2024-08-25,1282.0,23389.0,12296.0,2056.0,5642.0
2024-08-26,1293.0,23336.0,10390.0,1780.0,5875.0
2024-08-27,1217.0,21407.0,8645.0,1630.0,5798.0
2024-08-28,1993.0,27893.0,8444.0,1635.0,6814.0
2024-08-29,1721.0,25822.0,8434.0,1668.0,6577.0
2024-08-30,1280.0,23737.0,9112.0,1530.0,6262.0
2024-08-31,1280.0,21925.0,9986.0,1356.0,5980.0
2024-09-01,1429.0,24208.0,9566.0,1272.0,6288.0
2024-09-02,1374.0,24644.0,8709.0,1316.0,6496.0
2024-09-03,1183.0,22073.0,7339.0,1338.0,6609.0
2024-09-04,1500.0,20223.0,6126.0,1294.0,6205.0
2024-09-05,1601.0,21881.0,7109.0,1228.0,7038.0
2024-09-06,1493.0,19751.0,7620.0,1166.0,6313.0
2024-09-07,1179.0,18892.0,8868.0,1184.0,6005.0
2024-09-08,1197.0,22046.0,9110.0,1103.0,6268.0
2024-09-09,1043.0,18515.0,7443.0,962.0,6525.0
2024-09-10,979.0,14542.0,6942.0,944.0,5961.0
2024-09-11,803.0,13474.0,6874.0,763.0,5697.0
2024-09-12,804.0,12956.0,6954.0,785.0,5652.0
2024-09-13,746.0,11823.0,6656.0,732.0,5473.0
2024-09-14,775.0,12306.0,8190.0,949.0,5196.0
2024-09-15,872.0,11774.0,8515.0,850.0,5525.0
2024-09-16,670.0,11346.0,6968.0,890.0,5987.0
2024-09-17,732.0,11873.0,6786.0,731.0,5769.0
2024-09-18,878.0,12741.0,8863.0,789.0,5880.0
2024-09-19,845.0,11607.0,6519.0,831.0,5774.0
2024-09-20,730.0,10557.0,6928.0,699.0,5388.0
2024-09-21,699.0,9504.0,7233.0,616.0,4873.0
2024-09-22,680.0,9361.0,7481.0,675.0,5358.0
2024-09-23,657.0,9215.0,6107.0,675.0,5522.0
2024-09-24,646.0,8914.0,5879.0,674.0,5834.0
2024-09-25,610.0,9110.0,5432.0,585.0,5957.0
2024-09-26,681.0,8108.0,5827.0,530.0,5780.0
2024-09-27,584.0,7513.0,6009.0,572.0,5237.0
2024-09-28,481.0,7322.0,6578.0,567.0,4956.0
2024-09-29,647.0,7317.0,6739.0,584.0,5330.0
2024-09-30,567.0,7378.0,5675.0,694.0,5611.0
2024-10-01,550.0,6841.0,5042.0,553.0,5395.0
2024-10-02,516.0,6944.0,5640.0,548.0,5343.0
2024-10-03,517.0,7173.0,6040.0,681.0,5331.0
2024-10-04,506.0,6859.0,5993.0,604.0,5324.0
2024-10-05,465.0,6766.0,7117.0,529.0,5089.0
2024-10-06,507.0,7093.0,7174.0,541.0,5069.0
2024-10-07,562.0,7159.0,15674.0,501.0,5745.0
2024-10-08,534.0,7002.0,5542.0,535.0,5515.0
2024-10-09,484.0,6947.0,5758.0,535.0,5521.0
2024-10-10,453.0,6698.0,5682.0,455.0,5423.0
2024-10-11,475.0,6542.0,5736.0,403.0,5315.0
2024-10-12,498.0,6714.0,6597.0,409.0,4836.0
2024-10-13,642.0,7979.0,13276.0,453.0,5173.0
2024-10-14,549.0,7389.0,12121.0,492.0,5358.0
2024-10-15,395.0,6595.0,9078.0,515.0,5662.0
2024-10-16,592.0,6667.0,7681.0,463.0,5672.0
2024-10-17,423.0,6555.0,6734.0,539.0,5448.0
2024-10-18,415.0,6296.0,6548.0,704.0,5619.0
2024-10-19,358.0,6296.0,7003.0,722.0,4974.0
2024-10-20,417.0,6766.0,7408.0,774.0,5364.0
2024-10-21,458.0,6774.0,5935.0,587.0,6054.0
2024-10-22,461.0,6471.0,5559.0,545.0,5889.0
2024-10-23,422.0,6282.0,6350.0,451.0,5521.0
2024-10-24,327.0,5856.0,7159.0,492.0,5421.0
