date,Pope_Francis,2025_papal_conclave,Pope_Leo_XIV,College_of_Cardinals,Vatican_City
2023-11-26,10204.0,0.0,0.0,265.0,5367.0
2023-11-27,11213.0,0.0,0.0,332.0,5454.0
2023-11-28,10901.0,0.0,0.0,390.0,5359.0
2023-11-29,14124.0,0.0,0.0,668.0,5546.0
2023-11-30,11897.0,0.0,0.0,498.0,5546.0
2023-12-01,8486.0,0.0,0.0,298.0,4995.0
2023-12-02,8227.0,0.0,0.0,269.0,4945.0
2023-12-03,8821.0,0.0,0.0,301.0,4997.0
2023-12-04,7865.0,0.0,0.0,297.0,5047.0
2023-12-05,7136.0,0.0,0.0,277.0,4799.0
2023-12-06,7408.0,0.0,0.0,240.0,5031.0
2023-12-07,6948.0,0.0,0.0,245.0,5106.0
2023-12-08,6753.0,0.0,0.0,240.0,4755.0
2023-12-09,6665.0,0.0,0.0,230.0,4621.0
2023-12-10,7384.0,0.0,0.0,235.0,4960.0
2023-12-11,7444.0,0.0,0.0,243.0,5202.0
2023-12-12,7195.0,0.0,0.0,282.0,5252.0
2023-12-13,10784.0,0.0,0.0,371.0,5486.0
2023-12-14,10689.0,0.0,0.0,344.0,5062.0
2023-12-15,8271.0,0.0,0.0,273.0,4669.0
2023-12-16,9430.0,0.0,0.0,380.0,6767.0
2023-12-17,15494.0,0.0,0.0,452.0,6621.0
2023-12-18,25172.0,0.0,0.0,498.0,6645.0
2023-12-19,31536.0,0.0,0.0,391.0,5962.0
2023-12-20,16678.0,0.0,0.0,309.0,6135.0
2023-12-21,11587.0,0.0,0.0,314.0,5450.0
2023-12-22,14604.0,0.0,1.0,368.0,5049.0
2023-12-23,12818.0,0.0,0.0,284.0,5346.0
2023-12-24,19674.0,0.0,0.0,418.0,6420.0
2023-12-25,32304.0,0.0,0.0,1052.0,8423.0
2023-12-26,17578.0,0.0,0.0,408.0,6211.0
2023-12-27,14863.0,0.0,0.0,345.0,5874.0
2023-12-28,14503.0,0.0,0.0,424.0,5878.0
2023-12-29,12772.0,0.0,0.0,368.0,5598.0
2023-12-30,12208.0,0.0,0.0,328.0,5476.0
2023-12-31,13830.0,0.0,0.0,384.0,5577.0
2024-01-01,13432.0,0.0,0.0,383.0,5857.0
2024-01-02,10220.0,0.0,0.0,318.0,5567.0
2024-01-03,8338.0,0.0,0.0,279.0,5337.0
2024-01-04,8899.0,0.0,0.0,293.0,5527.0
2024-01-05,8165.0,0.0,0.0,298.0,5298.0
2024-01-06,8129.0,0.0,0.0,297.0,5181.0
2024-01-07,8478.0,0.0,0.0,343.0,5304.0
2024-01-08,10121.0,0.0,0.0,272.0,5836.0
2024-01-09,14539.0,0.0,0.0,296.0,5843.0
2024-01-10,11067.0,0.0,0.0,408.0,6072.0
2024-01-11,9214.0,0.0,0.0,351.0,5890.0
2024-01-12,8235.0,0.0,1.0,288.0,5566.0
2024-01-13,7639.0,0.0,0.0,258.0,5278.0
2024-01-14,9042.0,0.0,0.0,293.0,5646.0
2024-01-15,9755.0,0.0,0.0,301.0,5962.0
2024-01-16,8513.0,0.0,0.0,259.0,5574.0
2024-01-17,8445.0,0.0,0.0,278.0,5810.0
2024-01-18,8135.0,0.0,0.0,234.0,5997.0
2024-01-19,8207.0,0.0,0.0,238.0,6003.0
2024-01-20,7692.0,0.0,0.0,268.0,5879.0
2024-01-21,8282.0,0.0,0.0,265.0,5914.0
2024-01-22,7464.0,0.0,0.0,254.0,6438.0
2024-01-23,7194.0,0.0,0.0,256.0,6242.0
2024-01-24,7256.0,0.0,0.0,243.0,5831.0
2024-01-25,7334.0,0.0,0.0,250.0,5716.0
2024-01-26,6781.0,0.0,0.0,199.0,5407.0
2024-01-27,7024.0,0.0,0.0,235.0,7587.0
2024-01-28,8066.0,0.0,0.0,254.0,6771.0
2024-01-29,7623.0,0.0,0.0,247.0,6501.0
2024-01-30,7754.0,0.0,1.0,241.0,6222.0
2024-01-31,7156.0,0.0,1.0,266.0,5975.0
2024-02-01,6683.0,0.0,0.0,256.0,5690.0
2024-02-02,11540.0,0.0,1.0,221.0,5592.0
2024-02-03,11952.0,0.0,0.0,229.0,5467.0
2024-02-04,12399.0,0.0,0.0,235.0,5742.0
2024-02-05,13471.0,0.0,0.0,254.0,5669.0
2024-02-06,8200.0,0.0,0.0,247.0,5555.0
2024-02-07,7943.0,0.0,0.0,218.0,5553.0
2024-02-08,7603.0,0.0,0.0,208.0,5342.0
2024-02-09,7993.0,0.0,0.0,208.0,5350.0
2024-02-10,9083.0,0.0,0.0,216.0,5210.0
2024-02-11,10488.0,0.0,0.0,279.0,5584.0
2024-02-12,9498.0,0.0,0.0,601.0,5165.0
2024-02-13,7776.0,0.0,0.0,235.0,5110.0
2024-02-14,7292.0,0.0,1.0,246.0,5095.0
2024-02-15,7236.0,0.0,0.0,244.0,5164.0
2024-02-16,6875.0,0.0,0.0,227.0,4723.0
2024-02-17,6848.0,0.0,0.0,227.0,4966.0
2024-02-18,7500.0,0.0,1.0,296.0,5432.0
2024-02-19,7101.0,0.0,0.0,285.0,5429.0
2024-02-20,6590.0,0.0,0.0,275.0,5501.0
2024-02-21,7047.0,0.0,0.0,255.0,5570.0
2024-02-22,7649.0,0.0,0.0,262.0,5107.0
2024-02-23,6653.0,0.0,0.0,225.0,4786.0
2024-02-24,7094.0,0.0,0.0,225.0,4805.0
2024-02-25,7592.0,0.0,0.0,255.0,5183.0
2024-02-26,7483.0,0.0,0.0,214.0,5558.0
2024-02-27,6846.0,0.0,0.0,254.0,5321.0
2024-02-28,12551.0,0.0,0.0,275.0,5295.0
2024-02-29,8680.0,0.0,0.0,264.0,5091.0
2024-03-01,7691.0,0.0,0.0,256.0,4905.0
2024-03-02,7387.0,0.0,0.0,279.0,4904.0
2024-03-03,7540.0,0.0,0.0,244.0,5235.0
2024-03-04,6859.0,0.0,0.0,258.0,5201.0
2024-03-05,6913.0,0.0,0.0,253.0,5112.0
2024-03-06,8604.0,0.0,0.0,301.0,5288.0
2024-03-07,8622.0,0.0,0.0,328.0,5093.0
2024-03-08,7367.0,0.0,0.0,226.0,4946.0
2024-03-09,7839.0,0.0,0.0,222.0,4875.0
2024-03-10,15027.0,0.0,0.0,331.0,5650.0
2024-03-11,12621.0,0.0,0.0,245.0,5511.0
2024-03-12,9183.0,0.0,0.0,242.0,5353.0
2024-03-13,10513.0,0.0,0.0,260.0,5062.0
2024-03-14,8917.0,0.0,0.0,233.0,5095.0
2024-03-15,7891.0,0.0,1.0,200.0,4797.0
2024-03-16,7488.0,0.0,0.0,248.0,4995.0
2024-03-17,8390.0,0.0,0.0,305.0,5224.0
2024-03-18,9576.0,0.0,0.0,292.0,5496.0
2024-03-19,8692.0,0.0,0.0,319.0,5218.0
2024-03-20,8217.0,0.0,0.0,433.0,5225.0
2024-03-21,7369.0,0.0,0.0,302.0,5262.0
2024-03-22,7238.0,0.0,0.0,272.0,5516.0
2024-03-23,7143.0,0.0,0.0,253.0,4865.0
2024-03-24,12467.0,0.0,1.0,355.0,5621.0
2024-03-25,11291.0,0.0,0.0,310.0,5652.0
2024-03-26,8334.0,0.0,0.0,272.0,5471.0
2024-03-27,8135.0,0.0,1.0,258.0,5556.0
2024-03-28,10676.0,0.0,0.0,286.0,5966.0
2024-03-29,16719.0,0.0,0.0,373.0,6106.0
2024-03-30,26322.0,0.0,0.0,516.0,5990.0
2024-03-31,38211.0,0.0,0.0,697.0,7714.0
2024-04-01,15261.0,0.0,0.0,413.0,6107.0
2024-04-02,10739.0,0.0,0.0,349.0,5617.0
2024-04-03,8866.0,0.0,0.0,350.0,5657.0
2024-04-04,8119.0,0.0,0.0,329.0,5383.0
2024-04-05,9183.0,0.0,0.0,306.0,5181.0
2024-04-06,7255.0,0.0,0.0,248.0,5118.0
2024-04-07,7711.0,0.0,0.0,258.0,5226.0
2024-04-08,8453.0,0.0,0.0,311.0,5731.0
2024-04-09,7909.0,0.0,0.0,290.0,5596.0
2024-04-10,7359.0,0.0,0.0,233.0,5432.0
2024-04-11,6964.0,0.0,0.0,231.0,5626.0
2024-04-12,7587.0,0.0,0.0,243.0,5285.0
2024-04-13,6788.0,0.0,0.0,256.0,4950.0
2024-04-14,7269.0,0.0,0.0,256.0,5220.0
2024-04-15,8329.0,0.0,0.0,271.0,5198.0
2024-04-16,8888.0,0.0,0.0,261.0,5113.0
2024-04-17,6601.0,0.0,0.0,261.0,4953.0
2024-04-18,6364.0,0.0,0.0,246.0,5008.0
2024-04-19,7614.0,0.0,0.0,206.0,5023.0
2024-04-20,6398.0,0.0,0.0,220.0,4891.0
2024-04-21,6904.0,0.0,0.0,218.0,4986.0
2024-04-22,6560.0,0.0,0.0,263.0,5213.0
2024-04-23,7442.0,0.0,0.0,232.0,5125.0
2024-04-24,7708.0,0.0,0.0,256.0,4988.0
2024-04-25,7881.0,0.0,0.0,226.0,5156.0
2024-04-26,7437.0,0.0,0.0,246.0,5054.0
2024-04-27,6377.0,0.0,0.0,182.0,4615.0
2024-04-28,8358.0,0.0,0.0,272.0,5067.0
2024-04-29,8559.0,0.0,0.0,228.0,6027.0
2024-04-30,6314.0,0.0,1.0,233.0,5037.0
2024-05-01,6487.0,0.0,0.0,194.0,5113.0
2024-05-02,6305.0,0.0,10.0,203.0,5024.0
2024-05-03,6195.0,0.0,7.0,193.0,4830.0
2024-05-04,6166.0,0.0,5.0,202.0,5061.0
2024-05-05,7323.0,0.0,5.0,286.0,5668.0
2024-05-06,6743.0,0.0,3.0,319.0,5481.0
2024-05-07,6446.0,0.0,1.0,281.0,5839.0
2024-05-08,6641.0,0.0,1.0,325.0,5593.0
2024-05-09,6201.0,0.0,0.0,257.0,5428.0
2024-05-10,6349.0,0.0,1.0,255.0,4772.0
2024-05-11,6226.0,0.0,0.0,210.0,4996.0
2024-05-12,6512.0,0.0,1.0,220.0,4957.0
2024-05-13,6764.0,0.0,1.0,238.0,5456.0
2024-05-14,5885.0,0.0,1.0,217.0,5022.0
2024-05-15,5923.0,0.0,1.0,254.0,5193.0
2024-05-16,6645.0,0.0,0.0,304.0,5449.0
2024-05-17,9863.0,0.0,0.0,241.0,5157.0
2024-05-18,9140.0,0.0,0.0,260.0,4933.0
2024-05-19,16189.0,0.0,0.0,313.0,4919.0
2024-05-20,15243.0,0.0,0.0,304.0,5462.0
2024-05-21,15016.0,0.0,0.0,304.0,5541.0
2024-05-22,10013.0,0.0,0.0,295.0,5387.0
2024-05-23,10263.0,0.0,1.0,249.0,5360.0
2024-05-24,10164.0,0.0,0.0,265.0,5547.0
2024-05-25,7817.0,0.0,0.0,269.0,4945.0
2024-05-26,7666.0,0.0,0.0,257.0,6068.0
2024-05-27,8597.0,0.0,0.0,323.0,5821.0
2024-05-28,26654.0,0.0,0.0,293.0,6100.0
2024-05-29,35380.0,0.0,0.0,264.0,5635.0
2024-05-30,11279.0,0.0,0.0,241.0,5266.0
2024-05-31,6948.0,0.0,0.0,257.0,4725.0
2024-06-01,7485.0,0.0,0.0,257.0,4840.0
2024-06-02,7094.0,0.0,2.0,247.0,5119.0
2024-06-03,6669.0,0.0,0.0,262.0,5229.0
2024-06-04,5937.0,0.0,2.0,212.0,4936.0
2024-06-05,6096.0,0.0,1.0,197.0,5148.0
2024-06-06,5610.0,0.0,0.0,208.0,4843.0
2024-06-07,5274.0,0.0,0.0,197.0,4864.0
2024-06-08,5528.0,0.0,0.0,216.0,4521.0
2024-06-09,5758.0,0.0,0.0,204.0,4832.0
2024-06-10,5562.0,0.0,0.0,207.0,4737.0
2024-06-11,5491.0,0.0,0.0,192.0,4875.0
2024-06-12,10791.0,0.0,0.0,266.0,5088.0
2024-06-13,12601.0,0.0,0.0,188.0,5118.0
2024-06-14,16974.0,0.0,0.0,206.0,5711.0
2024-06-15,15973.0,0.0,0.0,237.0,5988.0
2024-06-16,10333.0,0.0,0.0,237.0,5485.0
2024-06-17,8509.0,0.0,0.0,240.0,5290.0
2024-06-18,8107.0,0.0,1.0,210.0,4935.0
2024-06-19,7125.0,0.0,0.0,194.0,4919.0
2024-06-20,7041.0,0.0,0.0,232.0,4955.0
2024-06-21,6674.0,0.0,0.0,213.0,4829.0
2024-06-22,6477.0,0.0,0.0,237.0,4787.0
2024-06-23,6417.0,0.0,0.0,235.0,5094.0
2024-06-24,6486.0,0.0,2.0,235.0,5019.0
2024-06-25,5854.0,0.0,0.0,189.0,4805.0
2024-06-26,6062.0,0.0,0.0,235.0,4871.0
2024-06-27,5519.0,0.0,0.0,204.0,4757.0
2024-06-28,5015.0,0.0,2.0,195.0,4262.0
2024-06-29,5553.0,0.0,0.0,216.0,4588.0
2024-06-30,5768.0,0.0,0.0,229.0,4626.0
2024-07-01,5426.0,0.0,0.0,244.0,4672.0
2024-07-02,5353.0,0.0,0.0,252.0,4786.0
2024-07-03,5639.0,0.0,0.0,212.0,4745.0
2024-07-04,5282.0,0.0,0.0,190.0,4449.0
2024-07-05,6426.0,0.0,0.0,294.0,4483.0
2024-07-06,7279.0,0.0,0.0,269.0,4935.0
2024-07-07,7574.0,0.0,0.0,240.0,4705.0
2024-07-08,6160.0,0.0,0.0,221.0,4657.0
2024-07-09,6137.0,0.0,0.0,249.0,4500.0
2024-07-10,5541.0,0.0,0.0,197.0,4391.0
2024-07-11,5453.0,0.0,0.0,238.0,4523.0
2024-07-12,5290.0,0.0,0.0,239.0,4390.0
2024-07-13,5380.0,0.0,0.0,188.0,4182.0
2024-07-14,5794.0,0.0,0.0,160.0,4209.0
2024-07-15,5804.0,0.0,0.0,209.0,4334.0
2024-07-16,5451.0,0.0,0.0,211.0,4458.0
2024-07-17,5457.0,0.0,0.0,199.0,4589.0
2024-07-18,5763.0,0.0,0.0,260.0,4568.0
2024-07-19,5866.0,0.0,0.0,322.0,4343.0
2024-07-20,6197.0,0.0,0.0,324.0,4398.0
2024-07-21,7012.0,0.0,0.0,333.0,4701.0
2024-07-22,6335.0,0.0,1.0,316.0,4424.0
2024-07-23,5662.0,0.0,0.0,243.0,4405.0
2024-07-24,5265.0,0.0,0.0,206.0,4210.0
2024-07-25,5664.0,0.0,0.0,241.0,4376.0
2024-07-26,5394.0,0.0,0.0,211.0,4996.0
2024-07-27,5676.0,0.0,0.0,197.0,4781.0
2024-07-28,5789.0,0.0,1.0,257.0,4550.0
2024-07-29,5589.0,0.0,0.0,284.0,4534.0
2024-07-30,5363.0,0.0,0.0,242.0,4441.0
2024-07-31,4990.0,0.0,0.0,211.0,3997.0
2024-08-01,5372.0,0.0,0.0,207.0,4069.0
2024-08-02,5166.0,0.0,0.0,203.0,4134.0
2024-08-03,4978.0,0.0,0.0,213.0,4339.0
2024-08-04,5726.0,0.0,0.0,258.0,4513.0
2024-08-05,5432.0,0.0,0.0,322.0,4391.0
2024-08-06,5160.0,0.0,0.0,296.0,4388.0
2024-08-07,5186.0,0.0,0.0,204.0,4635.0
2024-08-08,5092.0,0.0,0.0,202.0,4419.0
2024-08-09,4696.0,0.0,1.0,217.0,4198.0
2024-08-10,4659.0,0.0,0.0,199.0,4213.0
2024-08-11,5390.0,0.0,0.0,224.0,4754.0
2024-08-12,5312.0,0.0,1.0,236.0,4590.0
2024-08-13,5179.0,0.0,0.0,204.0,4510.0
2024-08-14,5162.0,0.0,0.0,186.0,4295.0
2024-08-15,5232.0,0.0,0.0,217.0,4588.0
2024-08-16,5302.0,0.0,1.0,195.0,4544.0
2024-08-17,5530.0,0.0,0.0,209.0,4229.0
2024-08-18,5996.0,0.0,0.0,239.0,4850.0
2024-08-19,6902.0,0.0,1.0,233.0,4613.0
2024-08-20,6029.0,0.0,0.0,213.0,4336.0
2024-08-21,5659.0,0.0,0.0,208.0,4383.0
2024-08-22,5350.0,0.0,0.0,204.0,4278.0
2024-08-23,5224.0,0.0,0.0,217.0,4202.0
2024-08-24,5400.0,0.0,0.0,190.0,3983.0
2024-08-25,5877.0,0.0,0.0,213.0,4239.0
2024-08-26,6429.0,0.0,0.0,233.0,4448.0
2024-08-27,6066.0,0.0,0.0,246.0,4335.0
2024-08-28,6626.0,0.0,0.0,253.0,4860.0
2024-08-29,6632.0,0.0,0.0,246.0,4970.0
2024-08-30,6523.0,0.0,0.0,211.0,4538.0
2024-08-31,6103.0,0.0,0.0,218.0,4102.0
2024-09-01,7451.0,0.0,0.0,291.0,4450.0
2024-09-02,10069.0,0.0,0.0,295.0,4747.0
2024-09-03,30126.0,0.0,0.0,374.0,7284.0
2024-09-04,25036.0,0.0,1.0,388.0,7215.0
2024-09-05,29861.0,0.0,0.0,445.0,7101.0
2024-09-06,19544.0,0.0,0.0,334.0,6703.0
2024-09-07,13992.0,0.0,0.0,230.0,5385.0
2024-09-08,14936.0,0.0,0.0,349.0,5409.0
2024-09-09,14417.0,0.0,0.0,341.0,5436.0
2024-09-10,13116.0,0.0,0.0,274.0,5220.0
2024-09-11,24447.0,0.0,0.0,299.0,5725.0
2024-09-12,34452.0,0.0,1.0,387.0,7219.0
2024-09-13,24190.0,0.0,0.0,355.0,6159.0
2024-09-14,19846.0,0.0,0.0,349.0,5605.0
2024-09-15,16957.0,0.0,0.0,306.0,5217.0
2024-09-16,9827.0,0.0,0.0,311.0,5340.0
2024-09-17,8840.0,0.0,0.0,249.0,4846.0
2024-09-18,8044.0,0.0,0.0,266.0,4826.0
2024-09-19,7604.0,0.0,0.0,255.0,4797.0
2024-09-20,7422.0,0.0,0.0,335.0,4697.0
2024-09-21,7051.0,0.0,0.0,259.0,4891.0
2024-09-22,7820.0,0.0,0.0,294.0,5673.0
2024-09-23,8393.0,0.0,0.0,348.0,6281.0
2024-09-24,7522.0,0.0,2.0,304.0,5842.0
2024-09-25,7985.0,0.0,0.0,299.0,5442.0
2024-09-26,9436.0,0.0,0.0,302.0,5321.0
2024-09-27,8687.0,0.0,0.0,296.0,4858.0
2024-09-28,7625.0,0.0,0.0,331.0,4629.0
2024-09-29,9076.0,0.0,0.0,369.0,5288.0
2024-09-30,8020.0,0.0,0.0,293.0,4786.0
2024-10-01,6955.0,0.0,0.0,333.0,4775.0
2024-10-02,7203.0,0.0,0.0,327.0,4619.0
2024-10-03,6964.0,0.0,0.0,283.0,4685.0
2024-10-04,6882.0,0.0,0.0,285.0,4523.0
2024-10-05,7144.0,0.0,0.0,284.0,4633.0
2024-10-06,8922.0,0.0,0.0,1691.0,4771.0
2024-10-07,18731.0,0.0,0.0,1551.0,4933.0
2024-10-08,8604.0,0.0,0.0,778.0,4705.0
2024-10-09,6916.0,0.0,0.0,532.0,4604.0
2024-10-10,6549.0,0.0,0.0,502.0,5064.0
2024-10-11,6879.0,0.0,0.0,440.0,9342.0
2024-10-12,6742.0,0.0,0.0,420.0,5280.0
2024-10-13,7029.0,0.0,0.0,397.0,4719.0
2024-10-14,7172.0,0.0,0.0,417.0,5003.0
2024-10-15,7181.0,0.0,0.0,402.0,4990.0
2024-10-16,7355.0,0.0,0.0,419.0,4830.0
2024-10-17,6893.0,0.0,0.0,376.0,5013.0
2024-10-18,7174.0,0.0,0.0,472.0,4861.0
2024-10-19,6797.0,0.0,0.0,420.0,4558.0
2024-10-20,8540.0,0.0,0.0,481.0,4740.0
2024-10-21,8712.0,0.0,0.0,432.0,4926.0
2024-10-22,8705.0,0.0,0.0,438.0,5047.0
2024-10-23,7927.0,0.0,0.0,422.0,4870.0
2024-10-24,7922.0,0.0,0.0,467.0,4729.0
2024-10-25,8729.0,0.0,1.0,808.0,4906.0
2024-10-26,8216.0,0.0,0.0,1073.0,5114.0
2024-10-27,10269.0,0.0,0.0,1270.0,5189.0
2024-10-28,8891.0,0.0,0.0,990.0,5083.0
2024-10-29,8282.0,0.0,1.0,816.0,6073.0
2024-10-30,9162.0,0.0,0.0,823.0,6065.0
2024-10-31,7381.0,0.0,0.0,648.0,5075.0
2024-11-01,7548.0,0.0,0.0,616.0,4844.0
2024-11-02,8179.0,0.0,0.0,894.0,4729.0
2024-11-03,8493.0,0.0,0.0,967.0,5666.0
2024-11-04,7928.0,0.0,0.0,901.0,5295.0
2024-11-05,7283.0,0.0,0.0,673.0,6615.0
2024-11-06,6381.0,0.0,0.0,463.0,4307.0
2024-11-07,7028.0,0.0,0.0,542.0,4571.0
2024-11-08,7779.0,0.0,0.0,528.0,4542.0
2024-11-09,7755.0,0.0,0.0,681.0,4662.0
2024-11-10,8539.0,0.0,0.0,906.0,4763.0
2024-11-11,7960.0,0.0,0.0,845.0,4926.0
2024-11-12,8259.0,0.0,0.0,734.0,5227.0
2024-11-13,7428.0,0.0,0.0,614.0,5408.0
2024-11-14,6853.0,0.0,0.0,492.0,5177.0
2024-11-15,6734.0,0.0,0.0,618.0,4811.0
2024-11-16,7070.0,0.0,0.0,600.0,4465.0
2024-11-17,9118.0,0.0,0.0,807.0,4867.0
2024-11-18,10017.0,0.0,0.0,729.0,5238.0
2024-11-19,7900.0,0.0,0.0,560.0,5202.0
2024-11-20,8542.0,0.0,0.0,516.0,5314.0
2024-11-21,8496.0,0.0,0.0,464.0,5136.0
2024-11-22,7237.0,0.0,0.0,407.0,4848.0
2024-11-23,6815.0,0.0,0.0,419.0,4514.0
2024-11-24,7570.0,0.0,0.0,570.0,4653.0
2024-11-25,7037.0,0.0,0.0,510.0,4663.0
2024-11-26,6996.0,0.0,0.0,695.0,4444.0
2024-11-27,7958.0,0.0,0.0,1068.0,4501.0
2024-11-28,8025.0,0.0,0.0,1121.0,4472.0
2024-11-29,8918.0,0.0,1.0,1288.0,4698.0
2024-11-30,9624.0,0.0,1.0,1662.0,4887.0
2024-12-01,10350.0,0.0,1.0,1770.0,5001.0
2024-12-02,8930.0,0.0,1.0,1229.0,5039.0
2024-12-03,8195.0,0.0,0.0,917.0,4708.0
2024-12-04,8034.0,0.0,0.0,847.0,4710.0
2024-12-05,9028.0,0.0,0.0,830.0,4960.0
2024-12-06,8647.0,0.0,0.0,855.0,4869.0
2024-12-07,12610.0,0.0,0.0,2052.0,5394.0
2024-12-08,15442.0,0.0,1.0,2471.0,5228.0
2024-12-09,13775.0,0.0,0.0,1470.0,5444.0
2024-12-10,10020.0,0.0,0.0,1031.0,5393.0
2024-12-11,9968.0,0.0,0.0,904.0,5363.0
2024-12-12,9455.0,0.0,0.0,760.0,5150.0
2024-12-13,10084.0,0.0,0.0,960.0,4956.0
2024-12-14,12218.0,0.0,0.0,1986.0,5183.0
2024-12-15,15747.0,0.0,1.0,2217.0,5343.0
2024-12-16,11957.0,0.0,0.0,1503.0,5247.0
2024-12-17,15516.0,0.0,0.0,1236.0,5207.0
2024-12-18,11572.0,0.0,0.0,1131.0,5280.0
2024-12-19,9267.0,0.0,1.0,1172.0,5077.0
2024-12-20,8245.0,0.0,0.0,1003.0,4964.0
2024-12-21,10075.0,0.0,0.0,1287.0,4989.0
2024-12-22,13162.0,0.0,0.0,1667.0,5457.0
2024-12-23,11124.0,0.0,0.0,1360.0,5248.0
2024-12-24,21711.0,0.0,0.0,1403.0,6222.0
2024-12-25,50337.0,0.0,0.0,1943.0,8582.0
2024-12-26,25638.0,0.0,0.0,1834.0,6080.0
2024-12-27,18440.0,0.0,0.0,1722.0,5660.0
2024-12-28,15468.0,0.0,1.0,1765.0,6050.0
2024-12-29,14236.0,0.0,0.0,1806.0,5681.0
2024-12-30,18704.0,0.0,0.0,1633.0,5596.0
2024-12-31,13705.0,0.0,0.0,1432.0,4880.0
2025-01-01,14249.0,0.0,0.0,1570.0,5597.0
2025-01-02,13225.0,0.0,0.0,1535.0,5732.0
2025-01-03,11747.0,0.0,1.0,1326.0,5349.0
2025-01-04,12920.0,0.0,0.0,1733.0,5375.0
2025-01-05,13225.0,0.0,1.0,1913.0,5493.0
2025-01-06,13478.0,0.0,1.0,1745.0,5330.0
2025-01-07,12007.0,0.0,0.0,1505.0,5339.0
2025-01-08,10333.0,0.0,0.0,1120.0,5163.0
2025-01-09,10722.0,0.0,0.0,1163.0,5329.0
2025-01-10,11575.0,0.0,1.0,1094.0,5932.0
2025-01-11,14188.0,0.0,0.0,1685.0,5285.0
2025-01-12,17013.0,0.0,0.0,2004.0,5527.0
2025-01-13,12584.0,0.0,0.0,1221.0,5451.0
2025-01-14,12652.0,0.0,0.0,1002.0,5082.0
2025-01-15,11211.0,0.0,0.0,1046.0,4831.0
2025-01-16,13843.0,0.0,0.0,964.0,4951.0
2025-01-17,11967.0,0.0,0.0,950.0,4832.0
2025-01-18,12408.0,0.0,0.0,1428.0,4911.0
2025-01-19,13043.0,0.0,0.0,1425.0,4897.0
2025-01-20,14920.0,0.0,0.0,1414.0,5340.0
2025-01-21,10590.0,0.0,0.0,793.0,4899.0
2025-01-22,10294.0,0.0,0.0,773.0,4768.0
2025-01-23,10595.0,0.0,0.0,923.0,4961.0
2025-01-24,10668.0,0.0,0.0,1078.0,4701.0
2025-01-25,12965.0,0.0,0.0,1702.0,4876.0
2025-01-26,15776.0,0.0,0.0,2091.0,5290.0
2025-01-27,12030.0,0.0,0.0,1159.0,4978.0
2025-01-28,10595.0,0.0,2.0,916.0,4868.0
2025-01-29,9773.0,0.0,0.0,735.0,5004.0
2025-01-30,9899.0,0.0,0.0,795.0,4886.0
2025-01-31,9599.0,0.0,1.0,801.0,4576.0
2025-02-01,12809.0,0.0,0.0,1340.0,4396.0
2025-02-02,12941.0,0.0,0.0,1600.0,4538.0
2025-02-03,9647.0,0.0,0.0,1023.0,4304.0
2025-02-04,8428.0,0.0,0.0,737.0,4438.0
2025-02-05,8870.0,0.0,0.0,670.0,4432.0
2025-02-06,9060.0,0.0,0.0,814.0,4375.0
2025-02-07,9862.0,0.0,0.0,792.0,4416.0
2025-02-08,10961.0,0.0,0.0,1255.0,4637.0
2025-02-09,14109.0,0.0,0.0,1302.0,5218.0
2025-02-10,9599.0,0.0,2.0,674.0,4658.0
2025-02-11,12042.0,0.0,0.0,817.0,5449.0
2025-02-12,14412.0,0.0,1.0,1189.0,6142.0
2025-02-13,11124.0,0.0,0.0,808.0,5511.0
2025-02-14,33036.0,0.0,0.0,1016.0,5318.0
2025-02-15,29834.0,0.0,0.0,1252.0,5404.0
2025-02-16,26216.0,0.0,0.0,1703.0,5511.0
2025-02-17,63379.0,0.0,0.0,2163.0,6879.0
2025-02-18,93321.0,0.0,2.0,2828.0,7631.0
2025-02-19,111189.0,0.0,1.0,2852.0,7462.0
2025-02-20,85416.0,0.0,1.0,2336.0,6595.0
2025-02-21,60643.0,0.0,0.0,1941.0,5955.0
2025-02-22,234756.0,16.0,0.0,5076.0,9879.0
2025-02-23,447790.0,18.0,1.0,8694.0,16093.0
2025-02-24,335358.0,10.0,0.0,6546.0,12833.0
2025-02-25,179428.0,3.0,4.0,4159.0,9782.0
2025-02-26,119883.0,4.0,0.0,3403.0,8373.0
2025-02-27,83755.0,1.0,0.0,2779.0,8269.0
2025-02-28,84886.0,1.0,0.0,2678.0,7970.0
2025-03-01,97714.0,2.0,1.0,3987.0,7767.0
2025-03-02,75482.0,6.0,0.0,4610.0,7773.0
2025-03-03,76091.0,4.0,0.0,3912.0,7816.0
2025-03-04,77241.0,0.0,0.0,2982.0,7481.0
2025-03-05,54035.0,1.0,0.0,2054.0,7616.0
2025-03-06,47486.0,0.0,0.0,2000.0,6904.0
2025-03-07,44096.0,0.0,0.0,1875.0,6367.0
2025-03-08,39120.0,1.0,0.0,2409.0,5984.0
2025-03-09,47364.0,1.0,0.0,2938.0,6740.0
2025-03-10,33967.0,1.0,0.0,1731.0,7596.0
2025-03-11,24977.0,0.0,0.0,1220.0,5571.0
2025-03-12,21202.0,0.0,0.0,1074.0,5417.0
2025-03-13,24205.0,1.0,0.0,1025.0,5412.0
2025-03-14,20988.0,0.0,1.0,943.0,5438.0
2025-03-15,25341.0,0.0,0.0,1246.0,5392.0
2025-03-16,29538.0,0.0,1.0,1626.0,5865.0
2025-03-17,21862.0,0.0,1.0,1038.0,5642.0
2025-03-18,15208.0,0.0,0.0,865.0,4948.0
2025-03-19,15510.0,0.0,0.0,741.0,4644.0
2025-03-20,17275.0,0.0,0.0,787.0,4826.0
2025-03-21,13160.0,0.0,0.0,631.0,4508.0
2025-03-22,20230.0,0.0,0.0,1000.0,5146.0
2025-03-23,47011.0,0.0,1.0,1515.0,6727.0
2025-03-24,28101.0,0.0,1.0,863.0,5820.0
2025-03-25,21594.0,0.0,0.0,692.0,5098.0
2025-03-26,17343.0,0.0,0.0,616.0,5235.0
2025-03-27,11616.0,0.0,0.0,527.0,4906.0
2025-03-28,11069.0,0.0,0.0,595.0,4477.0
2025-03-29,11491.0,0.0,0.0,781.0,4520.0
2025-03-30,12168.0,0.0,0.0,826.0,4516.0
2025-03-31,10097.0,0.0,1.0,657.0,4685.0
2025-04-01,8964.0,0.0,1.0,488.0,4392.0
2025-04-02,9425.0,0.0,0.0,501.0,4553.0
2025-04-03,8609.0,0.0,0.0,468.0,4454.0
2025-04-04,8439.0,0.0,0.0,598.0,4435.0
2025-04-05,8976.0,0.0,1.0,856.0,4331.0
2025-04-06,16521.0,0.0,0.0,854.0,4808.0
2025-04-07,12801.0,0.0,0.0,1614.0,4781.0
2025-04-08,9526.0,0.0,0.0,532.0,4543.0
2025-04-09,10092.0,0.0,0.0,438.0,4404.0
2025-04-10,10033.0,0.0,0.0,473.0,4447.0
2025-04-11,9566.0,0.0,0.0,502.0,4319.0
2025-04-12,8746.0,0.0,0.0,620.0,4290.0
2025-04-13,11360.0,0.0,0.0,698.0,4455.0
2025-04-14,10091.0,0.0,0.0,558.0,4515.0
2025-04-15,8669.0,0.0,0.0,435.0,4383.0
2025-04-16,8276.0,0.0,0.0,524.0,4306.0
2025-04-17,9694.0,0.0,0.0,582.0,4655.0
2025-04-18,12966.0,0.0,0.0,717.0,5232.0
2025-04-19,13231.0,0.0,0.0,919.0,5618.0
2025-04-20,37578.0,0.0,0.0,1439.0,8421.0
2025-04-21,2929703.0,145938.0,3.0,67621.0,127928.0
2025-04-22,2141275.0,137462.0,2.0,44099.0,100702.0
2025-04-23,558700.0,87135.0,3.0,27138.0,61792.0
2025-04-24,332546.0,64134.0,0.0,17640.0,38757.0
2025-04-25,275122.0,53972.0,0.0,13749.0,34651.0
2025-04-26,478330.0,70333.0,1.0,24063.0,78948.0
2025-04-27,292922.0,60913.0,2.0,17832.0,37664.0
2025-04-28,176317.0,63694.0,0.0,14307.0,25112.0
2025-04-29,115925.0,38999.0,0.0,8721.0,17369.0
2025-04-30,81835.0,30884.0,0.0,6757.0,14229.0
2025-05-01,65611.0,26944.0,0.0,4940.0,11411.0
2025-05-02,59359.0,25333.0,0.0,4865.0,11208.0
2025-05-03,59015.0,27692.0,1.0,5407.0,11255.0
2025-05-04,62069.0,32189.0,0.0,6349.0,11469.0
2025-05-05,56367.0,40765.0,0.0,6465.0,11804.0
2025-05-06,54763.0,48994.0,1.0,6847.0,12336.0
2025-05-07,127075.0,161016.0,5.0,23264.0,31531.0
2025-05-08,1048386.0,597815.0,7538267.0,34100.0,128604.0
2025-05-09,551902.0,179044.0,2965427.0,19949.0,76533.0
2025-05-10,208703.0,54978.0,932628.0,11655.0,37656.0
2025-05-11,139203.0,38024.0,533224.0,8026.0,28325.0
2025-05-12,93628.0,32170.0,365510.0,5094.0,21717.0
2025-05-13,64982.0,23363.0,247342.0,3287.0,15322.0
2025-05-14,50881.0,17691.0,179005.0,2497.0,12198.0
2025-05-15,40288.0,13080.0,128100.0,1742.0,11083.0
2025-05-16,36900.0,11119.0,106790.0,1562.0,9655.0
2025-05-17,32001.0,9044.0,88792.0,1618.0,10371.0
2025-05-18,39929.0,11143.0,123333.0,2241.0,12859.0
2025-05-19,31062.0,9342.0,94575.0,1398.0,10120.0
2025-05-20,23530.0,6301.0,64524.0,1046.0,8010.0
2025-05-21,21102.0,5073.0,53343.0,870.0,7431.0
2025-05-22,18906.0,4721.0,45844.0,844.0,6571.0
2025-05-23,17485.0,4270.0,38789.0,725.0,6140.0
2025-05-24,17425.0,4553.0,40563.0,1011.0,6503.0
2025-05-25,17343.0,4398.0,37509.0,997.0,7299.0
2025-05-26,16641.0,4018.0,37833.0,917.0,6621.0
2025-05-27,14684.0,3544.0,30998.0,750.0,5940.0
2025-05-28,13438.0,3203.0,30226.0,511.0,5465.0
2025-05-29,12911.0,2889.0,27073.0,469.0,5182.0
2025-05-30,11744.0,2738.0,25799.0,462.0,4888.0
2025-05-31,11644.0,2796.0,25426.0,566.0,4775.0
2025-06-01,12136.0,2787.0,27042.0,547.0,5188.0
2025-06-02,10621.0,2672.0,23820.0,464.0,4839.0
2025-06-03,9946.0,2579.0,22250.0,431.0,4581.0
2025-06-04,9608.0,2400.0,22106.0,445.0,4661.0
2025-06-05,9251.0,2431.0,21837.0,372.0,4590.0
2025-06-06,8431.0,1848.0,19580.0,337.0,4177.0
2025-06-07,8749.0,1925.0,21685.0,406.0,4793.0
2025-06-08,9043.0,2231.0,22691.0,484.0,4391.0
2025-06-09,8410.0,1884.0,20034.0,339.0,4275.0
2025-06-10,7564.0,1684.0,16991.0,322.0,4128.0
2025-06-11,7699.0,1722.0,18320.0,269.0,4059.0
2025-06-12,7863.0,1757.0,21036.0,292.0,3870.0
2025-06-13,7546.0,1604.0,19937.0,259.0,3893.0
2025-06-14,7440.0,1534.0,18599.0,316.0,3970.0
2025-06-15,7904.0,1444.0,20355.0,351.0,4062.0
2025-06-16,7184.0,987.0,17503.0,297.0,4227.0
2025-06-17,6656.0,843.0,16302.0,273.0,4306.0
2025-06-18,6700.0,746.0,16552.0,224.0,4116.0
2025-06-19,6679.0,622.0,16698.0,286.0,4038.0
2025-06-20,6386.0,574.0,15345.0,287.0,3945.0
2025-06-21,6306.0,581.0,15443.0,281.0,3922.0
2025-06-22,6823.0,627.0,17074.0,287.0,4354.0
2025-06-23,6236.0,514.0,14546.0,277.0,4505.0
2025-06-24,5582.0,492.0,12582.0,211.0,3880.0
2025-06-25,5572.0,505.0,12855.0,225.0,3779.0
2025-06-26,5557.0,467.0,12545.0,219.0,3664.0
2025-06-27,5483.0,440.0,12104.0,257.0,4041.0
2025-06-28,5747.0,464.0,12324.0,236.0,3664.0
2025-06-29,5841.0,447.0,14047.0,285.0,3752.0
2025-06-30,5860.0,498.0,14617.0,298.0,3689.0
2025-07-01,5128.0,465.0,11410.0,235.0,3653.0
2025-07-02,5177.0,424.0,11347.0,227.0,3392.0
2025-07-03,5211.0,365.0,11692.0,231.0,3415.0
2025-07-04,4966.0,417.0,11138.0,233.0,4025.0
2025-07-05,5595.0,414.0,12161.0,244.0,3653.0
2025-07-06,6514.0,649.0,17674.0,261.0,3840.0
2025-07-07,5534.0,348.0,13552.0,224.0,3652.0
2025-07-08,5391.0,257.0,12453.0,200.0,3978.0
2025-07-09,5326.0,257.0,12564.0,213.0,3773.0
2025-07-10,5026.0,229.0,12024.0,177.0,3551.0
2025-07-11,4787.0,221.0,11232.0,216.0,3481.0
2025-07-12,4847.0,205.0,10951.0,213.0,3562.0
2025-07-13,5318.0,237.0,12893.0,228.0,3733.0
2025-07-14,4951.0,227.0,11135.0,222.0,3764.0
2025-07-15,4764.0,225.0,10754.0,188.0,3523.0
2025-07-16,4912.0,191.0,10260.0,199.0,3578.0
2025-07-17,5229.0,249.0,11653.0,233.0,3908.0
2025-07-18,5151.0,255.0,11601.0,193.0,3370.0
2025-07-19,5572.0,244.0,10968.0,277.0,3595.0
2025-07-20,5873.0,274.0,13269.0,279.0,4251.0
