date,Super_Bowl_LIX,Kendrick_Lamar,Philadelphia_Eagles,Kansas_City_Chiefs
2023-09-16,765.0,4444.0,4293.0,2698.0
2023-09-17,1322.0,4496.0,4875.0,6491.0
2023-09-18,1361.0,4494.0,4907.0,4588.0
2023-09-19,1072.0,4202.0,4046.0,3633.0
2023-09-20,851.0,4381.0,3369.0,3141.0
2023-09-21,759.0,4420.0,3336.0,2939.0
2023-09-22,975.0,4559.0,3528.0,3348.0
2023-09-23,734.0,4375.0,3136.0,2639.0
2023-09-24,2828.0,4636.0,5033.0,10179.0
2023-09-25,2870.0,4647.0,8282.0,13701.0
2023-09-26,1798.0,4498.0,11509.0,9623.0
2023-09-27,1166.0,4300.0,5521.0,7116.0
2023-09-28,1042.0,4772.0,4412.0,5879.0
2023-09-29,1060.0,4636.0,4257.0,5330.0
2023-09-30,875.0,4415.0,3665.0,4610.0
2023-10-01,1365.0,4371.0,7895.0,8553.0
2023-10-02,1543.0,4250.0,6272.0,15996.0
2023-10-03,1100.0,4362.0,4587.0,5521.0
2023-10-04,834.0,4380.0,3738.0,4631.0
2023-10-05,847.0,4612.0,3624.0,3993.0
2023-10-06,885.0,5448.0,3724.0,3995.0
2023-10-07,725.0,6458.0,3142.0,3200.0
2023-10-08,1276.0,5214.0,6816.0,7483.0
2023-10-09,2056.0,4941.0,5948.0,5598.0
2023-10-10,1062.0,4853.0,3995.0,3853.0
2023-10-11,798.0,5517.0,3473.0,2997.0
2023-10-12,793.0,5065.0,3411.0,4385.0
2023-10-13,842.0,4850.0,3818.0,12587.0
2023-10-14,686.0,5163.0,3202.0,3695.0
2023-10-15,1266.0,4856.0,8783.0,5045.0
2023-10-16,1204.0,4688.0,6590.0,4596.0
2023-10-17,1171.0,4733.0,4957.0,4397.0
2023-10-18,849.0,4506.0,4449.0,3490.0
2023-10-19,741.0,4808.0,3508.0,4014.0
2023-10-20,945.0,4706.0,3600.0,3753.0
2023-10-21,668.0,4424.0,2821.0,3112.0
2023-10-22,1081.0,4646.0,5121.0,9323.0
2023-10-23,1206.0,4939.0,18481.0,7593.0
2023-10-24,948.0,4499.0,5895.0,5354.0
2023-10-25,771.0,4376.0,4910.0,4065.0
2023-10-26,679.0,4572.0,3644.0,3552.0
2023-10-27,761.0,8725.0,3374.0,3328.0
2023-10-28,624.0,6775.0,2912.0,3030.0
2023-10-29,1216.0,5596.0,5787.0,6844.0
2023-10-30,1007.0,5561.0,4709.0,4805.0
2023-10-31,828.0,4786.0,3854.0,3343.0
2023-11-01,737.0,4706.0,3628.0,2863.0
2023-11-02,851.0,4846.0,3499.0,2929.0
2023-11-03,867.0,5374.0,4204.0,3006.0
2023-11-04,805.0,4943.0,3255.0,2660.0
2023-11-05,1236.0,4749.0,7776.0,8693.0
2023-11-06,1271.0,5154.0,9279.0,4718.0
2023-11-07,1067.0,4810.0,4469.0,3237.0
2023-11-08,1445.0,6485.0,3854.0,2860.0
2023-11-09,1008.0,5529.0,3258.0,2692.0
2023-11-10,865.0,5369.0,3742.0,2678.0
2023-11-11,768.0,5230.0,2881.0,2445.0
2023-11-12,1308.0,5155.0,4138.0,4979.0
2023-11-13,1372.0,5117.0,4102.0,4712.0
2023-11-14,1237.0,5280.0,3534.0,4056.0
2023-11-15,933.0,5482.0,3299.0,3248.0
2023-11-16,984.0,5762.0,3145.0,3225.0
2023-11-17,1201.0,5737.0,3607.0,3418.0
2023-11-18,968.0,5153.0,3235.0,2782.0
2023-11-19,1478.0,5665.0,4195.0,4130.0
2023-11-20,1639.0,5262.0,5096.0,5075.0
2023-11-21,2152.0,4869.0,15679.0,20004.0
2023-11-22,1151.0,5132.0,5200.0,4439.0
2023-11-23,1746.0,4720.0,5207.0,4602.0
2023-11-24,1591.0,4884.0,5485.0,4192.0
2023-11-25,1086.0,5047.0,4159.0,3363.0
2023-11-26,1581.0,5272.0,10069.0,5624.0
2023-11-27,1910.0,5506.0,16240.0,6240.0
2023-11-28,1309.0,5233.0,6954.0,5173.0
2023-11-29,1191.0,5709.0,5749.0,4798.0
2023-11-30,1146.0,5651.0,5126.0,3959.0
2023-12-01,1248.0,5237.0,4756.0,3596.0
2023-12-02,1005.0,5105.0,3960.0,2682.0
2023-12-03,1443.0,5161.0,8784.0,3870.0
2023-12-04,2015.0,5252.0,9552.0,9708.0
2023-12-05,1455.0,5556.0,4980.0,3699.0
2023-12-06,1259.0,5945.0,3465.0,2834.0
2023-12-07,1103.0,6549.0,3114.0,2546.0
2023-12-08,1027.0,7119.0,3151.0,2525.0
2023-12-09,983.0,8917.0,2730.0,2133.0
2023-12-10,1525.0,7327.0,4131.0,5996.0
2023-12-11,2090.0,6670.0,10736.0,9229.0
2023-12-12,1808.0,5978.0,3813.0,3990.0
2023-12-13,5796.0,5899.0,3207.0,3187.0
2023-12-14,5041.0,5706.0,3185.0,2697.0
2023-12-15,2263.0,5165.0,3015.0,2709.0
2023-12-16,1770.0,4961.0,2733.0,2463.0
2023-12-17,2371.0,4727.0,4634.0,5581.0
2023-12-18,2523.0,5220.0,5644.0,4972.0
2023-12-19,2066.0,5078.0,10854.0,3687.0
2023-12-20,1506.0,4765.0,3455.0,2921.0
2023-12-21,1301.0,4660.0,2542.0,2507.0
2023-12-22,1633.0,4908.0,2505.0,2624.0
2023-12-23,1304.0,5232.0,2342.0,2463.0
2023-12-24,2023.0,4716.0,3445.0,3440.0
2023-12-25,2813.0,4520.0,7191.0,13310.0
2023-12-26,2853.0,4815.0,7002.0,6424.0
2023-12-27,2043.0,4972.0,3429.0,3884.0
2023-12-28,1762.0,4876.0,3050.0,3074.0
2023-12-29,2041.0,5207.0,4221.0,3362.0
2023-12-30,1807.0,5071.0,3015.0,2862.0
2023-12-31,3280.0,4785.0,6382.0,7600.0
2024-01-01,3853.0,4771.0,5189.0,8112.0
2024-01-02,3765.0,4931.0,3859.0,3889.0
2024-01-03,3752.0,5313.0,3215.0,3274.0
2024-01-04,2952.0,5077.0,3022.0,3080.0
2024-01-05,2183.0,5154.0,2706.0,2768.0
2024-01-06,2593.0,4961.0,3267.0,3035.0
2024-01-07,4571.0,4956.0,6832.0,5975.0
2024-01-08,6502.0,5041.0,7589.0,6575.0
2024-01-09,3792.0,5151.0,4241.0,4220.0
2024-01-10,2848.0,5177.0,3567.0,3720.0
2024-01-11,2726.0,5811.0,3800.0,4037.0
2024-01-12,2836.0,6778.0,3879.0,4497.0
2024-01-13,3440.0,6657.0,5655.0,8606.0
2024-01-14,5523.0,5658.0,6141.0,34105.0
2024-01-15,7482.0,5508.0,9406.0,12000.0
2024-01-16,7229.0,5492.0,37783.0,12736.0
2024-01-17,3819.0,5547.0,10719.0,7318.0
2024-01-18,3909.0,5775.0,6889.0,5901.0
2024-01-19,3761.0,5455.0,4878.0,6569.0
2024-01-20,4523.0,5721.0,5183.0,6854.0
2024-01-21,17977.0,5187.0,6787.0,17007.0
2024-01-22,21442.0,5365.0,9676.0,56481.0
2024-01-23,11596.0,5639.0,5533.0,13184.0
2024-01-24,7407.0,5577.0,4425.0,8912.0
2024-01-25,6927.0,5620.0,4926.0,8465.0
2024-01-26,5728.0,5804.0,3747.0,7989.0
2024-01-27,5717.0,5925.0,3563.0,8119.0
2024-01-28,13940.0,5696.0,7911.0,78450.0
2024-01-29,35289.0,5681.0,9235.0,131691.0
2024-01-30,12795.0,5529.0,5117.0,35074.0
2024-01-31,9290.0,5680.0,4258.0,21562.0
2024-02-01,7095.0,5790.0,3739.0,16727.0
2024-02-02,6356.0,5781.0,3721.0,14134.0
2024-02-03,6028.0,5631.0,3615.0,12538.0
2024-02-04,7292.0,6028.0,4007.0,12757.0
2024-02-05,7495.0,9979.0,3886.0,13856.0
2024-02-06,7882.0,8017.0,3843.0,15458.0
2024-02-07,7104.0,7502.0,3239.0,14188.0
2024-02-08,8073.0,7227.0,3230.0,14188.0
2024-02-09,9509.0,6634.0,3871.0,18239.0
2024-02-10,10542.0,7019.0,4086.0,22797.0
2024-02-11,35198.0,6777.0,7208.0,91623.0
2024-02-12,135166.0,8709.0,22190.0,394726.0
2024-02-13,43326.0,7025.0,9069.0,74950.0
2024-02-14,20772.0,6208.0,6060.0,45413.0
2024-02-15,13026.0,6137.0,5134.0,35596.0
2024-02-16,9317.0,6068.0,4050.0,19406.0
2024-02-17,7810.0,7952.0,3475.0,14556.0
2024-02-18,6729.0,6046.0,3373.0,11527.0
2024-02-19,6044.0,6052.0,3324.0,9073.0
2024-02-20,5308.0,6133.0,2782.0,8604.0
2024-02-21,4038.0,5946.0,2827.0,7080.0
2024-02-22,3678.0,5961.0,2578.0,6421.0
2024-02-23,3109.0,6112.0,2398.0,5963.0
2024-02-24,2769.0,5266.0,1985.0,5235.0
2024-02-25,2813.0,5515.0,1917.0,5181.0
2024-02-26,2690.0,5760.0,1890.0,4729.0
2024-02-27,2045.0,6356.0,1780.0,3884.0
2024-02-28,1858.0,8007.0,1745.0,4157.0
2024-02-29,1916.0,7072.0,1565.0,4159.0
2024-03-01,1761.0,6470.0,1563.0,3235.0
2024-03-02,1548.0,5647.0,1478.0,3239.0
2024-03-03,1710.0,5392.0,1518.0,3192.0
2024-03-04,1964.0,5781.0,4696.0,3469.0
2024-03-05,2078.0,5776.0,5479.0,3506.0
2024-03-06,1830.0,5744.0,3242.0,3238.0
2024-03-07,1521.0,5351.0,2319.0,2871.0
2024-03-08,1361.0,5044.0,1887.0,2779.0
2024-03-09,1293.0,4494.0,1744.0,2639.0
2024-03-10,1360.0,4695.0,2294.0,3020.0
2024-03-11,1654.0,4531.0,3772.0,2794.0
2024-03-12,1506.0,4506.0,3757.0,3040.0
2024-03-13,1564.0,4940.0,3600.0,3239.0
2024-03-14,1414.0,4935.0,3303.0,2944.0
2024-03-15,1511.0,4939.0,4096.0,3538.0
2024-03-16,1437.0,4752.0,2951.0,3080.0
2024-03-17,1357.0,4421.0,2639.0,3107.0
2024-03-18,1228.0,4920.0,2560.0,2905.0
2024-03-19,1223.0,5002.0,2264.0,2755.0
2024-03-20,1209.0,5642.0,2089.0,2569.0
2024-03-21,1068.0,5103.0,2046.0,2334.0
2024-03-22,1003.0,19766.0,1748.0,1988.0
2024-03-23,1033.0,20001.0,1744.0,2758.0
2024-03-24,1060.0,18963.0,1574.0,2685.0
2024-03-25,1131.0,17434.0,1726.0,2399.0
2024-03-26,1087.0,14563.0,1660.0,2263.0
2024-03-27,1075.0,13938.0,1775.0,2026.0
2024-03-28,983.0,12616.0,1862.0,3984.0
2024-03-29,1001.0,11775.0,1592.0,3740.0
2024-03-30,975.0,11388.0,1554.0,3390.0
2024-03-31,948.0,9702.0,1513.0,2694.0
2024-04-01,1049.0,9840.0,1457.0,2703.0
2024-04-02,974.0,9768.0,1891.0,3075.0
2024-04-03,1181.0,8931.0,1683.0,4562.0
2024-04-04,1094.0,8547.0,1765.0,6458.0
2024-04-05,993.0,46186.0,1736.0,4010.0
2024-04-06,981.0,24341.0,1777.0,3041.0
2024-04-07,1065.0,16137.0,2696.0,2609.0
2024-04-08,1004.0,20968.0,1985.0,2558.0
2024-04-09,1233.0,16830.0,1634.0,2445.0
2024-04-10,933.0,14087.0,1621.0,2618.0
2024-04-11,1027.0,13190.0,1614.0,2794.0
2024-04-12,941.0,14395.0,1521.0,2537.0
2024-04-13,914.0,17544.0,1333.0,2140.0
2024-04-14,961.0,22951.0,1217.0,2241.0
2024-04-15,990.0,18614.0,1562.0,2051.0
2024-04-16,970.0,15080.0,1363.0,2150.0
2024-04-17,1243.0,13433.0,1380.0,2048.0
2024-04-18,1127.0,11878.0,1552.0,2074.0
2024-04-19,1047.0,13788.0,1378.0,2212.0
2024-04-20,930.0,18520.0,1232.0,1963.0
2024-04-21,1111.0,13850.0,1453.0,1994.0
2024-04-22,1094.0,13229.0,1470.0,2152.0
2024-04-23,1170.0,11323.0,1472.0,2557.0
2024-04-24,1158.0,10732.0,1434.0,2123.0
2024-04-25,1365.0,10420.0,1757.0,2452.0
2024-04-26,2783.0,9296.0,3670.0,5109.0
2024-04-27,2262.0,8255.0,4173.0,4033.0
2024-04-28,1812.0,8128.0,3549.0,3674.0
2024-04-29,1872.0,7978.0,2947.0,3715.0
2024-04-30,1632.0,30934.0,2456.0,3608.0
2024-05-01,1374.0,62522.0,2402.0,2931.0
2024-05-02,1259.0,50976.0,1982.0,2706.0
2024-05-03,1305.0,56930.0,2251.0,2441.0
2024-05-04,1366.0,176328.0,1706.0,2178.0
2024-05-05,1386.0,236724.0,1698.0,2440.0
2024-05-06,1420.0,214148.0,1693.0,2635.0
2024-05-07,1549.0,167939.0,1780.0,2604.0
2024-05-08,1418.0,135460.0,1571.0,2332.0
2024-05-09,1365.0,105163.0,1740.0,2243.0
2024-05-10,1499.0,78000.0,1850.0,2175.0
2024-05-11,1275.0,63868.0,1442.0,2141.0
2024-05-12,1274.0,54473.0,1404.0,2080.0
2024-05-13,1579.0,51128.0,1601.0,2723.0
2024-05-14,1838.0,47614.0,1620.0,2707.0
2024-05-15,2005.0,42889.0,1775.0,3654.0
2024-05-16,2746.0,38463.0,2035.0,4545.0
2024-05-17,1696.0,34882.0,1589.0,4033.0
2024-05-18,1424.0,34920.0,1467.0,3061.0
2024-05-19,1341.0,34283.0,1558.0,2561.0
2024-05-20,1395.0,32488.0,1447.0,2622.0
2024-05-21,1431.0,32547.0,1945.0,2533.0
2024-05-22,1484.0,29719.0,1656.0,2540.0
2024-05-23,1207.0,27743.0,1492.0,2256.0
2024-05-24,1284.0,24476.0,1286.0,2129.0
2024-05-25,1219.0,22221.0,1191.0,1921.0
2024-05-26,1135.0,22891.0,1276.0,1962.0
2024-05-27,1339.0,20340.0,1265.0,3083.0
2024-05-28,1236.0,20505.0,1317.0,2167.0
2024-05-29,1137.0,20422.0,1320.0,1898.0
2024-05-30,1211.0,19907.0,1401.0,1837.0
2024-05-31,1215.0,17964.0,1489.0,1938.0
2024-06-01,1245.0,17550.0,1154.0,2037.0
2024-06-02,1164.0,17896.0,1207.0,1779.0
2024-06-03,1251.0,17367.0,1259.0,1770.0
2024-06-04,1238.0,17273.0,1363.0,1800.0
2024-06-05,1381.0,16901.0,1327.0,1779.0
2024-06-06,1269.0,17925.0,1513.0,2093.0
2024-06-07,1190.0,17037.0,1517.0,1854.0
2024-06-08,1123.0,18945.0,1283.0,1833.0
2024-06-09,1311.0,17742.0,1254.0,1749.0
2024-06-10,1218.0,15600.0,1311.0,1812.0
2024-06-11,1294.0,14188.0,1273.0,1957.0
2024-06-12,1342.0,14710.0,1262.0,1765.0
2024-06-13,1424.0,13829.0,1346.0,2164.0
2024-06-14,1551.0,13841.0,1296.0,4407.0
2024-06-15,1365.0,12577.0,1232.0,2589.0
2024-06-16,1496.0,12576.0,1303.0,2145.0
2024-06-17,1352.0,16620.0,1250.0,1830.0
2024-06-18,1443.0,13544.0,1235.0,1943.0
2024-06-19,1243.0,13380.0,1259.0,2805.0
2024-06-20,1349.0,62478.0,1146.0,2093.0
2024-06-21,1457.0,56674.0,1199.0,1948.0
2024-06-22,1446.0,45115.0,1093.0,1965.0
2024-06-23,1543.0,40357.0,1278.0,1937.0
2024-06-24,1616.0,34670.0,1346.0,2210.0
2024-06-25,1502.0,27631.0,1290.0,2216.0
2024-06-26,1410.0,29160.0,1253.0,2079.0
2024-06-27,1300.0,23635.0,1143.0,1899.0
2024-06-28,1193.0,19210.0,1104.0,1629.0
2024-06-29,1357.0,18446.0,1053.0,1667.0
2024-06-30,1338.0,16759.0,1110.0,1707.0
2024-07-01,1415.0,16809.0,1112.0,1716.0
2024-07-02,1337.0,15765.0,978.0,1970.0
2024-07-03,1464.0,15440.0,1159.0,1711.0
2024-07-04,1374.0,18252.0,1207.0,1639.0
2024-07-05,1317.0,85169.0,1136.0,1582.0
2024-07-06,1459.0,56577.0,1121.0,1673.0
2024-07-07,1648.0,41633.0,1190.0,1635.0
2024-07-08,1605.0,33991.0,1298.0,1800.0
2024-07-09,2327.0,30074.0,1248.0,1715.0
2024-07-10,2000.0,29085.0,1240.0,1816.0
2024-07-11,1988.0,26082.0,1338.0,1977.0
2024-07-12,2082.0,27060.0,1245.0,2206.0
2024-07-13,2139.0,23841.0,1176.0,2051.0
2024-07-14,2332.0,18429.0,1062.0,1899.0
2024-07-15,2871.0,17972.0,1177.0,2439.0
2024-07-16,2176.0,17703.0,1091.0,1983.0
2024-07-17,2058.0,17004.0,1310.0,2027.0
2024-07-18,1933.0,17374.0,1271.0,2052.0
2024-07-19,1789.0,15540.0,1221.0,2028.0
2024-07-20,1987.0,15074.0,1173.0,1943.0
2024-07-21,2048.0,14660.0,1148.0,2145.0
2024-07-22,1875.0,14419.0,1319.0,2328.0
2024-07-23,2075.0,14058.0,1578.0,1997.0
2024-07-24,2025.0,13449.0,1458.0,2165.0
2024-07-25,2303.0,13769.0,1481.0,2060.0
2024-07-26,2150.0,14097.0,1357.0,2012.0
2024-07-27,2208.0,12829.0,1250.0,1874.0
2024-07-28,1975.0,13921.0,1245.0,1807.0
2024-07-29,1936.0,13120.0,1311.0,1851.0
2024-07-30,1968.0,12353.0,1483.0,1789.0
2024-07-31,1872.0,12116.0,1455.0,1753.0
2024-08-01,2099.0,11336.0,1659.0,1814.0
2024-08-02,2273.0,11701.0,1809.0,1965.0
2024-08-03,2058.0,11076.0,1340.0,1871.0
2024-08-04,2137.0,10364.0,1488.0,1812.0
2024-08-05,2369.0,10097.0,1481.0,1793.0
2024-08-06,2465.0,9738.0,1500.0,1823.0
2024-08-07,2537.0,10151.0,1736.0,2056.0
2024-08-08,2579.0,9774.0,2334.0,1933.0
2024-08-09,2558.0,9613.0,2347.0,2016.0
2024-08-10,3152.0,9040.0,2665.0,2499.0
2024-08-11,3914.0,9897.0,1805.0,3064.0
2024-08-12,3230.0,10001.0,1709.0,2157.0
2024-08-13,2925.0,9505.0,1743.0,2171.0
2024-08-14,2770.0,9524.0,1625.0,2054.0
2024-08-15,2917.0,9507.0,2002.0,2276.0
2024-08-16,2953.0,9349.0,2747.0,2211.0
2024-08-17,3696.0,9246.0,2083.0,4184.0
2024-08-18,3923.0,9113.0,2124.0,3356.0
2024-08-19,4698.0,9304.0,2186.0,2902.0
2024-08-20,2951.0,9550.0,1962.0,2555.0
2024-08-21,3041.0,11218.0,1886.0,2585.0
2024-08-22,2908.0,9556.0,2972.0,2601.0
2024-08-23,3506.0,9364.0,2553.0,4513.0
2024-08-24,3956.0,8775.0,2550.0,2967.0
2024-08-25,4197.0,8619.0,2453.0,3044.0
2024-08-26,3854.0,8750.0,2460.0,3838.0
2024-08-27,3241.0,8690.0,2814.0,4422.0
2024-08-28,3137.0,9050.0,2942.0,4579.0
2024-08-29,3040.0,8620.0,2680.0,3739.0
2024-08-30,2921.0,8549.0,2651.0,3079.0
2024-08-31,3262.0,8149.0,2570.0,2891.0
2024-09-01,3676.0,8152.0,2212.0,3054.0
2024-09-02,4571.0,8111.0,2575.0,3336.0
2024-09-03,4459.0,7864.0,2822.0,3757.0
2024-09-04,4492.0,7514.0,2634.0,3975.0
2024-09-05,7148.0,8213.0,3209.0,8243.0
2024-09-06,11386.0,8043.0,5865.0,28882.0
2024-09-07,6070.0,7511.0,11402.0,5497.0
2024-09-08,34354.0,57855.0,4616.0,6350.0
2024-09-09,23919.0,50997.0,3676.0,6101.0
2024-09-10,12952.0,26062.0,2932.0,5161.0
2024-09-11,6575.0,16742.0,2303.0,3587.0
2024-09-12,5694.0,21500.0,2245.0,3538.0
2024-09-13,7305.0,17795.0,2445.0,4084.0
2024-09-14,5603.0,15588.0,2258.0,3148.0
2024-09-15,8877.0,16410.0,3288.0,9380.0
2024-09-16,6646.0,12769.0,4849.0,7114.0
2024-09-17,5092.0,11332.0,10576.0,5137.0
2024-09-18,3711.0,10552.0,2934.0,3841.0
2024-09-19,3240.0,10691.0,2367.0,3338.0
2024-09-20,3904.0,10566.0,2559.0,3304.0
2024-09-21,3097.0,10364.0,2166.0,2707.0
2024-09-22,6749.0,9924.0,5580.0,4554.0
2024-09-23,6042.0,9770.0,4155.0,11127.0
2024-09-24,5139.0,9525.0,3562.0,4703.0
2024-09-25,3583.0,9212.0,2528.0,3132.0
2024-09-26,3432.0,9507.0,2276.0,3074.0
2024-09-27,4015.0,9950.0,2514.0,3094.0
2024-09-28,3577.0,9086.0,2201.0,2630.0
2024-09-29,7883.0,9380.0,4628.0,7594.0
2024-09-30,6051.0,9619.0,3346.0,5833.0
2024-10-01,4557.0,9543.0,2643.0,4084.0
2024-10-02,3364.0,9503.0,1862.0,3203.0
2024-10-03,3343.0,9253.0,1823.0,3108.0
2024-10-04,3435.0,9574.0,2012.0,2977.0
2024-10-05,3165.0,9236.0,1817.0,2589.0
2024-10-06,6124.0,8929.0,2579.0,4432.0
2024-10-07,5157.0,9467.0,2630.0,5041.0
2024-10-08,4921.0,9111.0,2663.0,13488.0
2024-10-09,3631.0,9097.0,2159.0,3734.0
2024-10-10,3379.0,9269.0,2163.0,3346.0
2024-10-11,3588.0,9049.0,2188.0,3239.0
2024-10-12,3356.0,8610.0,2009.0,2755.0
2024-10-13,7287.0,8617.0,4585.0,4470.0
2024-10-14,5683.0,8681.0,3729.0,3924.0
2024-10-15,9339.0,8239.0,2825.0,3622.0
2024-10-16,6838.0,9681.0,2137.0,3035.0
2024-10-17,4448.0,9024.0,1938.0,2893.0
2024-10-18,4359.0,8879.0,2086.0,3145.0
2024-10-19,3670.0,8204.0,1833.0,2666.0
2024-10-20,9007.0,7968.0,4418.0,9269.0
2024-10-21,6874.0,8592.0,3365.0,6926.0
2024-10-22,5200.0,8998.0,2713.0,4647.0
2024-10-23,4009.0,8253.0,2113.0,5021.0
2024-10-24,3827.0,8069.0,1805.0,4569.0
2024-10-25,4730.0,8303.0,2051.0,3579.0
2024-10-26,4065.0,7864.0,1750.0,2643.0
2024-10-27,7853.0,7715.0,4145.0,7220.0
2024-10-28,7561.0,8630.0,2954.0,6092.0
2024-10-29,5613.0,9780.0,2387.0,3883.0
2024-10-30,4003.0,8232.0,2038.0,2961.0
2024-10-31,3959.0,7833.0,1883.0,2837.0
2024-11-01,3987.0,7475.0,2013.0,2892.0
2024-11-02,3967.0,7217.0,2018.0,2603.0
2024-11-03,7606.0,8339.0,5783.0,3981.0
2024-11-04,8051.0,8435.0,5324.0,4859.0
2024-11-05,6883.0,7569.0,3868.0,14776.0
2024-11-06,3691.0,6422.0,1958.0,3334.0
2024-11-07,3709.0,6934.0,1899.0,2682.0
2024-11-08,4638.0,8844.0,2081.0,3219.0
2024-11-09,4704.0,9058.0,1715.0,2663.0
2024-11-10,7699.0,8233.0,4434.0,7712.0
2024-11-11,9025.0,8207.0,4586.0,7088.0
2024-11-12,7130.0,7801.0,2950.0,4124.0
2024-11-13,4896.0,7669.0,2532.0,3266.0
2024-11-14,4931.0,7884.0,3055.0,3227.0
2024-11-15,6174.0,7402.0,9090.0,3719.0
2024-11-16,5804.0,6562.0,2532.0,2697.0
2024-11-17,10319.0,7198.0,3011.0,7223.0
2024-11-18,12841.0,7876.0,3147.0,7421.0
2024-11-19,5139.0,7578.0,3616.0,3813.0
2024-11-20,3777.0,7911.0,2833.0,2811.0
2024-11-21,3501.0,7324.0,2209.0,2676.0
2024-11-22,4355.0,107628.0,2539.0,2892.0
2024-11-23,3824.0,113450.0,2102.0,3043.0
2024-11-24,5717.0,61481.0,2775.0,5876.0
2024-11-25,6813.0,58586.0,10134.0,4937.0
2024-11-26,5617.0,63104.0,3735.0,3449.0
2024-11-27,4155.0,50395.0,2757.0,2695.0
2024-11-28,11121.0,40800.0,3599.0,4061.0
2024-11-29,9428.0,33221.0,3519.0,10796.0
2024-11-30,6508.0,28647.0,2664.0,6174.0
2024-12-01,8630.0,25376.0,5257.0,5703.0
2024-12-02,11327.0,27005.0,6682.0,5357.0
2024-12-03,7707.0,30555.0,3643.0,3799.0
2024-12-04,6744.0,29850.0,2913.0,2807.0
2024-12-05,6385.0,25823.0,2499.0,2943.0
2024-12-06,9206.0,24647.0,2861.0,3338.0
2024-12-07,6233.0,21726.0,2261.0,2443.0
2024-12-08,9681.0,18991.0,4531.0,3843.0
2024-12-09,11790.0,19577.0,4167.0,15120.0
2024-12-10,7861.0,19466.0,3284.0,4450.0
2024-12-11,6448.0,19379.0,2769.0,3164.0
2024-12-12,7279.0,18442.0,2710.0,3164.0
2024-12-13,8992.0,18756.0,2668.0,3389.0
2024-12-14,6968.0,17042.0,2447.0,3010.0
2024-12-15,10377.0,15075.0,5520.0,6505.0
2024-12-16,11268.0,15050.0,6285.0,5098.0
2024-12-17,8196.0,14409.0,3616.0,3687.0
2024-12-18,5890.0,14515.0,2885.0,2852.0
2024-12-19,5577.0,14278.0,2559.0,2957.0
2024-12-20,5508.0,13897.0,2642.0,3236.0
2024-12-21,7237.0,14723.0,2705.0,8133.0
2024-12-22,10237.0,13853.0,6592.0,5252.0
2024-12-23,9607.0,13565.0,3501.0,4688.0
2024-12-24,9256.0,13006.0,2626.0,3883.0
2024-12-25,17437.0,16249.0,4044.0,13867.0
2024-12-26,14011.0,18462.0,3257.0,7693.0
2024-12-27,10754.0,19522.0,3117.0,4957.0
2024-12-28,10543.0,14796.0,2746.0,4389.0
2024-12-29,16123.0,14758.0,11378.0,6035.0
2024-12-30,15528.0,14187.0,8109.0,5307.0
2024-12-31,14145.0,13822.0,4799.0,4733.0
2025-01-01,19245.0,15022.0,3664.0,3551.0
2025-01-02,24188.0,14781.0,3846.0,3737.0
2025-01-03,13890.0,14523.0,3400.0,3428.0
2025-01-04,12601.0,14070.0,3255.0,3903.0
2025-01-05,26883.0,16105.0,7683.0,9853.0
2025-01-06,41097.0,15452.0,6218.0,9882.0
2025-01-07,22114.0,13629.0,4134.0,5155.0
2025-01-08,19477.0,13787.0,3514.0,4305.0
2025-01-09,19063.0,13578.0,3430.0,4086.0
2025-01-10,19776.0,14202.0,4163.0,3657.0
2025-01-11,22165.0,14302.0,4344.0,4126.0
2025-01-12,44908.0,23102.0,13504.0,8353.0
2025-01-13,37483.0,16774.0,12460.0,8009.0
2025-01-14,30529.0,14136.0,5974.0,6657.0
2025-01-15,21442.0,15508.0,4076.0,4512.0
2025-01-16,25156.0,18711.0,3920.0,4426.0
2025-01-17,32640.0,15020.0,3800.0,5025.0
2025-01-18,33287.0,16220.0,5218.0,20318.0
2025-01-19,84480.0,26060.0,26401.0,28197.0
2025-01-20,81224.0,17187.0,16271.0,18520.0
2025-01-21,37452.0,13434.0,8754.0,7971.0
2025-01-22,32644.0,12426.0,6149.0,6960.0
2025-01-23,36559.0,14259.0,5911.0,6630.0
2025-01-24,42284.0,16922.0,7306.0,6986.0
2025-01-25,38254.0,16209.0,6316.0,7709.0
2025-01-26,116897.0,31786.0,61435.0,28274.0
2025-01-27,365594.0,37053.0,70636.0,135798.0
2025-01-28,101104.0,21917.0,19834.0,24957.0
2025-01-29,54954.0,27867.0,14183.0,15790.0
2025-01-30,44703.0,30159.0,10338.0,12424.0
2025-01-31,43308.0,27700.0,9059.0,10663.0
2025-02-01,42104.0,26831.0,8474.0,10277.0
2025-02-02,47181.0,27668.0,8156.0,9384.0
2025-02-03,50133.0,254242.0,8687.0,10019.0
2025-02-04,44832.0,119870.0,10216.0,11839.0
2025-02-05,50876.0,82924.0,10535.0,12261.0
2025-02-06,56977.0,83422.0,12422.0,13707.0
2025-02-07,70350.0,104675.0,17521.0,17993.0
2025-02-08,78796.0,93660.0,17921.0,20605.0
2025-02-09,257636.0,189211.0,72140.0,82991.0
2025-02-10,672728.0,1781900.0,443707.0,156227.0
2025-02-11,133066.0,508892.0,68990.0,24547.0
2025-02-12,65057.0,304246.0,38017.0,13082.0
2025-02-13,43083.0,217690.0,25138.0,9538.0
2025-02-14,31037.0,149043.0,23177.0,7046.0
2025-02-15,23490.0,121328.0,15907.0,5439.0
2025-02-16,19080.0,118265.0,11319.0,4594.0
2025-02-17,14489.0,89526.0,8622.0,3637.0
2025-02-18,11922.0,74769.0,7322.0,3237.0
2025-02-19,10964.0,61789.0,7114.0,2920.0
2025-02-20,9262.0,52142.0,5794.0,2706.0
2025-02-21,8079.0,47965.0,5323.0,2396.0
2025-02-22,7181.0,42880.0,4383.0,2170.0
2025-02-23,7017.0,40961.0,4607.0,2075.0
2025-02-24,7163.0,35445.0,6447.0,2093.0
2025-02-25,6377.0,33334.0,5074.0,2164.0
2025-02-26,5924.0,32151.0,4156.0,1880.0
2025-02-27,5406.0,33526.0,3621.0,1750.0
2025-02-28,5002.0,31121.0,3384.0,1764.0
2025-03-01,4539.0,27792.0,3287.0,1481.0
2025-03-02,4549.0,25956.0,3421.0,1520.0
2025-03-03,5472.0,24724.0,3519.0,1492.0
2025-03-04,4827.0,22412.0,3255.0,1667.0
2025-03-05,4521.0,21370.0,3202.0,2135.0
2025-03-06,4030.0,22548.0,3019.0,1753.0
2025-03-07,4158.0,25527.0,2919.0,1542.0
2025-03-08,3883.0,24072.0,2912.0,1753.0
2025-03-09,3795.0,23716.0,2599.0,1683.0
2025-03-10,4932.0,20084.0,3770.0,2209.0
2025-03-11,4473.0,18823.0,4161.0,1980.0
2025-03-12,4645.0,19685.0,3774.0,1839.0
2025-03-13,4134.0,19659.0,3695.0,1924.0
2025-03-14,3943.0,23478.0,3400.0,1995.0
2025-03-15,3725.0,22444.0,3040.0,1909.0
2025-03-16,4426.0,18480.0,2804.0,1500.0
2025-03-17,3790.0,16882.0,2828.0,1530.0
2025-03-18,4338.0,16644.0,3517.0,1446.0
2025-03-19,3727.0,14830.0,2921.0,1569.0
2025-03-20,3464.0,14506.0,2447.0,1559.0
2025-03-21,3224.0,14206.0,2210.0,1417.0
2025-03-22,2954.0,14094.0,2120.0,1237.0
2025-03-23,2970.0,13225.0,1981.0,1223.0
2025-03-24,3193.0,12314.0,2310.0,1442.0
2025-03-25,3000.0,12007.0,2119.0,1318.0
2025-03-26,3083.0,11757.0,2181.0,1330.0
2025-03-27,2783.0,11733.0,2241.0,1204.0
2025-03-28,2680.0,11700.0,2101.0,1278.0
2025-03-29,2444.0,10686.0,2031.0,1198.0
2025-03-30,2622.0,10822.0,2237.0,1185.0
2025-03-31,3099.0,10940.0,2130.0,1225.0
2025-04-01,2879.0,10586.0,2072.0,1201.0
2025-04-02,2772.0,10189.0,2033.0,1233.0
2025-04-03,2644.0,10039.0,2342.0,1266.0
2025-04-04,2609.0,10010.0,1930.0,1137.0
2025-04-05,2311.0,9468.0,2040.0,1195.0
2025-04-06,2498.0,9376.0,1769.0,1248.0
2025-04-07,2339.0,9280.0,1966.0,1191.0
2025-04-08,2470.0,9238.0,1676.0,1188.0
2025-04-09,2301.0,8912.0,1631.0,1193.0
2025-04-10,2543.0,8759.0,1617.0,1274.0
2025-04-11,2323.0,10062.0,1767.0,1147.0
2025-04-12,2122.0,9992.0,1513.0,1053.0
2025-04-13,2258.0,9610.0,1605.0,1210.0
2025-04-14,2417.0,9459.0,1496.0,1202.0
2025-04-15,2417.0,9363.0,1796.0,1112.0
2025-04-16,2401.0,9292.0,1699.0,1209.0
2025-04-17,2444.0,9651.0,1738.0,1125.0
2025-04-18,2878.0,10280.0,1631.0,1258.0
2025-04-19,2331.0,9742.0,1598.0,1180.0
2025-04-20,2444.0,11562.0,1531.0,1147.0
2025-04-21,2656.0,10178.0,1746.0,1223.0
2025-04-22,2771.0,9665.0,1949.0,1331.0
2025-04-23,2695.0,9673.0,1827.0,1283.0
2025-04-24,2956.0,11140.0,2368.0,1420.0
2025-04-25,4953.0,10084.0,4419.0,2827.0
2025-04-26,4260.0,9542.0,4395.0,2897.0
2025-04-27,3540.0,10623.0,3757.0,2329.0
2025-04-28,3749.0,9627.0,3745.0,1974.0
2025-04-29,3498.0,9567.0,3269.0,1888.0
2025-04-30,2764.0,15918.0,2515.0,1496.0
2025-05-01,2633.0,9865.0,2320.0,1394.0
2025-05-02,2448.0,9899.0,2266.0,1451.0
2025-05-03,2273.0,9348.0,2097.0,1285.0
2025-05-04,2540.0,10792.0,2050.0,1360.0
2025-05-05,2667.0,10506.0,2281.0,1462.0
2025-05-06,2766.0,10515.0,2208.0,1378.0
2025-05-07,2508.0,9323.0,2031.0,1350.0
2025-05-08,2703.0,9499.0,1966.0,1293.0
2025-05-09,2546.0,10359.0,1923.0,1238.0
2025-05-10,2547.0,10250.0,1826.0,1283.0
