date,"Solar_eclipse_of_April_8,_2024",Solar_eclipse,Eclipse_glasses,Total_solar_eclipse,Saros
2022-11-13,472.0,2157.0,0.0,11.0,6.0
2022-11-14,404.0,1860.0,0.0,14.0,12.0
2022-11-15,358.0,1679.0,1.0,15.0,4.0
2022-11-16,401.0,1757.0,0.0,18.0,7.0
2022-11-17,345.0,1676.0,0.0,10.0,2.0
2022-11-18,309.0,1469.0,0.0,8.0,4.0
2022-11-19,329.0,1327.0,0.0,10.0,4.0
2022-11-20,3658.0,2540.0,1.0,25.0,6.0
2022-11-21,5451.0,3219.0,1.0,37.0,11.0
2022-11-22,678.0,1606.0,0.0,12.0,5.0
2022-11-23,455.0,1505.0,0.0,12.0,6.0
2022-11-24,466.0,1321.0,0.0,10.0,15.0
2022-11-25,401.0,1155.0,0.0,16.0,7.0
2022-11-26,413.0,1303.0,0.0,5.0,11.0
2022-11-27,418.0,1396.0,0.0,13.0,7.0
2022-11-28,498.0,1230.0,0.0,11.0,5.0
2022-11-29,390.0,1221.0,1.0,14.0,5.0
2022-11-30,320.0,1208.0,0.0,9.0,8.0
2022-12-01,285.0,1212.0,0.0,10.0,6.0
2022-12-02,287.0,1019.0,1.0,7.0,3.0
2022-12-03,312.0,827.0,0.0,10.0,0.0
2022-12-04,337.0,912.0,0.0,8.0,3.0
2022-12-05,364.0,1076.0,0.0,16.0,5.0
2022-12-06,330.0,997.0,0.0,6.0,0.0
2022-12-07,332.0,1000.0,0.0,10.0,6.0
2022-12-08,328.0,1143.0,0.0,10.0,3.0
2022-12-09,280.0,1162.0,1.0,4.0,2.0
2022-12-10,286.0,923.0,0.0,10.0,1.0
2022-12-11,309.0,951.0,1.0,12.0,0.0
2022-12-12,345.0,1161.0,1.0,8.0,3.0
2022-12-13,284.0,1231.0,0.0,9.0,13.0
2022-12-14,357.0,1158.0,0.0,8.0,9.0
2022-12-15,392.0,1143.0,0.0,10.0,3.0
2022-12-16,307.0,1052.0,0.0,10.0,1.0
2022-12-17,297.0,931.0,0.0,9.0,2.0
2022-12-18,337.0,866.0,0.0,8.0,2.0
2022-12-19,307.0,1002.0,0.0,8.0,8.0
2022-12-20,288.0,1072.0,0.0,8.0,0.0
2022-12-21,355.0,1033.0,0.0,10.0,3.0
2022-12-22,297.0,1005.0,0.0,11.0,1.0
2022-12-23,304.0,803.0,0.0,13.0,3.0
2022-12-24,348.0,867.0,1.0,19.0,2.0
2022-12-25,371.0,893.0,0.0,10.0,0.0
2022-12-26,362.0,1030.0,0.0,6.0,3.0
2022-12-27,398.0,1093.0,1.0,6.0,6.0
2022-12-28,385.0,1052.0,0.0,8.0,6.0
2022-12-29,470.0,1085.0,0.0,8.0,0.0
2022-12-30,421.0,1087.0,0.0,12.0,0.0
2022-12-31,505.0,1024.0,0.0,9.0,1.0
2023-01-01,718.0,1239.0,1.0,20.0,0.0
2023-01-02,692.0,1367.0,0.0,10.0,6.0
2023-01-03,765.0,1455.0,0.0,14.0,4.0
2023-01-04,973.0,1461.0,0.0,18.0,3.0
2023-01-05,660.0,1467.0,0.0,10.0,6.0
2023-01-06,570.0,1316.0,0.0,10.0,6.0
2023-01-07,535.0,1123.0,0.0,20.0,0.0
2023-01-08,588.0,1277.0,0.0,7.0,3.0
2023-01-09,655.0,1409.0,0.0,8.0,1.0
2023-01-10,563.0,1317.0,0.0,13.0,3.0
2023-01-11,642.0,1562.0,0.0,25.0,2.0
2023-01-12,519.0,1296.0,2.0,17.0,6.0
2023-01-13,513.0,1193.0,1.0,10.0,6.0
2023-01-14,516.0,1160.0,0.0,11.0,0.0
2023-01-15,502.0,1183.0,0.0,4.0,1.0
2023-01-16,533.0,1348.0,0.0,20.0,2.0
2023-01-17,471.0,1641.0,1.0,24.0,10.0
2023-01-18,491.0,1541.0,0.0,10.0,4.0
2023-01-19,582.0,1423.0,1.0,12.0,6.0
2023-01-20,469.0,1318.0,0.0,11.0,1.0
2023-01-21,414.0,1183.0,0.0,10.0,2.0
2023-01-22,507.0,1327.0,0.0,7.0,2.0
2023-01-23,467.0,1423.0,0.0,12.0,1.0
2023-01-24,409.0,1498.0,6.0,2.0,3.0
2023-01-25,424.0,1315.0,5.0,8.0,6.0
2023-01-26,487.0,1456.0,0.0,13.0,1.0
2023-01-27,443.0,1243.0,0.0,8.0,2.0
2023-01-28,562.0,1117.0,0.0,7.0,3.0
2023-01-29,445.0,1297.0,0.0,19.0,4.0
2023-01-30,496.0,1415.0,0.0,9.0,2.0
2023-01-31,518.0,1421.0,0.0,11.0,3.0
2023-02-01,562.0,1541.0,1.0,8.0,4.0
2023-02-02,531.0,1526.0,0.0,13.0,2.0
2023-02-03,438.0,1264.0,0.0,11.0,0.0
2023-02-04,527.0,1152.0,0.0,12.0,5.0
2023-02-05,534.0,1374.0,0.0,6.0,3.0
2023-02-06,468.0,1549.0,0.0,18.0,6.0
2023-02-07,465.0,1500.0,0.0,15.0,3.0
2023-02-08,411.0,1757.0,1.0,10.0,3.0
2023-02-09,456.0,1601.0,0.0,2.0,3.0
2023-02-10,427.0,1407.0,0.0,7.0,1.0
2023-02-11,463.0,1196.0,0.0,5.0,0.0
2023-02-12,439.0,1273.0,0.0,14.0,2.0
2023-02-13,503.0,1410.0,0.0,14.0,3.0
2023-02-14,543.0,1482.0,0.0,11.0,0.0
2023-02-15,468.0,1450.0,0.0,12.0,1.0
2023-02-16,590.0,1514.0,1.0,10.0,1.0
2023-02-17,490.0,1186.0,0.0,11.0,4.0
2023-02-18,504.0,1139.0,0.0,9.0,3.0
2023-02-19,542.0,1280.0,0.0,11.0,2.0
2023-02-20,573.0,1361.0,1.0,13.0,6.0
2023-02-21,522.0,1449.0,2.0,13.0,4.0
2023-02-22,474.0,1429.0,0.0,16.0,5.0
2023-02-23,523.0,1546.0,0.0,4.0,5.0
2023-02-24,577.0,1315.0,0.0,8.0,2.0
2023-02-25,604.0,1155.0,0.0,4.0,2.0
2023-02-26,654.0,1525.0,0.0,22.0,6.0
2023-02-27,572.0,1927.0,1.0,9.0,2.0
2023-02-28,720.0,1700.0,0.0,14.0,5.0
2023-03-01,602.0,1392.0,0.0,9.0,5.0
2023-03-02,643.0,1455.0,1.0,9.0,7.0
2023-03-03,561.0,1560.0,0.0,12.0,4.0
2023-03-04,618.0,1252.0,0.0,8.0,6.0
2023-03-05,637.0,1343.0,0.0,7.0,7.0
2023-03-06,616.0,1491.0,0.0,14.0,3.0
2023-03-07,705.0,1683.0,0.0,9.0,1.0
2023-03-08,725.0,1590.0,0.0,8.0,4.0
2023-03-09,1214.0,1985.0,0.0,16.0,4.0
2023-03-10,916.0,1601.0,0.0,12.0,1.0
2023-03-11,837.0,1309.0,0.0,7.0,5.0
2023-03-12,737.0,1429.0,0.0,5.0,1.0
2023-03-13,596.0,1361.0,0.0,13.0,4.0
2023-03-14,588.0,1615.0,1.0,13.0,3.0
2023-03-15,717.0,1454.0,0.0,7.0,4.0
2023-03-16,577.0,1420.0,1.0,8.0,5.0
2023-03-17,523.0,2851.0,0.0,10.0,4.0
2023-03-18,609.0,1721.0,0.0,5.0,3.0
2023-03-19,728.0,1399.0,0.0,24.0,3.0
2023-03-20,898.0,1580.0,0.0,21.0,0.0
2023-03-21,856.0,1518.0,0.0,11.0,2.0
2023-03-22,760.0,1427.0,1.0,14.0,6.0
2023-03-23,675.0,1413.0,1.0,10.0,6.0
2023-03-24,736.0,1622.0,0.0,11.0,5.0
2023-03-25,723.0,1497.0,0.0,6.0,6.0
2023-03-26,721.0,1360.0,0.0,9.0,1.0
2023-03-27,693.0,1456.0,0.0,8.0,5.0
2023-03-28,627.0,1581.0,0.0,10.0,2.0
2023-03-29,657.0,1555.0,0.0,17.0,3.0
2023-03-30,622.0,1483.0,0.0,16.0,12.0
2023-03-31,562.0,1364.0,0.0,5.0,5.0
2023-04-01,675.0,1390.0,1.0,9.0,4.0
2023-04-02,785.0,1406.0,0.0,6.0,4.0
2023-04-03,988.0,1548.0,0.0,19.0,1.0
2023-04-04,1242.0,1823.0,0.0,16.0,5.0
2023-04-05,1766.0,1906.0,2.0,16.0,0.0
2023-04-06,2056.0,2054.0,0.0,15.0,4.0
2023-04-07,2550.0,2375.0,1.0,26.0,8.0
2023-04-08,6596.0,3535.0,0.0,45.0,3.0
2023-04-09,6174.0,3798.0,0.0,49.0,6.0
2023-04-10,2972.0,2367.0,0.0,19.0,2.0
2023-04-11,2068.0,2054.0,0.0,13.0,8.0
2023-04-12,1671.0,2241.0,1.0,15.0,2.0
2023-04-13,1069.0,2093.0,1.0,24.0,5.0
2023-04-14,1076.0,1787.0,1.0,15.0,3.0
2023-04-15,1064.0,1736.0,0.0,10.0,6.0
2023-04-16,1079.0,2167.0,0.0,15.0,2.0
2023-04-17,1122.0,3094.0,0.0,29.0,3.0
2023-04-18,1287.0,4553.0,0.0,21.0,5.0
2023-04-19,1958.0,15193.0,1.0,42.0,3.0
2023-04-20,5223.0,37629.0,2.0,119.0,4.0
2023-04-21,1937.0,6914.0,0.0,38.0,6.0
2023-04-22,1175.0,3191.0,0.0,17.0,3.0
2023-04-23,924.0,2529.0,0.0,11.0,3.0
2023-04-24,1027.0,2459.0,0.0,10.0,3.0
2023-04-25,977.0,2126.0,1.0,12.0,3.0
2023-04-26,754.0,1907.0,0.0,17.0,0.0
2023-04-27,825.0,1735.0,1.0,11.0,6.0
2023-04-28,787.0,1791.0,0.0,5.0,2.0
2023-04-29,751.0,1538.0,0.0,13.0,5.0
2023-04-30,807.0,1399.0,0.0,15.0,3.0
2023-05-01,721.0,1634.0,1.0,12.0,3.0
2023-05-02,621.0,1736.0,1.0,19.0,2.0
2023-05-03,678.0,1886.0,0.0,18.0,4.0
2023-05-04,661.0,2216.0,0.0,7.0,0.0
2023-05-05,808.0,3789.0,0.0,18.0,3.0
2023-05-06,740.0,1948.0,0.0,13.0,4.0
2023-05-07,769.0,2006.0,0.0,8.0,3.0
2023-05-08,654.0,1794.0,0.0,10.0,3.0
2023-05-09,602.0,1692.0,0.0,14.0,1.0
2023-05-10,535.0,1532.0,0.0,23.0,5.0
2023-05-11,503.0,1567.0,1.0,13.0,5.0
2023-05-12,467.0,1291.0,0.0,11.0,5.0
2023-05-13,526.0,1048.0,0.0,8.0,5.0
2023-05-14,573.0,1332.0,0.0,11.0,2.0
2023-05-15,505.0,1613.0,0.0,9.0,2.0
2023-05-16,534.0,1677.0,0.0,253.0,3.0
2023-05-17,564.0,1569.0,0.0,67.0,6.0
2023-05-18,480.0,1475.0,0.0,30.0,8.0
2023-05-19,476.0,1382.0,0.0,23.0,6.0
2023-05-20,403.0,1262.0,0.0,20.0,1.0
2023-05-21,458.0,1284.0,0.0,15.0,2.0
2023-05-22,592.0,1477.0,0.0,20.0,5.0
2023-05-23,513.0,1494.0,0.0,13.0,3.0
2023-05-24,463.0,1340.0,0.0,14.0,2.0
2023-05-25,373.0,1207.0,2.0,9.0,3.0
2023-05-26,367.0,1204.0,0.0,9.0,3.0
2023-05-27,477.0,1087.0,0.0,19.0,3.0
2023-05-28,514.0,1196.0,0.0,5.0,1.0
2023-05-29,535.0,1305.0,1.0,14.0,1.0
2023-05-30,532.0,1234.0,0.0,10.0,2.0
2023-05-31,505.0,1307.0,0.0,16.0,3.0
2023-06-01,480.0,1263.0,0.0,8.0,4.0
2023-06-02,439.0,1266.0,0.0,12.0,119.0
2023-06-03,490.0,1151.0,0.0,21.0,5.0
2023-06-04,522.0,1370.0,0.0,10.0,2.0
2023-06-05,546.0,1395.0,0.0,15.0,7.0
2023-06-06,537.0,1583.0,0.0,16.0,2.0
2023-06-07,513.0,1641.0,0.0,13.0,2.0
2023-06-08,506.0,1503.0,0.0,12.0,4.0
2023-06-09,469.0,1208.0,1.0,22.0,4.0
2023-06-10,593.0,1173.0,0.0,10.0,2.0
2023-06-11,1066.0,1325.0,2.0,15.0,8.0
2023-06-12,1222.0,1693.0,1.0,14.0,6.0
2023-06-13,730.0,1563.0,1.0,12.0,1.0
2023-06-14,637.0,1682.0,0.0,11.0,8.0
2023-06-15,583.0,1597.0,0.0,5.0,11.0
2023-06-16,586.0,1383.0,0.0,8.0,2.0
2023-06-17,556.0,1192.0,0.0,13.0,1.0
2023-06-18,612.0,1393.0,0.0,9.0,3.0
2023-06-19,583.0,1539.0,0.0,16.0,3.0
2023-06-20,490.0,1590.0,0.0,12.0,4.0
2023-06-21,519.0,1767.0,0.0,11.0,1.0
2023-06-22,587.0,1543.0,0.0,12.0,6.0
2023-06-23,515.0,1309.0,1.0,13.0,7.0
2023-06-24,839.0,1187.0,2.0,15.0,1.0
2023-06-25,917.0,1551.0,0.0,10.0,3.0
2023-06-26,749.0,1455.0,0.0,10.0,4.0
2023-06-27,681.0,1115.0,0.0,23.0,2.0
2023-06-28,643.0,1262.0,0.0,11.0,4.0
2023-06-29,713.0,1355.0,0.0,15.0,2.0
2023-06-30,731.0,1205.0,0.0,5.0,3.0
2023-07-01,774.0,1111.0,0.0,8.0,6.0
2023-07-02,816.0,1120.0,0.0,11.0,5.0
2023-07-03,999.0,1333.0,0.0,14.0,3.0
2023-07-04,897.0,1246.0,0.0,8.0,5.0
2023-07-05,810.0,1143.0,0.0,11.0,5.0
2023-07-06,692.0,1046.0,1.0,4.0,5.0
2023-07-07,695.0,1060.0,1.0,16.0,7.0
2023-07-08,732.0,1379.0,0.0,4.0,3.0
2023-07-09,1143.0,1275.0,0.0,6.0,4.0
2023-07-10,1220.0,1229.0,1.0,12.0,4.0
2023-07-11,861.0,1173.0,0.0,8.0,3.0
2023-07-12,714.0,1197.0,0.0,10.0,3.0
2023-07-13,698.0,1189.0,0.0,9.0,5.0
2023-07-14,844.0,1271.0,1.0,16.0,0.0
2023-07-15,685.0,1041.0,0.0,16.0,1.0
2023-07-16,794.0,1151.0,1.0,14.0,1.0
2023-07-17,744.0,1187.0,0.0,9.0,4.0
2023-07-18,728.0,1293.0,0.0,13.0,2.0
2023-07-19,686.0,1120.0,0.0,13.0,6.0
2023-07-20,721.0,1060.0,0.0,3.0,2.0
2023-07-21,718.0,1002.0,0.0,12.0,1.0
2023-07-22,706.0,1007.0,0.0,4.0,3.0
2023-07-23,705.0,978.0,0.0,6.0,3.0
2023-07-24,697.0,1123.0,0.0,10.0,2.0
2023-07-25,639.0,1157.0,1.0,13.0,2.0
2023-07-26,749.0,1226.0,0.0,17.0,8.0
2023-07-27,731.0,1196.0,1.0,17.0,3.0
2023-07-28,713.0,1015.0,0.0,5.0,3.0
2023-07-29,809.0,1079.0,0.0,10.0,4.0
2023-07-30,944.0,1200.0,0.0,9.0,6.0
2023-07-31,953.0,1350.0,0.0,12.0,3.0
2023-08-01,951.0,1431.0,1.0,13.0,7.0
2023-08-02,956.0,1500.0,0.0,15.0,3.0
2023-08-03,848.0,1270.0,0.0,14.0,5.0
2023-08-04,920.0,1181.0,0.0,10.0,4.0
2023-08-05,898.0,1185.0,0.0,9.0,1.0
2023-08-06,904.0,1256.0,0.0,9.0,1.0
2023-08-07,931.0,1387.0,0.0,16.0,1.0
2023-08-08,993.0,1227.0,1.0,11.0,5.0
2023-08-09,1132.0,1395.0,0.0,16.0,12.0
2023-08-10,1112.0,1278.0,0.0,11.0,1.0
2023-08-11,1099.0,1411.0,0.0,17.0,4.0
2023-08-12,1141.0,1219.0,0.0,13.0,4.0
2023-08-13,1437.0,1556.0,1.0,13.0,3.0
2023-08-14,1483.0,1449.0,0.0,12.0,4.0
2023-08-15,1640.0,1547.0,1.0,19.0,4.0
2023-08-16,1582.0,1502.0,0.0,26.0,5.0
2023-08-17,1627.0,1506.0,0.0,16.0,3.0
2023-08-18,1124.0,1415.0,0.0,16.0,2.0
2023-08-19,1159.0,1243.0,0.0,11.0,2.0
2023-08-20,1348.0,1329.0,0.0,17.0,2.0
2023-08-21,1829.0,1706.0,1.0,50.0,0.0
2023-08-22,1369.0,1657.0,0.0,29.0,4.0
2023-08-23,1061.0,1754.0,0.0,13.0,4.0
2023-08-24,951.0,1757.0,0.0,18.0,4.0
2023-08-25,917.0,1423.0,0.0,11.0,5.0
2023-08-26,994.0,1364.0,4.0,9.0,4.0
2023-08-27,1365.0,1624.0,0.0,19.0,4.0
2023-08-28,1302.0,1608.0,0.0,14.0,4.0
2023-08-29,1295.0,1943.0,1.0,13.0,1.0
2023-08-30,1497.0,2455.0,1.0,14.0,3.0
2023-08-31,1786.0,2755.0,1.0,34.0,3.0
2023-09-01,1296.0,1786.0,0.0,18.0,2.0
2023-09-02,1302.0,1630.0,0.0,17.0,3.0
2023-09-03,1346.0,1524.0,2.0,20.0,0.0
2023-09-04,1610.0,1435.0,0.0,8.0,3.0
2023-09-05,1589.0,1636.0,0.0,19.0,1.0
2023-09-06,1258.0,1506.0,1.0,17.0,2.0
2023-09-07,1151.0,1598.0,0.0,12.0,3.0
2023-09-08,1093.0,1361.0,0.0,15.0,1.0
2023-09-09,1122.0,1281.0,0.0,9.0,2.0
2023-09-10,1144.0,1349.0,0.0,14.0,1.0
2023-09-11,1206.0,1459.0,0.0,14.0,4.0
2023-09-12,1179.0,1515.0,1.0,19.0,2.0
2023-09-13,1194.0,1527.0,0.0,16.0,3.0
2023-09-14,1210.0,1715.0,0.0,20.0,5.0
2023-09-15,1387.0,1592.0,0.0,12.0,7.0
2023-09-16,1272.0,1420.0,0.0,10.0,4.0
2023-09-17,1335.0,1458.0,1.0,11.0,3.0
2023-09-18,1281.0,1869.0,0.0,10.0,2.0
2023-09-19,1358.0,1782.0,0.0,17.0,4.0
2023-09-20,1237.0,1802.0,0.0,15.0,7.0
2023-09-21,1239.0,1872.0,0.0,8.0,2.0
2023-09-22,1390.0,1917.0,1.0,19.0,6.0
2023-09-23,1431.0,1831.0,0.0,18.0,5.0
2023-09-24,1417.0,1810.0,0.0,11.0,3.0
2023-09-25,1445.0,2012.0,0.0,14.0,8.0
2023-09-26,1414.0,2058.0,0.0,15.0,3.0
2023-09-27,1406.0,1992.0,0.0,19.0,7.0
2023-09-28,1369.0,2043.0,0.0,9.0,4.0
2023-09-29,1289.0,2248.0,2.0,18.0,6.0
2023-09-30,1508.0,1999.0,0.0,21.0,6.0
2023-10-01,1682.0,2248.0,0.0,14.0,5.0
2023-10-02,1914.0,3275.0,0.0,27.0,3.0
2023-10-03,1760.0,3889.0,0.0,20.0,2.0
2023-10-04,1809.0,3998.0,1.0,24.0,5.0
2023-10-05,1757.0,3947.0,1.0,33.0,2.0
2023-10-06,1981.0,4089.0,0.0,26.0,7.0
2023-10-07,2083.0,3905.0,0.0,26.0,5.0
2023-10-08,2961.0,4507.0,1.0,35.0,8.0
2023-10-09,2932.0,5463.0,1.0,30.0,1.0
2023-10-10,3537.0,6324.0,2.0,32.0,9.0
2023-10-11,3710.0,7925.0,0.0,45.0,4.0
2023-10-12,3929.0,9274.0,1.0,53.0,11.0
2023-10-13,6692.0,18390.0,6.0,90.0,11.0
2023-10-14,29213.0,64136.0,8.0,290.0,19.0
2023-10-15,11953.0,17869.0,4.0,131.0,18.0
2023-10-16,6888.0,7815.0,0.0,74.0,6.0
2023-10-17,3557.0,4511.0,0.0,26.0,12.0
2023-10-18,2448.0,3715.0,1.0,32.0,5.0
2023-10-19,2116.0,3106.0,0.0,21.0,7.0
2023-10-20,1442.0,2405.0,0.0,18.0,5.0
2023-10-21,1482.0,2039.0,0.0,16.0,7.0
2023-10-22,1600.0,1955.0,0.0,17.0,4.0
2023-10-23,1566.0,1933.0,0.0,8.0,5.0
2023-10-24,1423.0,1960.0,0.0,17.0,7.0
2023-10-25,1248.0,2067.0,0.0,13.0,1.0
2023-10-26,1233.0,2195.0,0.0,11.0,5.0
2023-10-27,1414.0,2733.0,0.0,17.0,4.0
2023-10-28,2097.0,7377.0,1.0,16.0,3.0
2023-10-29,1895.0,3445.0,0.0,21.0,9.0
2023-10-30,1296.0,2127.0,0.0,14.0,6.0
2023-10-31,931.0,1831.0,0.0,12.0,1.0
2023-11-01,853.0,1719.0,1.0,14.0,3.0
2023-11-02,1220.0,2267.0,1.0,19.0,6.0
2023-11-03,1154.0,1725.0,0.0,14.0,10.0
2023-11-04,1245.0,1390.0,0.0,8.0,9.0
2023-11-05,1273.0,1440.0,0.0,13.0,7.0
2023-11-06,1211.0,1532.0,1.0,16.0,7.0
2023-11-07,1156.0,1588.0,1.0,8.0,1.0
2023-11-08,1240.0,1482.0,0.0,12.0,2.0
2023-11-09,1412.0,1794.0,1.0,9.0,6.0
2023-11-10,1149.0,1231.0,0.0,8.0,4.0
2023-11-11,969.0,1150.0,0.0,8.0,5.0
2023-11-12,1182.0,1303.0,0.0,10.0,4.0
2023-11-13,1194.0,1838.0,0.0,10.0,0.0
2023-11-14,914.0,1524.0,0.0,12.0,1.0
2023-11-15,989.0,1341.0,0.0,14.0,2.0
2023-11-16,1009.0,1444.0,0.0,9.0,6.0
2023-11-17,881.0,1170.0,0.0,4.0,0.0
2023-11-18,824.0,1100.0,0.0,10.0,3.0
2023-11-19,966.0,1234.0,1.0,11.0,3.0
2023-11-20,877.0,1429.0,0.0,18.0,3.0
2023-11-21,902.0,1423.0,0.0,12.0,2.0
2023-11-22,844.0,1444.0,0.0,11.0,3.0
2023-11-23,922.0,1386.0,1.0,11.0,3.0
2023-11-24,966.0,1241.0,0.0,7.0,5.0
2023-11-25,981.0,1190.0,0.0,14.0,4.0
2023-11-26,1124.0,1224.0,0.0,8.0,3.0
2023-11-27,1247.0,1469.0,0.0,8.0,3.0
2023-11-28,1089.0,1475.0,0.0,12.0,3.0
2023-11-29,980.0,1482.0,0.0,5.0,4.0
2023-11-30,988.0,1351.0,0.0,8.0,1.0
2023-12-01,1358.0,1372.0,0.0,8.0,10.0
2023-12-02,957.0,1094.0,0.0,7.0,3.0
2023-12-03,969.0,1106.0,0.0,13.0,3.0
2023-12-04,1020.0,1361.0,0.0,12.0,3.0
2023-12-05,923.0,1417.0,0.0,6.0,4.0
2023-12-06,993.0,1240.0,0.0,7.0,6.0
2023-12-07,949.0,1305.0,1.0,9.0,7.0
2023-12-08,1079.0,1252.0,0.0,5.0,3.0
2023-12-09,1062.0,1094.0,0.0,7.0,2.0
2023-12-10,1178.0,1235.0,0.0,7.0,5.0
2023-12-11,1221.0,1352.0,1.0,4.0,6.0
2023-12-12,1324.0,1319.0,1.0,9.0,5.0
2023-12-13,1488.0,1529.0,0.0,10.0,1.0
2023-12-14,1562.0,1466.0,0.0,10.0,3.0
2023-12-15,1298.0,1343.0,0.0,8.0,5.0
2023-12-16,1202.0,1056.0,0.0,11.0,2.0
2023-12-17,1136.0,1235.0,0.0,10.0,2.0
2023-12-18,1421.0,1491.0,0.0,6.0,2.0
2023-12-19,1335.0,1400.0,0.0,11.0,6.0
2023-12-20,1436.0,1280.0,0.0,12.0,7.0
2023-12-21,1365.0,2092.0,0.0,18.0,5.0
2023-12-22,1097.0,1222.0,0.0,11.0,1.0
2023-12-23,1403.0,1027.0,0.0,3.0,2.0
2023-12-24,1340.0,1100.0,0.0,9.0,2.0
2023-12-25,1537.0,1052.0,0.0,14.0,4.0
2023-12-26,1923.0,1335.0,0.0,22.0,2.0
2023-12-27,2035.0,1454.0,0.0,10.0,4.0
2023-12-28,2083.0,1429.0,0.0,10.0,2.0
2023-12-29,2031.0,1446.0,0.0,10.0,4.0
2023-12-30,2368.0,1472.0,0.0,15.0,1.0
2023-12-31,3017.0,1525.0,0.0,18.0,3.0
2024-01-01,4216.0,1868.0,0.0,18.0,5.0
2024-01-02,5245.0,2175.0,2.0,21.0,4.0
2024-01-03,4162.0,2112.0,0.0,24.0,2.0
2024-01-04,3267.0,1965.0,0.0,21.0,0.0
2024-01-05,2733.0,1661.0,0.0,18.0,7.0
2024-01-06,2447.0,1635.0,0.0,15.0,5.0
2024-01-07,2430.0,1651.0,0.0,10.0,4.0
2024-01-08,2779.0,1881.0,0.0,16.0,5.0
2024-01-09,3184.0,1966.0,0.0,15.0,3.0
2024-01-10,3092.0,2020.0,0.0,21.0,6.0
2024-01-11,3176.0,2062.0,3.0,21.0,4.0
2024-01-12,2789.0,1742.0,1.0,15.0,1.0
2024-01-13,2408.0,1620.0,0.0,15.0,1.0
2024-01-14,2258.0,1540.0,1.0,17.0,3.0
2024-01-15,2101.0,1515.0,0.0,11.0,1.0
2024-01-16,2221.0,1724.0,0.0,7.0,5.0
2024-01-17,2085.0,1769.0,0.0,19.0,3.0
2024-01-18,2154.0,1854.0,0.0,11.0,7.0
2024-01-19,1905.0,1827.0,1.0,16.0,7.0
2024-01-20,2195.0,1581.0,1.0,20.0,2.0
2024-01-21,2431.0,1824.0,0.0,19.0,2.0
2024-01-22,2313.0,1848.0,0.0,11.0,4.0
2024-01-23,2473.0,2022.0,0.0,15.0,0.0
2024-01-24,3073.0,2324.0,0.0,18.0,5.0
2024-01-25,3367.0,2254.0,0.0,22.0,4.0
2024-01-26,3816.0,2191.0,0.0,21.0,5.0
2024-01-27,3101.0,2038.0,1.0,13.0,5.0
2024-01-28,3520.0,2414.0,2.0,21.0,1.0
2024-01-29,2990.0,2363.0,0.0,22.0,3.0
2024-01-30,2835.0,2446.0,0.0,21.0,4.0
2024-01-31,3572.0,2820.0,1.0,21.0,3.0
2024-02-01,4072.0,3249.0,1.0,19.0,4.0
2024-02-02,3489.0,2978.0,2.0,28.0,4.0
2024-02-03,3138.0,2568.0,1.0,19.0,8.0
2024-02-04,3108.0,2989.0,3.0,21.0,6.0
2024-02-05,3599.0,3173.0,1.0,27.0,5.0
2024-02-06,3265.0,2935.0,3.0,22.0,7.0
2024-02-07,2983.0,2923.0,2.0,18.0,4.0
2024-02-08,3133.0,2997.0,0.0,39.0,2.0
2024-02-09,3165.0,2613.0,0.0,25.0,2.0
2024-02-10,3033.0,2287.0,1.0,14.0,3.0
2024-02-11,2896.0,2258.0,0.0,16.0,3.0
2024-02-12,2812.0,2613.0,1.0,14.0,4.0
2024-02-13,2968.0,2721.0,1.0,24.0,6.0
2024-02-14,3609.0,2633.0,1.0,21.0,3.0
2024-02-15,5081.0,2826.0,1.0,16.0,8.0
2024-02-16,7145.0,2795.0,2.0,20.0,11.0
2024-02-17,6859.0,2456.0,3.0,22.0,4.0
2024-02-18,7779.0,2708.0,0.0,23.0,8.0
2024-02-19,8922.0,2941.0,1.0,33.0,3.0
2024-02-20,9895.0,3463.0,1.0,32.0,1.0
2024-02-21,9525.0,3692.0,3.0,31.0,6.0
2024-02-22,9930.0,3992.0,2.0,21.0,4.0
2024-02-23,9060.0,3484.0,0.0,29.0,7.0
2024-02-24,9966.0,3201.0,0.0,21.0,12.0
2024-02-25,16701.0,5529.0,2.0,57.0,2.0
2024-02-26,18266.0,6443.0,5.0,60.0,3.0
2024-02-27,13538.0,5678.0,3.0,57.0,5.0
2024-02-28,11972.0,5226.0,1.0,44.0,1.0
2024-02-29,10837.0,4601.0,3.0,43.0,7.0
2024-03-01,10586.0,4058.0,3.0,35.0,9.0
2024-03-02,11082.0,3541.0,2.0,31.0,1.0
2024-03-03,12977.0,3993.0,3.0,27.0,3.0
2024-03-04,13644.0,4418.0,4.0,45.0,1.0
2024-03-05,11366.0,4678.0,3.0,37.0,4.0
2024-03-06,11777.0,4447.0,3.0,24.0,11.0
2024-03-07,13565.0,4829.0,0.0,41.0,5.0
2024-03-08,16571.0,5690.0,2.0,39.0,9.0
2024-03-09,15948.0,4764.0,0.0,29.0,15.0
2024-03-10,14447.0,4966.0,2.0,49.0,8.0
2024-03-11,13195.0,5226.0,4.0,46.0,6.0
2024-03-12,14951.0,6284.0,3.0,49.0,7.0
2024-03-13,15575.0,6114.0,1.0,44.0,2.0
2024-03-14,17429.0,7027.0,1.0,66.0,0.0
2024-03-15,18467.0,7286.0,2.0,52.0,5.0
2024-03-16,19231.0,6187.0,2.0,38.0,3.0
2024-03-17,19705.0,6662.0,2.0,40.0,5.0
2024-03-18,24879.0,8194.0,4.0,65.0,4.0
2024-03-19,26175.0,9536.0,6.0,89.0,4.0
2024-03-20,27228.0,10596.0,5.0,93.0,5.0
2024-03-21,26152.0,10404.0,3.0,82.0,6.0
2024-03-22,29380.0,10699.0,9.0,73.0,8.0
2024-03-23,27750.0,9437.0,3.0,67.0,11.0
2024-03-24,36189.0,11607.0,3.0,78.0,6.0
2024-03-25,47734.0,17082.0,3.0,132.0,10.0
2024-03-26,46375.0,17828.0,6.0,104.0,7.0
2024-03-27,47979.0,18289.0,7.0,128.0,3.0
2024-03-28,48654.0,20672.0,9.0,136.0,6.0
2024-03-29,47751.0,19773.0,7.0,112.0,6.0
2024-03-30,50321.0,19662.0,7.0,125.0,15.0
2024-03-31,57684.0,20127.0,5.0,253.0,5.0
2024-04-01,69660.0,25657.0,10.0,238.0,12.0
2024-04-02,72071.0,31851.0,11.0,293.0,11.0
2024-04-03,84140.0,43813.0,13.0,322.0,10.0
2024-04-04,128553.0,51260.0,19.0,381.0,15.0
2024-04-05,189524.0,74657.0,29.0,571.0,28.0
2024-04-06,222227.0,83242.0,17.0,532.0,15.0
2024-04-07,490974.0,135394.0,33.0,814.0,25.0
2024-04-08,1335210.0,491270.0,146.0,5267.0,49.0
2024-04-09,235004.0,187325.0,43.0,13956.0,45.0
2024-04-10,73790.0,80704.0,18.0,840.0,28.0
2024-04-11,41758.0,46164.0,9.0,361.0,25.0
2024-04-12,26147.0,31545.0,7.0,205.0,20.0
2024-04-13,19169.0,19747.0,9.0,145.0,20.0
2024-04-14,14780.0,15092.0,3.0,120.0,11.0
2024-04-15,13973.0,16882.0,2.0,125.0,10.0
2024-04-16,7145.0,17710.0,0.0,67.0,11.0
2024-04-17,5859.0,13162.0,0.0,41.0,8.0
2024-04-18,5251.0,11666.0,4.0,41.0,10.0
2024-04-19,4793.0,10075.0,2.0,44.0,3.0
2024-04-20,5460.0,21291.0,2.0,38.0,5.0
2024-04-21,4462.0,10600.0,1.0,46.0,10.0
2024-04-22,4968.0,13307.0,3.0,43.0,10.0
2024-04-23,4457.0,12779.0,0.0,26.0,8.0
2024-04-24,3829.0,8166.0,0.0,27.0,5.0
2024-04-25,2855.0,6063.0,0.0,25.0,12.0
2024-04-26,2715.0,5120.0,2.0,20.0,5.0
2024-04-27,2419.0,4450.0,0.0,18.0,9.0
2024-04-28,2364.0,4102.0,0.0,14.0,7.0
2024-04-29,2535.0,4805.0,0.0,27.0,6.0
2024-04-30,2251.0,4130.0,0.0,18.0,6.0
2024-05-01,2230.0,4306.0,3.0,19.0,16.0
2024-05-02,2216.0,4377.0,0.0,18.0,3.0
2024-05-03,2698.0,4069.0,0.0,18.0,2.0
2024-05-04,2095.0,3773.0,1.0,12.0,9.0
2024-05-05,1950.0,3585.0,0.0,16.0,7.0
2024-05-06,2056.0,4307.0,0.0,9.0,14.0
2024-05-07,1941.0,3931.0,0.0,9.0,3.0
2024-05-08,1796.0,3371.0,0.0,13.0,7.0
2024-05-09,1431.0,2878.0,0.0,18.0,4.0
2024-05-10,1338.0,2196.0,1.0,11.0,4.0
2024-05-11,1621.0,2262.0,1.0,20.0,7.0
2024-05-12,1300.0,2352.0,0.0,15.0,3.0
2024-05-13,1112.0,2401.0,1.0,22.0,4.0
2024-05-14,803.0,2473.0,0.0,13.0,6.0
2024-05-15,730.0,2095.0,0.0,11.0,10.0
2024-05-16,828.0,1975.0,2.0,24.0,6.0
2024-05-17,851.0,1680.0,0.0,11.0,0.0
2024-05-18,779.0,1517.0,0.0,11.0,4.0
2024-05-19,780.0,1637.0,0.0,24.0,4.0
2024-05-20,748.0,1864.0,0.0,22.0,9.0
2024-05-21,693.0,1766.0,0.0,21.0,4.0
2024-05-22,1064.0,1733.0,0.0,9.0,3.0
2024-05-23,751.0,1719.0,0.0,12.0,6.0
2024-05-24,773.0,1658.0,0.0,11.0,3.0
2024-05-25,695.0,1874.0,0.0,9.0,6.0
2024-05-26,599.0,2587.0,0.0,9.0,6.0
2024-05-27,552.0,3239.0,0.0,8.0,3.0
2024-05-28,575.0,2461.0,1.0,5.0,4.0
2024-05-29,553.0,1781.0,0.0,14.0,0.0
2024-05-30,539.0,1709.0,0.0,8.0,3.0
2024-05-31,528.0,1543.0,0.0,4.0,4.0
2024-06-01,502.0,1422.0,0.0,5.0,2.0
2024-06-02,578.0,1898.0,0.0,8.0,3.0
2024-06-03,582.0,1967.0,0.0,14.0,3.0
2024-06-04,590.0,1752.0,0.0,9.0,7.0
2024-06-05,558.0,2156.0,1.0,10.0,2.0
2024-06-06,626.0,2301.0,1.0,7.0,5.0
2024-06-07,590.0,1985.0,0.0,8.0,4.0
2024-06-08,1128.0,2033.0,0.0,9.0,3.0
2024-06-09,484.0,1991.0,0.0,6.0,2.0
2024-06-10,1379.0,1920.0,0.0,7.0,0.0
2024-06-11,608.0,2124.0,0.0,13.0,4.0
2024-06-12,445.0,2263.0,0.0,4.0,4.0
2024-06-13,497.0,2252.0,0.0,9.0,10.0
2024-06-14,405.0,2174.0,0.0,9.0,3.0
2024-06-15,496.0,2668.0,0.0,8.0,1.0
2024-06-16,437.0,2474.0,1.0,8.0,1.0
2024-06-17,449.0,2533.0,0.0,11.0,1.0
2024-06-18,418.0,2393.0,0.0,9.0,3.0
2024-06-19,458.0,2354.0,0.0,9.0,3.0
2024-06-20,485.0,2130.0,0.0,10.0,3.0
2024-06-21,522.0,2245.0,0.0,9.0,4.0
2024-06-22,613.0,2168.0,0.0,10.0,5.0
2024-06-23,462.0,1968.0,1.0,6.0,2.0
2024-06-24,518.0,2287.0,1.0,6.0,5.0
2024-06-25,563.0,6780.0,0.0,9.0,14.0
2024-06-26,647.0,12297.0,0.0,8.0,8.0
2024-06-27,538.0,3628.0,0.0,5.0,6.0
2024-06-28,472.0,2996.0,1.0,10.0,3.0
2024-06-29,492.0,3934.0,0.0,6.0,0.0
2024-06-30,637.0,7735.0,0.0,7.0,1.0
2024-07-01,616.0,10759.0,0.0,3.0,2.0
2024-07-02,445.0,3303.0,0.0,6.0,3.0
2024-07-03,512.0,1754.0,1.0,12.0,5.0
2024-07-04,521.0,1895.0,0.0,8.0,1.0
2024-07-05,444.0,1453.0,3.0,3.0,3.0
2024-07-06,457.0,2231.0,0.0,6.0,0.0
2024-07-07,475.0,1825.0,0.0,5.0,2.0
