date,2024_United_States_presidential_election,Donald_Trump,Kamala_Harris,JD_Vance,Tim_Walz
2023-06-12,18947.0,42398.0,6811.0,2.0,674.0
2023-06-13,20969.0,108462.0,7087.0,1.0,525.0
2023-06-14,23263.0,142932.0,8740.0,6.0,491.0
2023-06-15,21878.0,58671.0,8350.0,7.0,547.0
2023-06-16,18776.0,35030.0,6783.0,6.0,607.0
2023-06-17,16756.0,29043.0,7466.0,0.0,507.0
2023-06-18,18453.0,28178.0,7818.0,3.0,427.0
2023-06-19,18120.0,27268.0,7664.0,2.0,448.0
2023-06-20,17516.0,27314.0,9306.0,0.0,449.0
2023-06-21,15875.0,24464.0,7780.0,2.0,407.0
2023-06-22,17004.0,22947.0,9752.0,0.0,644.0
2023-06-23,16769.0,24403.0,23339.0,0.0,495.0
2023-06-24,13241.0,22592.0,35357.0,0.0,376.0
2023-06-25,15494.0,25680.0,24596.0,0.0,390.0
2023-06-26,17593.0,25875.0,14961.0,3.0,392.0
2023-06-27,20455.0,27612.0,13434.0,0.0,354.0
2023-06-28,18130.0,29819.0,11159.0,1.0,354.0
2023-06-29,16231.0,25445.0,10552.0,2.0,363.0
2023-06-30,15596.0,23916.0,9568.0,1.0,291.0
2023-07-01,13875.0,22214.0,7827.0,2.0,357.0
2023-07-02,14465.0,22632.0,7594.0,2.0,357.0
2023-07-03,15307.0,22432.0,7309.0,0.0,410.0
2023-07-04,14986.0,22648.0,7365.0,1.0,457.0
2023-07-05,15184.0,23198.0,7055.0,1.0,462.0
2023-07-06,14934.0,22122.0,6676.0,1.0,463.0
2023-07-07,14606.0,21001.0,8676.0,0.0,478.0
2023-07-08,14143.0,21424.0,10602.0,1.0,403.0
2023-07-09,15506.0,24608.0,8062.0,0.0,365.0
2023-07-10,16481.0,23795.0,7418.0,3.0,427.0
2023-07-11,15690.0,22571.0,7056.0,2.0,426.0
2023-07-12,14982.0,21742.0,7894.0,2.0,450.0
2023-07-13,15628.0,22371.0,11361.0,1.0,439.0
2023-07-14,15077.0,22103.0,9845.0,3.0,508.0
2023-07-15,15028.0,20977.0,9409.0,1.0,410.0
2023-07-16,16252.0,22481.0,9068.0,0.0,415.0
2023-07-17,17242.0,21866.0,9054.0,1.0,385.0
2023-07-18,17920.0,24909.0,7369.0,2.0,418.0
2023-07-19,17043.0,24898.0,6672.0,4.0,454.0
2023-07-20,15311.0,22888.0,6805.0,5.0,430.0
2023-07-21,18825.0,23499.0,9218.0,2.0,453.0
2023-07-22,15056.0,21850.0,11045.0,1.0,399.0
2023-07-23,14882.0,22260.0,10099.0,3.0,409.0
2023-07-24,16358.0,23597.0,8497.0,1.0,422.0
2023-07-25,15813.0,22066.0,9170.0,2.0,443.0
2023-07-26,15184.0,23469.0,8451.0,2.0,511.0
2023-07-27,14727.0,28607.0,9478.0,2.0,565.0
2023-07-28,15732.0,28541.0,8658.0,2.0,550.0
2023-07-29,16393.0,26861.0,9498.0,1.0,528.0
2023-07-30,16922.0,27856.0,9807.0,2.0,443.0
2023-07-31,17174.0,27190.0,11930.0,1.0,507.0
2023-08-01,18621.0,36816.0,11787.0,2.0,473.0
2023-08-02,21506.0,56836.0,11797.0,0.0,511.0
2023-08-03,19571.0,52285.0,10210.0,1.0,461.0
2023-08-04,18307.0,49536.0,9425.0,2.0,432.0
2023-08-05,14925.0,34843.0,8522.0,3.0,460.0
2023-08-06,15497.0,30847.0,8927.0,4.0,429.0
2023-08-07,15668.0,29227.0,11142.0,3.0,525.0
2023-08-08,16302.0,26816.0,8262.0,1.0,538.0
2023-08-09,16462.0,26747.0,7367.0,4.0,473.0
2023-08-10,15477.0,25085.0,7356.0,1.0,560.0
2023-08-11,15303.0,24156.0,7695.0,3.0,1380.0
2023-08-12,13976.0,23670.0,8203.0,1.0,538.0
2023-08-13,15751.0,34406.0,7091.0,1.0,597.0
2023-08-14,15986.0,28826.0,7014.0,1.0,628.0
2023-08-15,21683.0,65434.0,8133.0,4.0,564.0
2023-08-16,18355.0,47817.0,7315.0,1.0,611.0
2023-08-17,16921.0,35697.0,6736.0,1.0,1047.0
2023-08-18,18001.0,32746.0,6979.0,1.0,881.0
2023-08-19,16281.0,28948.0,6437.0,1.0,640.0
2023-08-20,17206.0,32911.0,6825.0,1.0,3523.0
2023-08-21,20585.0,31654.0,6904.0,3.0,1328.0
2023-08-22,21457.0,36907.0,7784.0,3.0,755.0
2023-08-23,22329.0,38310.0,8595.0,0.0,632.0
2023-08-24,42725.0,76590.0,11128.0,1.0,765.0
2023-08-25,36880.0,247001.0,11203.0,2.0,534.0
2023-08-26,22489.0,99805.0,9199.0,1.0,423.0
2023-08-27,21904.0,59038.0,9940.0,2.0,526.0
2023-08-28,26501.0,49397.0,9245.0,2.0,497.0
2023-08-29,25293.0,42391.0,9852.0,2.0,467.0
2023-08-30,21960.0,39688.0,8974.0,1.0,437.0
2023-08-31,19494.0,39546.0,8581.0,2.0,413.0
2023-09-01,17095.0,33841.0,7109.0,0.0,533.0
2023-09-02,15227.0,28792.0,7263.0,1.0,474.0
2023-09-03,17755.0,28494.0,7356.0,1.0,438.0
2023-09-04,16361.0,28930.0,7250.0,2.0,566.0
2023-09-05,16635.0,28884.0,7297.0,2.0,656.0
2023-09-06,16284.0,29476.0,10467.0,2.0,535.0
2023-09-07,16516.0,27961.0,14197.0,5.0,517.0
2023-09-08,16346.0,29855.0,13622.0,0.0,553.0
2023-09-09,14701.0,27357.0,10909.0,1.0,611.0
2023-09-10,16258.0,29137.0,16857.0,0.0,534.0
2023-09-11,16576.0,29716.0,15127.0,3.0,635.0
2023-09-12,15599.0,28731.0,12776.0,3.0,577.0
2023-09-13,16506.0,28597.0,10312.0,2.0,488.0
2023-09-14,17954.0,27964.0,10848.0,3.0,383.0
2023-09-15,16062.0,26970.0,10748.0,1.0,394.0
2023-09-16,15942.0,26031.0,8313.0,2.0,355.0
2023-09-17,14894.0,25549.0,7729.0,1.0,355.0
2023-09-18,16656.0,26764.0,7238.0,2.0,372.0
2023-09-19,17145.0,25416.0,7685.0,2.0,367.0
2023-09-20,15434.0,39108.0,7241.0,1.0,424.0
2023-09-21,15860.0,54449.0,7192.0,3.0,384.0
2023-09-22,14560.0,32390.0,7676.0,4.0,440.0
2023-09-23,12506.0,27270.0,6988.0,2.0,386.0
2023-09-24,15229.0,24595.0,7261.0,0.0,387.0
2023-09-25,17340.0,25000.0,7302.0,2.0,426.0
2023-09-26,18845.0,28322.0,8512.0,3.0,471.0
2023-09-27,18344.0,32498.0,8268.0,1.0,372.0
2023-09-28,26993.0,32792.0,7868.0,0.0,431.0
2023-09-29,19384.0,29997.0,15166.0,6.0,435.0
2023-09-30,18083.0,27957.0,10885.0,1.0,469.0
2023-10-01,17828.0,28134.0,8323.0,2.0,452.0
2023-10-02,19680.0,35494.0,10826.0,2.0,464.0
2023-10-03,18623.0,36633.0,8783.0,4.0,458.0
2023-10-04,18668.0,38250.0,9854.0,6.0,506.0
2023-10-05,17974.0,35889.0,8074.0,1.0,459.0
2023-10-06,17016.0,33470.0,7196.0,1.0,420.0
2023-10-07,14446.0,27561.0,6276.0,3.0,285.0
2023-10-08,14547.0,25572.0,5910.0,0.0,362.0
2023-10-09,23637.0,27650.0,6145.0,3.0,400.0
2023-10-10,23983.0,28003.0,10748.0,1.0,410.0
2023-10-11,18051.0,27388.0,10962.0,2.0,413.0
2023-10-12,22214.0,27939.0,9722.0,0.0,398.0
2023-10-13,19083.0,27319.0,7600.0,2.0,380.0
2023-10-14,17321.0,25244.0,8705.0,1.0,383.0
2023-10-15,18980.0,24586.0,7335.0,0.0,520.0
2023-10-16,21676.0,26974.0,6805.0,0.0,461.0
2023-10-17,21577.0,27368.0,8245.0,1.0,420.0
2023-10-18,22395.0,29790.0,9200.0,2.0,397.0
2023-10-19,22045.0,29142.0,8446.0,2.0,379.0
2023-10-20,21042.0,29009.0,10093.0,6.0,451.0
2023-10-21,16727.0,23579.0,8272.0,0.0,499.0
2023-10-22,17526.0,24936.0,7069.0,0.0,368.0
2023-10-23,19093.0,25133.0,6443.0,1.0,488.0
2023-10-24,19404.0,27343.0,6218.0,2.0,911.0
2023-10-25,21221.0,28314.0,6761.0,1.0,902.0
2023-10-26,21272.0,28225.0,7074.0,1.0,627.0
2023-10-27,24667.0,27012.0,6501.0,1.0,644.0
2023-10-28,28623.0,25520.0,6172.0,1.0,670.0
2023-10-29,32212.0,24966.0,15710.0,0.0,455.0
2023-10-30,26818.0,26851.0,16597.0,2.0,582.0
2023-10-31,21726.0,27282.0,8206.0,2.0,504.0
2023-11-01,21735.0,28928.0,8655.0,2.0,597.0
2023-11-02,24117.0,33126.0,8783.0,0.0,456.0
2023-11-03,22219.0,34121.0,8637.0,0.0,409.0
2023-11-04,21731.0,27784.0,7854.0,2.0,373.0
2023-11-05,30971.0,29422.0,8722.0,3.0,360.0
2023-11-06,45487.0,42714.0,8515.0,2.0,392.0
2023-11-07,54925.0,50463.0,7152.0,0.0,424.0
2023-11-08,52949.0,51898.0,7421.0,3.0,564.0
2023-11-09,45279.0,48822.0,7896.0,3.0,574.0
2023-11-10,31259.0,39726.0,6971.0,1.0,429.0
2023-11-11,23811.0,35284.0,6217.0,0.0,393.0
2023-11-12,23935.0,37349.0,6036.0,0.0,362.0
2023-11-13,35837.0,74235.0,6867.0,1.0,417.0
2023-11-14,25972.0,58557.0,6907.0,1.0,375.0
2023-11-15,23343.0,43381.0,6912.0,2.0,388.0
2023-11-16,24571.0,42538.0,7279.0,1.0,368.0
2023-11-17,22319.0,41610.0,7108.0,0.0,325.0
2023-11-18,19876.0,40400.0,6555.0,0.0,357.0
2023-11-19,23429.0,46134.0,7317.0,0.0,390.0
2023-11-20,27982.0,54414.0,8328.0,0.0,551.0
2023-11-21,23857.0,46239.0,7799.0,1.0,526.0
2023-11-22,22546.0,42783.0,6410.0,0.0,440.0
2023-11-23,20009.0,38640.0,5806.0,1.0,386.0
2023-11-24,17479.0,37619.0,7108.0,2.0,369.0
2023-11-25,17412.0,37012.0,6680.0,2.0,565.0
2023-11-26,19029.0,38290.0,5881.0,0.0,477.0
2023-11-27,21393.0,38999.0,5893.0,1.0,479.0
2023-11-28,21387.0,40008.0,6312.0,1.0,495.0
2023-11-29,21859.0,43840.0,6889.0,0.0,428.0
2023-11-30,21183.0,43724.0,8109.0,1.0,363.0
2023-12-01,20841.0,31761.0,6912.0,0.0,327.0
2023-12-02,17923.0,22418.0,8507.0,0.0,423.0
2023-12-03,21066.0,22717.0,8381.0,0.0,1008.0
2023-12-04,24944.0,23617.0,6743.0,1.0,943.0
2023-12-05,24292.0,24172.0,7168.0,1.0,498.0
2023-12-06,24059.0,26673.0,8464.0,0.0,450.0
2023-12-07,28798.0,29801.0,7142.0,1.0,783.0
2023-12-08,21645.0,25775.0,7893.0,2.0,523.0
2023-12-09,19436.0,23705.0,6083.0,3.0,458.0
2023-12-10,22217.0,24706.0,6051.0,6.0,488.0
2023-12-11,24141.0,26736.0,5909.0,13.0,520.0
2023-12-12,23765.0,25468.0,6613.0,1226.0,546.0
2023-12-13,22321.0,24521.0,6624.0,357.0,1270.0
2023-12-14,24353.0,24417.0,6546.0,57.0,460.0
2023-12-15,23439.0,23718.0,6254.0,20.0,463.0
2023-12-16,21115.0,22817.0,11496.0,16.0,423.0
2023-12-17,23676.0,24776.0,7012.0,17.0,595.0
2023-12-18,27069.0,27113.0,6663.0,4.0,554.0
2023-12-19,26784.0,26737.0,6735.0,3.0,525.0
2023-12-20,44122.0,55635.0,10772.0,0.0,741.0
2023-12-21,27149.0,41471.0,6772.0,0.0,625.0
2023-12-22,22111.0,36622.0,5718.0,0.0,471.0
2023-12-23,20612.0,35790.0,5412.0,1.0,412.0
2023-12-24,19725.0,34976.0,5572.0,0.0,499.0
2023-12-25,19233.0,35056.0,6266.0,1.0,412.0
2023-12-26,21179.0,35487.0,6476.0,0.0,516.0
2023-12-27,23910.0,37477.0,8826.0,0.0,463.0
2023-12-28,26283.0,37731.0,6754.0,1.0,457.0
2023-12-29,33533.0,43605.0,6438.0,0.0,421.0
2023-12-30,24801.0,36584.0,6355.0,0.0,405.0
2023-12-31,27589.0,34774.0,5912.0,2.0,384.0
2024-01-01,39795.0,37294.0,6009.0,1.0,475.0
2024-01-02,41478.0,38948.0,6719.0,1.0,423.0
2024-01-03,39879.0,34041.0,6352.0,2.0,483.0
2024-01-04,36790.0,33918.0,6350.0,2.0,474.0
2024-01-05,36795.0,33518.0,6862.0,0.0,416.0
2024-01-06,39435.0,34869.0,6992.0,1.0,393.0
2024-01-07,38595.0,34950.0,7799.0,0.0,386.0
2024-01-08,37888.0,31860.0,6644.0,2.0,393.0
2024-01-09,38825.0,35157.0,7472.0,2.0,359.0
2024-01-10,41015.0,54177.0,7330.0,0.0,429.0
2024-01-11,53528.0,47559.0,7931.0,4.0,444.0
2024-01-12,38818.0,38839.0,7065.0,3.0,433.0
2024-01-13,35958.0,39843.0,6615.0,1.0,432.0
2024-01-14,42568.0,41508.0,6746.0,1.0,1842.0
2024-01-15,60309.0,48916.0,8498.0,0.0,834.0
2024-01-16,160537.0,130207.0,12536.0,4.0,613.0
2024-01-17,89333.0,78264.0,13749.0,1.0,583.0
2024-01-18,60652.0,55728.0,10805.0,2.0,456.0
2024-01-19,48689.0,57060.0,9713.0,1.0,393.0
2024-01-20,42903.0,47035.0,8990.0,1.0,367.0
2024-01-21,67854.0,58224.0,10406.0,7.0,421.0
2024-01-22,86869.0,68210.0,12355.0,1.0,464.0
2024-01-23,70369.0,60329.0,13727.0,1.0,561.0
2024-01-24,108929.0,99105.0,14695.0,1.0,981.0
2024-01-25,57741.0,55837.0,13682.0,1.0,647.0
2024-01-26,45338.0,52480.0,10926.0,4.0,522.0
2024-01-27,40471.0,58141.0,8717.0,1.0,430.0
2024-01-28,41088.0,48026.0,8988.0,1.0,566.0
2024-01-29,41000.0,42313.0,9142.0,3.0,498.0
2024-01-30,37676.0,40726.0,8648.0,8.0,453.0
2024-01-31,34171.0,38290.0,8546.0,1.0,460.0
2024-02-01,32712.0,32379.0,8572.0,2.0,481.0
2024-02-02,30354.0,30847.0,9381.0,3.0,426.0
2024-02-03,29349.0,28926.0,12479.0,2.0,371.0
2024-02-04,40290.0,32899.0,9926.0,4.0,389.0
2024-02-05,33964.0,32973.0,8818.0,17.0,381.0
2024-02-06,34654.0,36821.0,9766.0,8.0,434.0
2024-02-07,40038.0,36924.0,9815.0,2.0,395.0
2024-02-08,39030.0,42382.0,10309.0,4.0,407.0
2024-02-09,49533.0,74241.0,18213.0,2.0,418.0
2024-02-10,34324.0,41732.0,15798.0,2.0,451.0
2024-02-11,40318.0,44728.0,14581.0,1.0,473.0
2024-02-12,41261.0,41070.0,14360.0,6.0,507.0
2024-02-13,39174.0,41675.0,15763.0,5.0,495.0
2024-02-14,34121.0,35149.0,12894.0,4.0,381.0
2024-02-15,29613.0,33086.0,11011.0,1.0,423.0
2024-02-16,28323.0,43015.0,12497.0,1.0,1255.0
2024-02-17,25021.0,47844.0,10925.0,5.0,902.0
2024-02-18,26265.0,40400.0,11349.0,5.0,1282.0
2024-02-19,30845.0,39147.0,10712.0,4.0,1244.0
2024-02-20,31267.0,37780.0,10997.0,2.0,621.0
2024-02-21,28984.0,39707.0,9933.0,1.0,614.0
2024-02-22,26856.0,33051.0,9768.0,2.0,673.0
2024-02-23,25600.0,33489.0,9412.0,5.0,465.0
2024-02-24,28706.0,35425.0,8276.0,0.0,406.0
2024-02-25,52050.0,62038.0,9690.0,4.0,421.0
2024-02-26,34825.0,37682.0,8977.0,1.0,539.0
2024-02-27,31611.0,35846.0,9042.0,2.0,458.0
2024-02-28,44788.0,46630.0,9976.0,0.0,447.0
2024-02-29,33726.0,35332.0,8903.0,5.0,469.0
2024-03-01,27066.0,30879.0,8103.0,1.0,386.0
2024-03-02,26770.0,29908.0,6762.0,1.0,338.0
2024-03-03,35289.0,40043.0,9189.0,4.0,386.0
2024-03-04,48232.0,55664.0,17188.0,1.0,394.0
2024-03-05,59005.0,62785.0,12813.0,1.0,395.0
2024-03-06,141173.0,101500.0,16070.0,0.0,842.0
2024-03-07,72989.0,56501.0,13430.0,7.0,554.0
2024-03-08,54222.0,58817.0,47012.0,2.0,457.0
2024-03-09,39862.0,38594.0,13424.0,2.0,408.0
2024-03-10,39798.0,44095.0,11424.0,5.0,603.0
2024-03-11,37351.0,35861.0,9739.0,1.0,518.0
2024-03-12,38868.0,36058.0,10269.0,3.0,477.0
2024-03-13,77737.0,57435.0,10104.0,0.0,772.0
2024-03-14,41566.0,34999.0,11461.0,1.0,693.0
2024-03-15,33225.0,30693.0,10179.0,1.0,1027.0
2024-03-16,30256.0,28012.0,8885.0,1.0,549.0
2024-03-17,33320.0,31956.0,8843.0,3.0,539.0
2024-03-18,37396.0,35543.0,9096.0,0.0,494.0
2024-03-19,35564.0,37887.0,8776.0,3.0,481.0
2024-03-20,39780.0,43130.0,8473.0,6.0,475.0
2024-03-21,28988.0,35570.0,7351.0,0.0,392.0
2024-03-22,26204.0,32360.0,8652.0,3.0,440.0
2024-03-23,24933.0,28217.0,8588.0,1.0,376.0
2024-03-24,26521.0,31077.0,10205.0,3.0,375.0
2024-03-25,27304.0,39694.0,9940.0,3.0,415.0
2024-03-26,32315.0,38659.0,8279.0,3.0,564.0
2024-03-27,32029.0,35140.0,8021.0,1.0,745.0
2024-03-28,28302.0,32873.0,7265.0,7.0,500.0
2024-03-29,25026.0,32097.0,11721.0,3.0,456.0
2024-03-30,22638.0,31220.0,11632.0,2.0,373.0
2024-03-31,23341.0,30826.0,6831.0,1.0,361.0
2024-04-01,24931.0,30845.0,6392.0,2.0,385.0
2024-04-02,27959.0,34180.0,6066.0,49.0,410.0
2024-04-03,30731.0,34489.0,6171.0,85.0,436.0
2024-04-04,26699.0,29085.0,6076.0,94.0,414.0
2024-04-05,24459.0,28684.0,6667.0,56.0,433.0
2024-04-06,21663.0,25281.0,6191.0,41.0,386.0
2024-04-07,22830.0,26720.0,5838.0,11.0,308.0
2024-04-08,25373.0,29894.0,5687.0,9.0,331.0
2024-04-09,24679.0,29180.0,5766.0,6.0,346.0
2024-04-10,26435.0,26374.0,7358.0,3.0,405.0
2024-04-11,26109.0,29302.0,6806.0,2.0,364.0
2024-04-12,23620.0,27425.0,7781.0,5.0,371.0
2024-04-13,21737.0,29613.0,6818.0,4.0,280.0
2024-04-14,25687.0,31484.0,6344.0,6.0,353.0
2024-04-15,25384.0,38862.0,5751.0,2.0,321.0
2024-04-16,23067.0,37283.0,6065.0,3.0,395.0
2024-04-17,22782.0,36968.0,5724.0,5.0,522.0
2024-04-18,22700.0,34165.0,5634.0,4.0,314.0
2024-04-19,22937.0,34303.0,6119.0,3.0,373.0
2024-04-20,20081.0,27535.0,5140.0,5.0,370.0
2024-04-21,20833.0,25848.0,5974.0,4.0,313.0
2024-04-22,23486.0,37218.0,6465.0,2.0,379.0
2024-04-23,22537.0,42026.0,6474.0,2.0,392.0
2024-04-24,24008.0,44786.0,6113.0,3.0,409.0
2024-04-25,23380.0,40756.0,6473.0,6.0,425.0
2024-04-26,21803.0,38609.0,6398.0,1.0,377.0
2024-04-27,19752.0,34103.0,5877.0,1.0,738.0
2024-04-28,23881.0,35425.0,8716.0,4.0,568.0
2024-04-29,25867.0,36289.0,10285.0,2.0,481.0
2024-04-30,23714.0,37453.0,10343.0,1.0,440.0
2024-05-01,23651.0,36550.0,8301.0,3.0,386.0
2024-05-02,24225.0,34526.0,8120.0,11.0,401.0
2024-05-03,22545.0,29846.0,7578.0,5.0,368.0
2024-05-04,19693.0,25832.0,9582.0,3.0,321.0
2024-05-05,20092.0,24890.0,6665.0,0.0,521.0
2024-05-06,22851.0,31197.0,6633.0,3.0,392.0
2024-05-07,22493.0,47314.0,6238.0,3.0,488.0
2024-05-08,22718.0,47034.0,6159.0,2.0,456.0
2024-05-09,22959.0,36565.0,6587.0,2.0,398.0
2024-05-10,21603.0,29872.0,5554.0,2.0,382.0
2024-05-11,18080.0,29829.0,4908.0,2.0,511.0
2024-05-12,19574.0,24188.0,5785.0,2.0,543.0
2024-05-13,23799.0,29499.0,6681.0,17.0,632.0
2024-05-14,23895.0,30934.0,9542.0,10.0,583.0
2024-05-15,27886.0,33970.0,8648.0,7.0,494.0
2024-05-16,24542.0,30402.0,7067.0,3.0,386.0
2024-05-17,20406.0,27833.0,6634.0,1.0,648.0
2024-05-18,18538.0,24454.0,5840.0,5.0,514.0
2024-05-19,18978.0,24536.0,6256.0,2.0,502.0
2024-05-20,21678.0,28252.0,6283.0,3.0,680.0
2024-05-21,23313.0,34023.0,6361.0,2.0,514.0
2024-05-22,25443.0,29514.0,6033.0,5.0,1531.0
2024-05-23,25094.0,30095.0,8110.0,3.0,839.0
2024-05-24,23452.0,28546.0,6797.0,5.0,502.0
2024-05-25,20663.0,23704.0,5690.0,3.0,445.0
2024-05-26,25389.0,24213.0,5432.0,4.0,765.0
2024-05-27,29855.0,25204.0,5775.0,1.0,521.0
2024-05-28,27286.0,30991.0,5896.0,2.0,476.0
2024-05-29,26999.0,36789.0,7089.0,2.0,473.0
2024-05-30,39427.0,289195.0,8826.0,4.0,396.0
2024-05-31,54682.0,497247.0,10043.0,5.0,643.0
2024-06-01,32683.0,131994.0,7730.0,1.0,436.0
2024-06-02,31500.0,88706.0,6988.0,2.0,393.0
2024-06-03,34935.0,67486.0,7181.0,4.0,457.0
2024-06-04,36611.0,52375.0,6689.0,3.0,488.0
2024-06-05,30718.0,45986.0,11959.0,6.0,442.0
2024-06-06,27576.0,49049.0,9520.0,23.0,409.0
2024-06-07,25254.0,48898.0,7777.0,7.0,394.0
2024-06-08,23098.0,36830.0,6867.0,4.0,355.0
2024-06-09,24764.0,38344.0,7129.0,2.0,359.0
2024-06-10,26373.0,38713.0,6741.0,6.0,420.0
2024-06-11,26962.0,40603.0,10865.0,5.0,382.0
2024-06-12,27119.0,35793.0,10576.0,0.0,332.0
2024-06-13,26397.0,36991.0,9732.0,4.0,349.0
2024-06-14,27934.0,67058.0,10199.0,6.0,365.0
2024-06-15,23843.0,45755.0,9380.0,6.0,330.0
2024-06-16,25122.0,33735.0,9372.0,5.0,341.0
2024-06-17,27880.0,31681.0,8975.0,21.0,411.0
2024-06-18,26550.0,28062.0,8109.0,5.0,405.0
2024-06-19,25299.0,27410.0,8080.0,4.0,374.0
2024-06-20,26348.0,34578.0,7110.0,5.0,762.0
2024-06-21,27128.0,33679.0,7367.0,7.0,515.0
2024-06-22,24795.0,24520.0,6608.0,3.0,477.0
2024-06-23,27328.0,26518.0,13793.0,13.0,494.0
2024-06-24,28508.0,25469.0,10290.0,13.0,554.0
2024-06-25,28461.0,25192.0,8152.0,12.0,613.0
2024-06-26,29297.0,26073.0,7269.0,29.0,667.0
2024-06-27,38383.0,42892.0,8780.0,12.0,542.0
2024-06-28,136650.0,218373.0,71133.0,30.0,3319.0
2024-06-29,69868.0,92469.0,41503.0,17.0,2359.0
2024-06-30,51372.0,69884.0,32301.0,15.0,1271.0
2024-07-01,50759.0,57585.0,30660.0,12.0,840.0
2024-07-02,49036.0,58220.0,36024.0,2.0,1484.0
2024-07-03,52891.0,59815.0,82018.0,17.0,2836.0
2024-07-04,52082.0,59005.0,82987.0,2.0,3688.0
2024-07-05,52703.0,51768.0,71157.0,0.0,1475.0
2024-07-06,43058.0,50058.0,48662.0,7.0,889.0
2024-07-07,39224.0,47495.0,51238.0,11.0,651.0
2024-07-08,41629.0,45268.0,48516.0,22.0,689.0
2024-07-09,38159.0,45042.0,46455.0,21.0,1414.0
2024-07-10,38298.0,47416.0,38008.0,25.0,1884.0
2024-07-11,39739.0,47203.0,61087.0,38.0,1241.0
2024-07-12,48507.0,56936.0,79423.0,36.0,820.0
2024-07-13,43570.0,148819.0,46792.0,39.0,619.0
2024-07-14,138873.0,792587.0,41293.0,44.0,606.0
2024-07-15,137836.0,370190.0,59981.0,2649.0,1450.0
2024-07-16,116928.0,285594.0,70743.0,1730.0,1001.0
2024-07-17,70665.0,215449.0,58660.0,590.0,1410.0
2024-07-18,71835.0,270917.0,120798.0,652.0,1894.0
2024-07-19,74922.0,395028.0,130796.0,256.0,5150.0
2024-07-20,52571.0,150975.0,91314.0,179.0,2201.0
2024-07-21,291866.0,222613.0,1501857.0,210.0,7527.0
2024-07-22,310736.0,239968.0,2532334.0,265.0,10846.0
2024-07-23,253884.0,164585.0,1588200.0,273.0,37155.0
2024-07-24,154212.0,117816.0,964676.0,388.0,55391.0
2024-07-25,120810.0,102699.0,745457.0,131154.0,36931.0
2024-07-26,98414.0,82343.0,594902.0,173182.0,39593.0
2024-07-27,79377.0,71517.0,392557.0,141882.0,39639.0
2024-07-28,72466.0,65033.0,307171.0,119210.0,64848.0
2024-07-29,69851.0,86642.0,247809.0,98980.0,60291.0
2024-07-30,65381.0,81951.0,235992.0,89476.0,87107.0
2024-07-31,64715.0,68933.0,451389.0,83652.0,57515.0
2024-08-01,59827.0,68679.0,667922.0,82538.0,32091.0
2024-08-02,73847.0,54355.0,349173.0,83225.0,52823.0
2024-08-03,63258.0,49456.0,252326.0,76733.0,65341.0
2024-08-04,52982.0,47667.0,224170.0,68058.0,109182.0
2024-08-05,61454.0,44435.0,185087.0,62303.0,261716.0
2024-08-06,166782.0,55258.0,323183.0,131748.0,3811244.0
2024-08-07,99290.0,56599.0,254752.0,227108.0,1539494.0
2024-08-08,69010.0,49930.0,169586.0,182509.0,503260.0
2024-08-09,58641.0,46795.0,153429.0,101474.0,236839.0
2024-08-10,52054.0,41850.0,151345.0,71885.0,159370.0
2024-08-11,50817.0,40921.0,125874.0,81319.0,117502.0
2024-08-12,51173.0,42984.0,110433.0,145324.0,104549.0
2024-08-13,53957.0,47668.0,113785.0,69360.0,85984.0
2024-08-14,50972.0,43539.0,100079.0,53458.0,78841.0
2024-08-15,48632.0,40135.0,95150.0,54253.0,63173.0
2024-08-16,46315.0,40243.0,106891.0,51997.0,53749.0
2024-08-17,42169.0,36631.0,106439.0,48156.0,51264.0
2024-08-18,44315.0,38693.0,115347.0,43622.0,54843.0
2024-08-19,50518.0,40795.0,124029.0,36646.0,51656.0
2024-08-20,63488.0,53184.0,258924.0,36565.0,97121.0
2024-08-21,72712.0,75699.0,400054.0,35615.0,108162.0
2024-08-22,66401.0,94590.0,281698.0,58913.0,573140.0
2024-08-23,89029.0,70788.0,831577.0,47407.0,209176.0
2024-08-24,68479.0,53725.0,213366.0,36514.0,86484.0
2024-08-25,56768.0,45950.0,140390.0,35919.0,54490.0
2024-08-26,56431.0,46531.0,110210.0,29910.0,40371.0
2024-08-27,51589.0,43682.0,97232.0,26202.0,32681.0
2024-08-28,45337.0,40202.0,88045.0,28440.0,35354.0
2024-08-29,42309.0,34738.0,89699.0,33851.0,30161.0
2024-08-30,40696.0,36134.0,118311.0,30300.0,45240.0
2024-08-31,35976.0,33721.0,78453.0,27579.0,33398.0
2024-09-01,36688.0,31921.0,69033.0,24440.0,27534.0
2024-09-02,38936.0,35153.0,66308.0,21921.0,26376.0
2024-09-03,40407.0,37238.0,74062.0,22306.0,22478.0
2024-09-04,37799.0,33508.0,65159.0,19728.0,30688.0
2024-09-05,39319.0,36022.0,59838.0,18249.0,28847.0
2024-09-06,40339.0,35591.0,59025.0,23999.0,20344.0
2024-09-07,36645.0,31595.0,58234.0,20720.0,20148.0
2024-09-08,39682.0,31319.0,61916.0,20919.0,17599.0
2024-09-09,44429.0,33876.0,66017.0,19294.0,16536.0
2024-09-10,51955.0,44801.0,99841.0,22555.0,18387.0
2024-09-11,127718.0,153881.0,560969.0,66671.0,53025.0
2024-09-12,76737.0,70317.0,214652.0,38574.0,25551.0
2024-09-13,62938.0,57213.0,151206.0,29762.0,21835.0
2024-09-14,47589.0,48585.0,123918.0,31801.0,19049.0
2024-09-15,53970.0,70565.0,113117.0,44192.0,20921.0
2024-09-16,55780.0,97637.0,91873.0,40888.0,18061.0
2024-09-17,64607.0,58489.0,80573.0,39264.0,17595.0
2024-09-18,57423.0,50547.0,81642.0,30954.0,15214.0
2024-09-19,50718.0,47675.0,72524.0,28067.0,18276.0
2024-09-20,46880.0,41604.0,80029.0,22739.0,15218.0
2024-09-21,43813.0,38568.0,80607.0,21682.0,15919.0
2024-09-22,45643.0,39932.0,89124.0,22100.0,17909.0
2024-09-23,49108.0,43182.0,88654.0,21059.0,12957.0
2024-09-24,46298.0,39748.0,74774.0,20429.0,12132.0
2024-09-25,45148.0,38729.0,80653.0,18202.0,12682.0
2024-09-26,43611.0,40284.0,74410.0,18165.0,11575.0
2024-09-27,40677.0,36572.0,61099.0,18337.0,10833.0
2024-09-28,36260.0,31231.0,60276.0,19615.0,13353.0
2024-09-29,39557.0,34052.0,70238.0,29705.0,24656.0
2024-09-30,46562.0,38997.0,66404.0,33799.0,25908.0
2024-10-01,48945.0,41136.0,64715.0,70901.0,49570.0
2024-10-02,64966.0,49420.0,76896.0,454796.0,272875.0
2024-10-03,50500.0,41332.0,61565.0,107849.0,54196.0
2024-10-04,48041.0,37720.0,56216.0,53659.0,23225.0
2024-10-05,44063.0,37477.0,56012.0,44060.0,15741.0
2024-10-06,51079.0,38894.0,54062.0,38781.0,16210.0
2024-10-07,58679.0,39062.0,62391.0,29927.0,14918.0
2024-10-08,58353.0,41091.0,70084.0,23264.0,17120.0
2024-10-09,57144.0,40333.0,64012.0,21148.0,13566.0
2024-10-10,54113.0,41679.0,54313.0,18748.0,10971.0
2024-10-11,54640.0,43569.0,59698.0,18681.0,12757.0
2024-10-12,48958.0,40265.0,56761.0,22812.0,14255.0
2024-10-13,55974.0,44212.0,66406.0,28670.0,18454.0
2024-10-14,64853.0,48279.0,63088.0,25247.0,19220.0
2024-10-15,70334.0,48083.0,64473.0,22145.0,15597.0
2024-10-16,75906.0,50396.0,71101.0,21141.0,13409.0
2024-10-17,74894.0,47426.0,80001.0,22062.0,13572.0
2024-10-18,73860.0,53289.0,77667.0,19669.0,12664.0
2024-10-19,67762.0,49958.0,72127.0,19644.0,11786.0
2024-10-20,77699.0,54485.0,112920.0,19873.0,12887.0
2024-10-21,101719.0,65384.0,115186.0,21284.0,16090.0
2024-10-22,102724.0,60059.0,91897.0,24658.0,18880.0
2024-10-23,102611.0,62502.0,88660.0,28648.0,18768.0
2024-10-24,99437.0,65187.0,108356.0,26393.0,15783.0
2024-10-25,106089.0,64123.0,105641.0,28754.0,14797.0
2024-10-26,100083.0,77981.0,93794.0,27422.0,13177.0
2024-10-27,114939.0,89646.0,96613.0,38856.0,16096.0
2024-10-28,155993.0,104098.0,114514.0,38045.0,23782.0
2024-10-29,167971.0,107804.0,126497.0,36194.0,32334.0
2024-10-30,174627.0,97309.0,137875.0,34609.0,24175.0
2024-10-31,178650.0,86510.0,117465.0,57526.0,20448.0
2024-11-01,211579.0,91800.0,122251.0,77822.0,21891.0
2024-11-02,225216.0,98474.0,132792.0,57539.0,22181.0
2024-11-03,339855.0,118532.0,205592.0,56036.0,32173.0
2024-11-04,584016.0,168732.0,278609.0,71669.0,40889.0
2024-11-05,1204578.0,351767.0,628644.0,119812.0,75476.0
2024-11-06,4260085.0,2782082.0,1485955.0,1021207.0,225994.0
2024-11-07,1270641.0,948895.0,441306.0,494276.0,68477.0
2024-11-08,765872.0,515630.0,197926.0,273332.0,45963.0
2024-11-09,576184.0,358773.0,136459.0,191815.0,36077.0
2024-11-10,578660.0,306483.0,120267.0,168608.0,25508.0
2024-11-11,409924.0,254061.0,93056.0,131088.0,18979.0
2024-11-12,339196.0,227182.0,71667.0,103782.0,17181.0
2024-11-13,278936.0,217703.0,60308.0,95666.0,14805.0
2024-11-14,235413.0,184443.0,52432.0,73660.0,11718.0
2024-11-15,205229.0,151978.0,42672.0,56997.0,11540.0
2024-11-16,185592.0,126257.0,34072.0,50110.0,7753.0
2024-11-17,176994.0,125335.0,33196.0,50946.0,7400.0
2024-11-18,176035.0,116289.0,30425.0,40611.0,6756.0
2024-11-19,178740.0,106566.0,27531.0,34405.0,6232.0
2024-11-20,167828.0,106988.0,25398.0,34868.0,5511.0
2024-11-21,153200.0,94043.0,23379.0,31389.0,5317.0
2024-11-22,154677.0,87300.0,22309.0,27501.0,5143.0
2024-11-23,143306.0,80103.0,20452.0,27124.0,4892.0
2024-11-24,134493.0,74111.0,21055.0,25893.0,4738.0
2024-11-25,130605.0,72854.0,20512.0,24250.0,6331.0
2024-11-26,125419.0,73226.0,19854.0,20195.0,4482.0
2024-11-27,128335.0,69587.0,20936.0,20415.0,4691.0
2024-11-28,112798.0,61216.0,19139.0,19485.0,4260.0
2024-11-29,103361.0,58639.0,17193.0,20353.0,4114.0
2024-11-30,95486.0,57385.0,15243.0,19279.0,3611.0
2024-12-01,91119.0,61078.0,15510.0,19653.0,3547.0
2024-12-02,98823.0,65403.0,15712.0,17757.0,3451.0
2024-12-03,100617.0,57055.0,15004.0,16223.0,3546.0
2024-12-04,101039.0,52550.0,13879.0,15046.0,3861.0
2024-12-05,85939.0,51787.0,13908.0,14134.0,4035.0
2024-12-06,77589.0,52997.0,12764.0,13586.0,5235.0
2024-12-07,69525.0,52111.0,11219.0,14096.0,4658.0
2024-12-08,65749.0,53631.0,11016.0,14215.0,4089.0
2024-12-09,68238.0,55449.0,11307.0,13414.0,3895.0
2024-12-10,63900.0,50766.0,10310.0,11843.0,4805.0
2024-12-11,60969.0,49807.0,10360.0,11673.0,3901.0
2024-12-12,61808.0,55364.0,10510.0,12874.0,3175.0
2024-12-13,58664.0,48960.0,9798.0,12930.0,3030.0
2024-12-14,57301.0,46649.0,9271.0,18792.0,2893.0
2024-12-15,55581.0,45409.0,10066.0,16312.0,3178.0
2024-12-16,59296.0,45807.0,10739.0,13982.0,3205.0
2024-12-17,63893.0,44976.0,10181.0,12287.0,2750.0
2024-12-18,67930.0,44187.0,10249.0,12446.0,2462.0
2024-12-19,56143.0,43056.0,9333.0,12547.0,2410.0
2024-12-20,51302.0,42756.0,9334.0,12121.0,2277.0
2024-12-21,47371.0,39287.0,8807.0,12292.0,2309.0
2024-12-22,46215.0,41664.0,8458.0,12636.0,2576.0
2024-12-23,46643.0,43065.0,8858.0,11919.0,2566.0
2024-12-24,43011.0,43233.0,8565.0,11144.0,2241.0
2024-12-25,39260.0,41821.0,8245.0,12316.0,2068.0
2024-12-26,41954.0,42101.0,9171.0,13894.0,1944.0
2024-12-27,42596.0,41830.0,10024.0,14652.0,2331.0
2024-12-28,40187.0,40635.0,8974.0,15466.0,2203.0
2024-12-29,43186.0,62514.0,10440.0,16283.0,2572.0
2024-12-30,49362.0,85186.0,13539.0,18657.0,2880.0
2024-12-31,44772.0,54855.0,10508.0,15581.0,2784.0
2025-01-01,42790.0,56135.0,10411.0,16913.0,2294.0
2025-01-02,43769.0,57701.0,10140.0,16936.0,2330.0
2025-01-03,43700.0,53681.0,11112.0,21960.0,2209.0
2025-01-04,41063.0,56332.0,11601.0,20906.0,2366.0
2025-01-05,40400.0,52392.0,10733.0,17660.0,2224.0
2025-01-06,64790.0,63994.0,15841.0,22319.0,2915.0
2025-01-07,55215.0,75404.0,19097.0,20139.0,2533.0
2025-01-08,45920.0,77273.0,14094.0,17831.0,2367.0
2025-01-09,43127.0,95413.0,19648.0,22107.0,2568.0
2025-01-10,43503.0,103115.0,19294.0,30498.0,2443.0
2025-01-11,37963.0,74182.0,15234.0,24945.0,2249.0
2025-01-12,36860.0,64432.0,15042.0,24055.0,2408.0
2025-01-13,38529.0,64252.0,13089.0,21525.0,2506.0
2025-01-14,38104.0,66900.0,12697.0,20248.0,2872.0
2025-01-15,38884.0,71144.0,14304.0,24720.0,3109.0
2025-01-16,53158.0,201555.0,18977.0,57730.0,3192.0
2025-01-17,49093.0,171536.0,18758.0,56543.0,3385.0
2025-01-18,43944.0,131639.0,15602.0,43654.0,3347.0
2025-01-19,53528.0,206717.0,20071.0,66715.0,3318.0
2025-01-20,113167.0,1415168.0,127759.0,990169.0,6104.0
2025-01-21,88338.0,897577.0,69715.0,547122.0,5925.0
2025-01-22,85511.0,468063.0,41529.0,267787.0,5581.0
2025-01-23,81534.0,356089.0,34619.0,178523.0,5250.0
2025-01-24,71370.0,282489.0,31547.0,120447.0,4394.0
2025-01-25,64216.0,242863.0,27016.0,133966.0,4313.0
2025-01-26,59080.0,203480.0,21552.0,109459.0,4081.0
2025-01-27,53892.0,171106.0,20806.0,83611.0,3562.0
2025-01-28,57552.0,167706.0,19379.0,68847.0,3704.0
2025-01-29,57127.0,148621.0,17887.0,58148.0,6814.0
2025-01-30,48479.0,138898.0,16225.0,59495.0,4724.0
2025-01-31,45422.0,125065.0,16742.0,53449.0,3946.0
2025-02-01,45118.0,118275.0,14650.0,49199.0,4237.0
2025-02-02,51590.0,121698.0,14912.0,50649.0,4530.0
2025-02-03,49029.0,121146.0,14268.0,43111.0,3624.0
