date,2022_FIFA_World_Cup_final,Lionel_Messi,Kylian_Mbappé,Argentina_national_football_team,France_national_football_team
2021-07-24,0.0,30711.0,6451.0,5304.0,3781.0
2021-07-25,0.0,29116.0,6201.0,6158.0,4793.0
2021-07-26,0.0,26974.0,6020.0,5075.0,4782.0
2021-07-27,0.0,25575.0,5891.0,4586.0,4982.0
2021-07-28,0.0,25269.0,5854.0,5275.0,5287.0
2021-07-29,0.0,22922.0,5425.0,4445.0,3530.0
2021-07-30,0.0,22157.0,5312.0,4397.0,3222.0
2021-07-31,0.0,22652.0,4954.0,4119.0,2856.0
2021-08-01,0.0,22966.0,5081.0,3983.0,2784.0
2021-08-02,0.0,22653.0,5487.0,4449.0,2992.0
2021-08-03,0.0,24868.0,5754.0,4141.0,2597.0
2021-08-04,0.0,23266.0,5355.0,3983.0,2561.0
2021-08-05,0.0,224692.0,7723.0,5249.0,2660.0
2021-08-06,0.0,297296.0,13588.0,6753.0,3019.0
2021-08-07,0.0,180246.0,14118.0,7141.0,3470.0
2021-08-08,0.0,351325.0,14624.0,8252.0,3413.0
2021-08-09,0.0,239648.0,12704.0,6021.0,3471.0
2021-08-10,0.0,470414.0,27202.0,7938.0,4065.0
2021-08-11,0.0,334695.0,37294.0,8225.0,4170.0
2021-08-12,0.0,133645.0,25307.0,5568.0,3592.0
2021-08-13,0.0,88014.0,18533.0,5525.0,3647.0
2021-08-14,0.0,75259.0,18484.0,5146.0,3821.0
2021-08-15,0.0,66440.0,15936.0,4847.0,3768.0
2021-08-16,0.0,47255.0,16307.0,3933.0,3233.0
2021-08-17,0.0,40768.0,14118.0,3744.0,3395.0
2021-08-18,0.0,35992.0,9844.0,3743.0,3169.0
2021-08-19,0.0,34559.0,9741.0,3828.0,2873.0
2021-08-20,0.0,33182.0,12570.0,3714.0,3141.0
2021-08-21,0.0,32079.0,11538.0,3659.0,2720.0
2021-08-22,0.0,31311.0,9029.0,3924.0,2937.0
2021-08-23,0.0,28494.0,9177.0,5045.0,3224.0
2021-08-24,0.0,27156.0,22717.0,4778.0,3255.0
2021-08-25,0.0,28757.0,48090.0,4088.0,3706.0
2021-08-26,0.0,34682.0,37188.0,3863.0,6778.0
2021-08-27,0.0,74874.0,49318.0,4309.0,5708.0
2021-08-28,0.0,61121.0,27079.0,4691.0,4730.0
2021-08-29,0.0,58891.0,29256.0,4766.0,5693.0
2021-08-30,0.0,47165.0,29201.0,5480.0,6643.0
2021-08-31,0.0,41461.0,27908.0,5552.0,8633.0
2021-09-01,0.0,52849.0,21451.0,6816.0,12600.0
2021-09-02,0.0,58926.0,13569.0,9133.0,8252.0
2021-09-03,0.0,38531.0,9537.0,11931.0,5187.0
2021-09-04,0.0,27911.0,9118.0,5699.0,8457.0
2021-09-05,0.0,31976.0,8515.0,11965.0,6497.0
2021-09-06,0.0,26768.0,6845.0,8859.0,5486.0
2021-09-07,0.0,24632.0,8416.0,5326.0,9699.0
2021-09-08,0.0,24299.0,8575.0,4676.0,8853.0
2021-09-09,0.0,25807.0,6896.0,5892.0,4665.0
2021-09-10,0.0,97672.0,7182.0,18842.0,3758.0
2021-09-11,0.0,58160.0,9540.0,5398.0,3591.0
2021-09-12,0.0,49127.0,9688.0,4144.0,3546.0
2021-09-13,0.0,45337.0,8052.0,3264.0,3372.0
2021-09-14,0.0,53629.0,7681.0,3182.0,2960.0
2021-09-15,0.0,48862.0,10349.0,2825.0,2962.0
2021-09-16,0.0,33648.0,7676.0,2631.0,2768.0
2021-09-17,0.0,22926.0,5671.0,2512.0,2579.0
2021-09-18,0.0,22792.0,5643.0,2611.0,2526.0
2021-09-19,0.0,49058.0,8492.0,2759.0,3019.0
2021-09-20,0.0,50105.0,8555.0,2596.0,2571.0
2021-09-21,0.0,29838.0,7368.0,2561.0,2461.0
2021-09-22,0.0,27052.0,6736.0,2695.0,2777.0
2021-09-23,0.0,25224.0,6783.0,2332.0,2756.0
2021-09-24,0.0,21250.0,6179.0,2366.0,2575.0
2021-09-25,0.0,21616.0,6186.0,3134.0,2415.0
2021-09-26,0.0,22950.0,6508.0,3097.0,2603.0
2021-09-27,0.0,24274.0,6190.0,3285.0,2745.0
2021-09-28,0.0,51323.0,12852.0,4157.0,2971.0
2021-09-29,0.0,55184.0,11670.0,3439.0,3082.0
2021-09-30,0.0,31746.0,7368.0,3243.0,4990.0
2021-10-01,0.0,22545.0,6238.0,3020.0,4232.0
2021-10-02,0.0,22473.0,6641.0,3209.0,3841.0
2021-10-03,0.0,25761.0,8012.0,3402.0,3904.0
2021-10-04,0.0,21327.0,10731.0,3753.0,4812.0
2021-10-05,0.0,21495.0,12625.0,4016.0,6042.0
2021-10-06,0.0,21555.0,10713.0,4426.0,6522.0
2021-10-07,0.0,26348.0,16977.0,6438.0,15314.0
2021-10-08,0.0,25663.0,12703.0,7090.0,10187.0
2021-10-09,0.0,21179.0,8888.0,4071.0,5704.0
2021-10-10,0.0,20581.0,24310.0,5615.0,25257.0
2021-10-11,0.0,39706.0,18902.0,14398.0,19975.0
2021-10-12,0.0,30620.0,8952.0,6405.0,8111.0
2021-10-13,0.0,29674.0,7465.0,5540.0,6258.0
2021-10-14,0.0,23408.0,6857.0,6202.0,4812.0
2021-10-15,0.0,25822.0,7580.0,9622.0,4087.0
2021-10-16,0.0,29071.0,8568.0,4032.0,3891.0
2021-10-17,0.0,28663.0,6687.0,3488.0,3955.0
2021-10-18,0.0,26588.0,5725.0,3050.0,3256.0
2021-10-19,0.0,37268.0,9285.0,3053.0,3459.0
2021-10-20,0.0,49865.0,9362.0,3033.0,3158.0
2021-10-21,0.0,29638.0,6328.0,2787.0,2764.0
2021-10-22,0.0,26797.0,5742.0,2615.0,2722.0
2021-10-23,0.0,28026.0,5555.0,2609.0,2663.0
2021-10-24,0.0,32893.0,6782.0,2889.0,3063.0
2021-10-25,0.0,26495.0,5466.0,2480.0,2941.0
2021-10-26,0.0,21000.0,5257.0,2372.0,2948.0
2021-10-27,0.0,23411.0,4982.0,2433.0,2979.0
2021-10-28,0.0,29903.0,4678.0,2443.0,2791.0
2021-10-29,0.0,32916.0,5391.0,3217.0,2707.0
2021-10-30,0.0,37809.0,5441.0,3683.0,2697.0
2021-10-31,0.0,31953.0,5395.0,3610.0,2580.0
2021-11-01,0.0,30202.0,5061.0,3290.0,2553.0
2021-11-02,0.0,32178.0,5539.0,3465.0,2765.0
2021-11-03,0.0,35533.0,6307.0,3670.0,3148.0
2021-11-04,0.0,23394.0,5146.0,4974.0,4050.0
2021-11-05,0.0,21261.0,4164.0,3760.0,4004.0
2021-11-06,0.0,24028.0,5420.0,3456.0,3448.0
2021-11-07,0.0,20390.0,5477.0,3633.0,3577.0
2021-11-08,0.0,18925.0,4202.0,4200.0,4015.0
2021-11-09,0.0,17856.0,4058.0,4351.0,4740.0
2021-11-10,0.0,18318.0,4080.0,4416.0,4128.0
2021-11-11,0.0,18843.0,3911.0,4580.0,3757.0
2021-11-12,0.0,19413.0,3873.0,7409.0,4022.0
2021-11-13,0.0,20054.0,20181.0,8703.0,13172.0
2021-11-14,0.0,17674.0,30108.0,5457.0,15900.0
2021-11-15,0.0,18061.0,8853.0,6522.0,7179.0
2021-11-16,0.0,19611.0,10146.0,7643.0,9499.0
2021-11-17,0.0,22985.0,11349.0,12374.0,8075.0
2021-11-18,0.0,19108.0,6359.0,5277.0,4093.0
2021-11-19,0.0,17475.0,5658.0,4078.0,4181.0
2021-11-20,0.0,31837.0,6690.0,4277.0,3634.0
2021-11-21,0.0,32596.0,6251.0,4184.0,4054.0
2021-11-22,0.0,25226.0,5814.0,3774.0,3652.0
2021-11-23,0.0,26632.0,5818.0,3842.0,3173.0
2021-11-24,0.0,33449.0,12896.0,3151.0,3949.0
2021-11-25,0.0,23181.0,8536.0,3201.0,2830.0
2021-11-26,0.0,18875.0,5117.0,3225.0,2585.0
2021-11-27,0.0,19617.0,5717.0,3228.0,2626.0
2021-11-28,0.0,29385.0,6544.0,2977.0,2676.0
2021-11-29,0.0,100642.0,10112.0,4349.0,3509.0
2021-11-30,0.0,108174.0,9278.0,5001.0,2976.0
2021-12-01,0.0,44710.0,7170.0,3552.0,2779.0
2021-12-02,0.0,46983.0,7017.0,3233.0,2700.0
2021-12-03,0.0,59322.0,6488.0,2989.0,2400.0
2021-12-04,0.0,35378.0,6206.0,2999.0,2577.0
2021-12-05,0.0,29312.0,5675.0,2867.0,2325.0
2021-12-06,0.0,23999.0,5371.0,2680.0,2279.0
2021-12-07,0.0,46965.0,12426.0,2934.0,2570.0
2021-12-08,0.0,40646.0,11890.0,3341.0,2435.0
2021-12-09,0.0,25830.0,6406.0,2658.0,2333.0
2021-12-10,0.0,19811.0,5969.0,2525.0,2291.0
2021-12-11,0.0,21167.0,5899.0,2721.0,2341.0
2021-12-12,0.0,23833.0,11651.0,2731.0,2589.0
2021-12-13,0.0,25101.0,15174.0,2792.0,2398.0
2021-12-14,0.0,20385.0,8426.0,2860.0,2294.0
2021-12-15,0.0,20985.0,6451.0,6364.0,2221.0
2021-12-16,0.0,17767.0,5968.0,4171.0,2507.0
2021-12-17,0.0,16222.0,5275.0,3057.0,2570.0
2021-12-18,0.0,18060.0,5207.0,2896.0,2309.0
2021-12-19,0.0,16905.0,6524.0,2727.0,2365.0
2021-12-20,0.0,15784.0,13581.0,2496.0,2264.0
2021-12-21,0.0,15992.0,9546.0,2604.0,2226.0
2021-12-22,0.0,17735.0,6949.0,2486.0,2672.0
2021-12-23,0.0,18214.0,5706.0,2461.0,2564.0
2021-12-24,0.0,14831.0,5276.0,2108.0,2177.0
2021-12-25,0.0,14390.0,5176.0,2199.0,2187.0
2021-12-26,0.0,15264.0,5537.0,2503.0,2264.0
2021-12-27,0.0,16645.0,6721.0,2381.0,2442.0
2021-12-28,0.0,16581.0,8178.0,2396.0,2580.0
2021-12-29,0.0,16519.0,8590.0,2338.0,2387.0
2021-12-30,0.0,17003.0,6785.0,2500.0,2699.0
2021-12-31,0.0,16079.0,5638.0,2210.0,2113.0
2022-01-01,0.0,14323.0,6035.0,2588.0,2481.0
2022-01-02,0.0,20526.0,6054.0,2975.0,2842.0
2022-01-03,0.0,18471.0,8802.0,2522.0,2632.0
2022-01-04,0.0,15607.0,13756.0,2364.0,2757.0
2022-01-05,0.0,14699.0,8026.0,2511.0,2780.0
2022-01-06,0.0,14462.0,6137.0,2523.0,2926.0
2022-01-07,0.0,15342.0,6159.0,2466.0,2945.0
2022-01-08,0.0,16126.0,6099.0,2477.0,2972.0
2022-01-09,0.0,17146.0,7194.0,2755.0,3178.0
2022-01-10,0.0,16358.0,6004.0,2791.0,2990.0
2022-01-11,0.0,15255.0,6290.0,2730.0,2653.0
2022-01-12,0.0,17926.0,5740.0,2865.0,2923.0
2022-01-13,0.0,16242.0,5435.0,2904.0,3037.0
2022-01-14,0.0,14311.0,5413.0,2876.0,2687.0
2022-01-15,0.0,16775.0,7606.0,2813.0,2601.0
2022-01-16,0.0,17869.0,7718.0,3007.0,2756.0
2022-01-17,0.0,20223.0,7335.0,2790.0,2639.0
2022-01-18,0.0,21203.0,6691.0,2950.0,2616.0
2022-01-19,0.0,17816.0,5804.0,3692.0,2484.0
2022-01-20,0.0,17538.0,5781.0,3109.0,2960.0
2022-01-21,0.0,15312.0,5446.0,3539.0,2922.0
2022-01-22,0.0,17778.0,5191.0,3554.0,2941.0
2022-01-23,0.0,21777.0,5878.0,3401.0,3231.0
2022-01-24,0.0,22516.0,5280.0,3689.0,2771.0
2022-01-25,0.0,18499.0,5728.0,4156.0,3073.0
2022-01-26,0.0,18858.0,6487.0,4730.0,3252.0
2022-01-27,0.0,20155.0,5678.0,6647.0,2995.0
2022-01-28,0.0,21897.0,5569.0,10546.0,3245.0
2022-01-29,0.0,20854.0,5763.0,4932.0,2954.0
2022-01-30,0.0,22380.0,6284.0,4031.0,3273.0
2022-01-31,0.0,25313.0,19644.0,4395.0,3507.0
2022-02-01,0.0,26284.0,20070.0,5150.0,3263.0
2022-02-02,0.0,23213.0,12845.0,9720.0,3317.0
2022-02-03,0.0,19738.0,11178.0,4608.0,3324.0
2022-02-04,0.0,19993.0,8231.0,3460.0,3085.0
2022-02-05,0.0,21874.0,7246.0,3052.0,3207.0
2022-02-06,0.0,29951.0,9269.0,3095.0,4161.0
2022-02-07,0.0,31488.0,8590.0,2906.0,3445.0
2022-02-08,0.0,21396.0,6442.0,2616.0,3165.0
2022-02-09,0.0,19624.0,6026.0,2493.0,3139.0
2022-02-10,0.0,18410.0,5969.0,2625.0,3150.0
2022-02-11,0.0,19364.0,7297.0,2586.0,2758.0
2022-02-12,0.0,21935.0,9367.0,2523.0,2901.0
2022-02-13,0.0,20817.0,6383.0,2397.0,3027.0
2022-02-14,0.0,18490.0,5633.0,2375.0,2592.0
2022-02-15,0.0,34868.0,30781.0,2678.0,3087.0
2022-02-16,0.0,29418.0,32166.0,5528.0,3087.0
2022-02-17,0.0,19684.0,15761.0,4716.0,2757.0
2022-02-18,0.0,16956.0,12477.0,2875.0,2599.0
2022-02-19,0.0,18932.0,11204.0,2671.0,2680.0
2022-02-20,0.0,22332.0,9379.0,2674.0,2807.0
2022-02-21,0.0,18761.0,8260.0,2560.0,2413.0
2022-02-22,0.0,17258.0,8053.0,2680.0,2597.0
2022-02-23,0.0,17443.0,7377.0,2712.0,2893.0
2022-02-24,0.0,13623.0,5513.0,2039.0,2238.0
2022-02-25,0.0,12311.0,4869.0,1932.0,2326.0
2022-02-26,0.0,18698.0,8918.0,2337.0,2213.0
2022-02-27,0.0,20487.0,13897.0,2678.0,2530.0
2022-02-28,0.0,16014.0,7735.0,2414.0,2251.0
2022-03-01,0.0,14021.0,7106.0,2652.0,2188.0
2022-03-02,0.0,14397.0,7032.0,3229.0,2114.0
2022-03-03,0.0,14289.0,5898.0,2232.0,1968.0
2022-03-04,0.0,13247.0,4903.0,2020.0,2087.0
2022-03-05,0.0,15062.0,5648.0,2396.0,2019.0
2022-03-06,0.0,17912.0,5595.0,2361.0,2471.0
2022-03-07,0.0,15441.0,5830.0,3903.0,2632.0
2022-03-08,0.0,16826.0,7016.0,3226.0,2446.0
2022-03-09,0.0,35116.0,34608.0,3032.0,3810.0
2022-03-10,0.0,31665.0,22806.0,2795.0,5320.0
2022-03-11,0.0,17996.0,10426.0,2569.0,2897.0
2022-03-12,0.0,34696.0,11164.0,2718.0,2799.0
2022-03-13,0.0,48840.0,15501.0,2883.0,2696.0
2022-03-14,0.0,30339.0,10618.0,2378.0,2779.0
2022-03-15,0.0,24560.0,9435.0,2925.0,3539.0
2022-03-16,0.0,18770.0,7569.0,2627.0,3156.0
2022-03-17,0.0,16904.0,6601.0,2648.0,7359.0
2022-03-18,0.0,16033.0,6055.0,3895.0,6233.0
2022-03-19,0.0,16873.0,6124.0,3968.0,5609.0
2022-03-20,0.0,24019.0,8124.0,3877.0,5340.0
2022-03-21,0.0,19093.0,5895.0,4388.0,5647.0
2022-03-22,0.0,17319.0,5903.0,5205.0,5973.0
2022-03-23,0.0,15299.0,6093.0,4978.0,5787.0
2022-03-24,0.0,16245.0,5886.0,6405.0,6411.0
2022-03-25,0.0,16574.0,7080.0,9778.0,12041.0
2022-03-26,0.0,31227.0,6442.0,16072.0,10783.0
2022-03-27,0.0,17648.0,5434.0,6587.0,6268.0
2022-03-28,0.0,16052.0,5112.0,6520.0,5803.0
2022-03-29,0.0,19325.0,12344.0,8329.0,12327.0
2022-03-30,0.0,20506.0,15425.0,12437.0,13123.0
2022-03-31,0.0,16551.0,8455.0,8170.0,8025.0
2022-04-01,0.0,17083.0,7603.0,13399.0,10727.0
2022-04-02,0.0,16406.0,6920.0,10387.0,8370.0
2022-04-03,0.0,22301.0,10182.0,6725.0,5670.0
2022-04-04,0.0,23266.0,14087.0,5567.0,4988.0
2022-04-05,0.0,17727.0,10150.0,4911.0,5233.0
2022-04-06,0.0,18351.0,8451.0,4816.0,5651.0
2022-04-07,0.0,18223.0,7269.0,4335.0,6142.0
2022-04-08,0.0,15419.0,6720.0,3686.0,4262.0
2022-04-09,0.0,20638.0,11662.0,3587.0,4025.0
2022-04-10,0.0,23357.0,13110.0,3316.0,3827.0
2022-04-11,0.0,17793.0,7809.0,3133.0,3229.0
2022-04-12,0.0,17564.0,7947.0,3452.0,4540.0
2022-04-13,0.0,17177.0,6412.0,4019.0,4437.0
2022-04-14,0.0,19454.0,5757.0,3734.0,4423.0
2022-04-15,0.0,15144.0,5226.0,3225.0,3559.0
2022-04-16,0.0,23838.0,5966.0,3648.0,3782.0
2022-04-17,0.0,29103.0,8302.0,4004.0,4019.0
2022-04-18,0.0,27280.0,7783.0,3232.0,3663.0
2022-04-19,0.0,25274.0,6765.0,3359.0,3270.0
2022-04-20,0.0,20728.0,7237.0,3816.0,3165.0
2022-04-21,0.0,18531.0,7188.0,3565.0,3009.0
2022-04-22,0.0,16919.0,6917.0,3273.0,3008.0
2022-04-23,0.0,32675.0,8538.0,3388.0,3337.0
2022-04-24,0.0,38715.0,8930.0,3536.0,3459.0
2022-04-25,0.0,24624.0,6859.0,3146.0,3748.0
2022-04-26,0.0,22459.0,7381.0,3435.0,4381.0
2022-04-27,0.0,21113.0,7429.0,3957.0,4382.0
2022-04-28,0.0,20667.0,6913.0,3404.0,3604.0
2022-04-29,0.0,22334.0,9071.0,3052.0,3088.0
2022-04-30,0.0,20652.0,10419.0,2875.0,2980.0
2022-05-01,0.0,20066.0,7132.0,2996.0,2890.0
2022-05-02,0.0,20623.0,6736.0,2807.0,3074.0
2022-05-03,0.0,21109.0,6452.0,3772.0,3054.0
2022-05-04,0.0,22327.0,7691.0,3696.0,4501.0
2022-05-05,0.0,20470.0,10274.0,3358.0,5036.0
2022-05-06,0.0,17290.0,9728.0,3095.0,3669.0
2022-05-07,0.0,17944.0,6996.0,3054.0,3641.0
2022-05-08,0.0,19054.0,6667.0,2882.0,3295.0
2022-05-09,0.0,18093.0,8905.0,2854.0,3140.0
2022-05-10,0.0,18535.0,10090.0,3035.0,3257.0
2022-05-11,0.0,17554.0,8230.0,3381.0,2866.0
2022-05-12,0.0,18795.0,7239.0,3485.0,3058.0
2022-05-13,0.0,17484.0,6483.0,3432.0,3024.0
2022-05-14,0.0,26668.0,7787.0,4200.0,3315.0
2022-05-15,0.0,33302.0,9833.0,3735.0,3474.0
2022-05-16,0.0,24030.0,15979.0,3688.0,4007.0
2022-05-17,0.0,26735.0,19594.0,3941.0,3454.0
2022-05-18,0.0,22626.0,12965.0,3565.0,3329.0
2022-05-19,0.0,18132.0,12285.0,3516.0,5224.0
2022-05-20,0.0,17106.0,20274.0,3998.0,4540.0
2022-05-21,0.0,24309.0,69095.0,4016.0,4665.0
2022-05-22,0.0,30262.0,68599.0,4464.0,5640.0
2022-05-23,0.0,23664.0,41114.0,3977.0,6245.0
2022-05-24,0.0,20366.0,30764.0,4482.0,6377.0
2022-05-25,0.0,19396.0,19938.0,4509.0,5347.0
2022-05-26,0.0,17703.0,14226.0,5167.0,4956.0
2022-05-27,0.0,17034.0,14930.0,4458.0,4447.0
2022-05-28,0.0,32261.0,20068.0,4871.0,8530.0
2022-05-29,0.0,27606.0,15225.0,5491.0,6843.0
2022-05-30,0.0,22058.0,12045.0,6666.0,6395.0
2022-05-31,0.0,22307.0,10838.0,9129.0,7612.0
2022-06-01,0.0,48180.0,9795.0,32607.0,8019.0
2022-06-02,0.0,62152.0,9988.0,31783.0,9001.0
2022-06-03,0.0,26668.0,10625.0,13421.0,13672.0
2022-06-04,0.0,22588.0,8734.0,11669.0,11301.0
2022-06-05,0.0,83982.0,8923.0,26324.0,8620.0
2022-06-06,0.0,86203.0,9825.0,24053.0,12366.0
2022-06-07,0.0,28943.0,8792.0,10572.0,9926.0
2022-06-08,0.0,22982.0,7772.0,8198.0,7138.0
2022-06-09,0.0,21819.0,7558.0,7155.0,6538.0
2022-06-10,0.0,20045.0,10302.0,6538.0,9444.0
2022-06-11,0.0,18562.0,10437.0,7311.0,9230.0
2022-06-12,0.0,19431.0,8368.0,6333.0,6802.0
2022-06-13,0.0,20454.0,11974.0,6341.0,10452.0
2022-06-14,0.0,18493.0,8419.0,6647.0,10174.0
2022-06-15,0.0,17891.0,7290.0,7007.0,6986.0
2022-06-16,0.0,18192.0,8587.0,5900.0,5186.0
2022-06-17,0.0,16703.0,7384.0,5173.0,4528.0
2022-06-18,0.0,16042.0,6664.0,5091.0,4239.0
2022-06-19,0.0,17096.0,7556.0,5147.0,4457.0
2022-06-20,0.0,17225.0,7652.0,5572.0,4113.0
2022-06-21,0.0,17861.0,7100.0,5747.0,4020.0
2022-06-22,0.0,16964.0,6642.0,5537.0,3837.0
2022-06-23,0.0,24916.0,6292.0,5317.0,3965.0
2022-06-24,0.0,44247.0,7380.0,5273.0,3628.0
2022-06-25,0.0,22985.0,6097.0,4679.0,3413.0
2022-06-26,0.0,19404.0,6967.0,4504.0,3387.0
2022-06-27,0.0,17112.0,6003.0,4403.0,3484.0
2022-06-28,0.0,17185.0,6090.0,4168.0,3555.0
2022-06-29,0.0,17378.0,6421.0,4110.0,3352.0
2022-06-30,0.0,15750.0,5640.0,4257.0,3355.0
2022-07-01,0.0,14277.0,5569.0,4142.0,3263.0
2022-07-02,0.0,15674.0,5313.0,4205.0,2935.0
2022-07-03,0.0,15603.0,5095.0,3728.0,2977.0
2022-07-04,0.0,15908.0,5100.0,3773.0,3306.0
2022-07-05,0.0,16457.0,5657.0,4126.0,3539.0
2022-07-06,0.0,15635.0,5071.0,3818.0,2937.0
2022-07-07,0.0,15119.0,4733.0,3545.0,2877.0
2022-07-08,0.0,14746.0,4653.0,4208.0,2948.0
2022-07-09,0.0,14581.0,4780.0,4395.0,3010.0
2022-07-10,0.0,14561.0,4808.0,4199.0,3305.0
2022-07-11,0.0,15138.0,5666.0,4099.0,3402.0
2022-07-12,0.0,14867.0,5068.0,3951.0,3294.0
2022-07-13,0.0,14655.0,4811.0,4107.0,3330.0
2022-07-14,0.0,16636.0,5265.0,4481.0,3455.0
2022-07-15,0.0,16454.0,5145.0,4624.0,3095.0
2022-07-16,0.0,18189.0,5340.0,4374.0,3228.0
2022-07-17,0.0,17226.0,5571.0,4988.0,3223.0
2022-07-18,0.0,18327.0,5969.0,4879.0,3481.0
2022-07-19,0.0,16842.0,6014.0,4184.0,3220.0
2022-07-20,0.0,19488.0,6222.0,3996.0,3290.0
2022-07-21,0.0,18235.0,6603.0,3813.0,3279.0
2022-07-22,0.0,16255.0,5728.0,3508.0,3230.0
2022-07-23,0.0,18009.0,6165.0,3512.0,3736.0
2022-07-24,0.0,21433.0,6482.0,3487.0,3500.0
2022-07-25,0.0,21926.0,5967.0,3618.0,3349.0
2022-07-26,0.0,19394.0,5833.0,3659.0,3480.0
2022-07-27,0.0,18997.0,5993.0,4410.0,3982.0
2022-07-28,0.0,17300.0,5377.0,3972.0,3979.0
2022-07-29,0.0,17872.0,5215.0,3574.0,3345.0
2022-07-30,0.0,17768.0,5724.0,3911.0,3173.0
2022-07-31,0.0,27310.0,7098.0,3851.0,3370.0
2022-08-01,0.0,29220.0,7083.0,3567.0,3101.0
2022-08-02,0.0,19669.0,5743.0,3240.0,2823.0
2022-08-03,0.0,18687.0,5407.0,3404.0,2744.0
2022-08-04,0.0,18155.0,5803.0,3145.0,2780.0
2022-08-05,0.0,20240.0,6102.0,3098.0,3511.0
2022-08-06,0.0,29737.0,8127.0,3348.0,3578.0
2022-08-07,0.0,46470.0,10062.0,4323.0,3358.0
2022-08-08,0.0,26200.0,7115.0,3988.0,3772.0
2022-08-09,0.0,22206.0,6118.0,3843.0,3773.0
2022-08-10,0.0,21230.0,6358.0,3660.0,3540.0
2022-08-11,0.0,20681.0,6038.0,3480.0,3490.0
2022-08-12,0.0,23725.0,6332.0,3647.0,3486.0
2022-08-13,0.0,31184.0,9009.0,4079.0,3730.0
2022-08-14,0.0,24590.0,12481.0,4119.0,3884.0
2022-08-15,0.0,23233.0,15451.0,4067.0,3916.0
2022-08-16,0.0,21095.0,12358.0,4033.0,3660.0
2022-08-17,0.0,21158.0,13326.0,3844.0,3351.0
2022-08-18,0.0,29363.0,14541.0,3946.0,3354.0
2022-08-19,0.0,32617.0,15502.0,3980.0,3697.0
2022-08-20,0.0,24466.0,12300.0,4051.0,3921.0
2022-08-21,0.0,34886.0,17802.0,4224.0,4392.0
2022-08-22,0.0,36527.0,19039.0,4615.0,3810.0
2022-08-23,0.0,24711.0,9405.0,5118.0,3623.0
2022-08-24,0.0,22702.0,8366.0,4580.0,3485.0
2022-08-25,0.0,21856.0,8245.0,4233.0,3637.0
2022-08-26,0.0,21592.0,7474.0,4106.0,3648.0
2022-08-27,0.0,23641.0,9140.0,4663.0,3754.0
2022-08-28,0.0,27040.0,11396.0,4711.0,4603.0
2022-08-29,0.0,25002.0,9531.0,5104.0,4293.0
2022-08-30,0.0,21744.0,9734.0,5370.0,4107.0
2022-08-31,0.0,25048.0,12478.0,5205.0,4274.0
2022-09-01,0.0,28769.0,15380.0,5817.0,3758.0
2022-09-02,0.0,25873.0,11800.0,4967.0,3505.0
2022-09-03,0.0,28592.0,22936.0,4955.0,4171.0
2022-09-04,0.0,30347.0,20140.0,5790.0,4155.0
2022-09-05,0.0,23667.0,14182.0,5536.0,3873.0
2022-09-06,0.0,34319.0,35059.0,5101.0,4625.0
2022-09-07,0.0,28916.0,28701.0,4782.0,4544.0
2022-09-08,0.0,24865.0,14062.0,4512.0,3732.0
2022-09-09,0.0,21176.0,9776.0,4062.0,3256.0
2022-09-10,0.0,27592.0,12832.0,4413.0,12918.0
2022-09-11,0.0,26126.0,11479.0,4358.0,4574.0
2022-09-12,0.0,21171.0,8826.0,4047.0,3824.0
2022-09-13,0.0,24541.0,11606.0,4282.0,4465.0
2022-09-14,0.0,31973.0,12153.0,4044.0,4736.0
2022-09-15,0.0,36983.0,14223.0,5575.0,8197.0
2022-09-16,0.0,25831.0,9562.0,6075.0,7056.0
2022-09-17,0.0,25652.0,12143.0,5623.0,5969.0
2022-09-18,0.0,36415.0,12737.0,6355.0,6827.0
2022-09-19,0.0,39219.0,11635.0,8452.0,8452.0
2022-09-20,0.0,27095.0,11340.0,9702.0,9485.0
2022-09-21,0.0,26252.0,10640.0,10716.0,8781.0
2022-09-22,0.0,26146.0,13997.0,11936.0,20300.0
2022-09-23,0.0,24014.0,13559.0,18442.0,18097.0
2022-09-24,0.0,64523.0,9422.0,44289.0,9795.0
2022-09-25,0.0,32165.0,10913.0,14909.0,15862.0
2022-09-26,0.0,26192.0,9066.0,13935.0,11908.0
2022-09-27,0.0,28819.0,9105.0,19066.0,8453.0
2022-09-28,0.0,87070.0,7942.0,39775.0,6595.0
2022-09-29,0.0,34878.0,7408.0,10740.0,5110.0
2022-09-30,0.0,26734.0,7814.0,7702.0,4782.0
2022-10-01,0.0,35385.0,9597.0,6857.0,4484.0
2022-10-02,0.0,45532.0,14808.0,5831.0,3996.0
2022-10-03,0.0,34559.0,13456.0,5143.0,3739.0
2022-10-04,0.0,34035.0,11274.0,5579.0,3882.0
2022-10-05,0.0,45063.0,13609.0,5226.0,4500.0
2022-10-06,0.0,55569.0,12593.0,6781.0,3967.0
2022-10-07,0.0,39338.0,11141.0,5727.0,3862.0
2022-10-08,0.0,34046.0,12990.0,5346.0,4090.0
2022-10-09,0.0,54247.0,12137.0,5361.0,5013.0
2022-10-10,0.0,59488.0,9975.0,5534.0,4873.0
2022-10-11,0.0,43894.0,33733.0,5269.0,5145.0
2022-10-12,0.0,33944.0,29691.0,6492.0,4639.0
2022-10-13,0.0,28834.0,16160.0,5871.0,4279.0
2022-10-14,0.0,25814.0,12075.0,5713.0,4748.0
2022-10-15,0.0,25963.0,11190.0,5583.0,4634.0
2022-10-16,0.0,38578.0,12060.0,5851.0,5317.0
2022-10-17,0.0,40011.0,13896.0,5377.0,6810.0
2022-10-18,0.0,38661.0,13367.0,6850.0,8676.0
2022-10-19,0.0,29511.0,9238.0,6212.0,6446.0
2022-10-20,0.0,32170.0,8031.0,6557.0,5348.0
2022-10-21,0.0,42450.0,10443.0,6697.0,5367.0
2022-10-22,0.0,54254.0,12601.0,7826.0,6416.0
2022-10-23,0.0,39823.0,9455.0,7379.0,6340.0
2022-10-24,0.0,31590.0,10030.0,6690.0,5337.0
2022-10-25,0.0,59842.0,14241.0,6907.0,5529.0
2022-10-26,0.0,69226.0,16347.0,7023.0,5620.0
2022-10-27,0.0,38952.0,9499.0,7249.0,5002.0
2022-10-28,0.0,34270.0,7967.0,7641.0,4843.0
2022-10-29,0.0,53974.0,12514.0,8620.0,5388.0
2022-10-30,0.0,49192.0,12774.0,9067.0,5940.0
2022-10-31,0.0,38241.0,8500.0,9256.0,7619.0
2022-11-01,0.0,34096.0,8521.0,10695.0,7880.0
2022-11-02,0.0,37689.0,13303.0,10926.0,7437.0
2022-11-03,0.0,35160.0,13416.0,11238.0,7207.0
2022-11-04,0.0,33643.0,7945.0,11600.0,6586.0
2022-11-05,0.0,34933.0,8305.0,11021.0,6808.0
2022-11-06,0.0,38868.0,9226.0,11896.0,8518.0
2022-11-07,0.0,34064.0,8325.0,18075.0,9988.0
2022-11-08,0.0,34706.0,7950.0,22608.0,11704.0
2022-11-09,0.0,32722.0,8657.0,22179.0,23742.0
2022-11-10,0.0,33449.0,8981.0,25093.0,24907.0
2022-11-11,0.0,34916.0,8759.0,35563.0,15445.0
2022-11-12,0.0,35310.0,9185.0,27030.0,13831.0
2022-11-13,0.0,42967.0,11535.0,27792.0,13885.0
2022-11-14,0.0,46169.0,10373.0,31220.0,18349.0
2022-11-15,0.0,44629.0,11339.0,36795.0,19858.0
2022-11-16,0.0,65544.0,14256.0,93432.0,24177.0
2022-11-17,0.0,60045.0,14066.0,53068.0,21010.0
2022-11-18,0.0,55875.0,14075.0,48983.0,21773.0
2022-11-19,0.0,70348.0,17627.0,51077.0,28405.0
2022-11-20,0.0,103463.0,28679.0,76467.0,60664.0
2022-11-21,0.0,100339.0,28720.0,73520.0,55090.0
2022-11-22,0.0,238253.0,188720.0,286812.0,187107.0
2022-11-23,0.0,131438.0,81145.0,75076.0,97036.0
2022-11-24,0.0,144450.0,45424.0,59930.0,53597.0
2022-11-25,0.0,106803.0,34921.0,51008.0,45234.0
2022-11-26,0.0,358668.0,300855.0,211967.0,132123.0
2022-11-27,0.0,224223.0,131597.0,101553.0,64267.0
2022-11-28,0.0,145630.0,64912.0,53574.0,42846.0
2022-11-29,0.0,105799.0,51160.0,48740.0,48639.0
2022-11-30,0.0,193500.0,80313.0,195847.0,117466.0
2022-12-01,0.0,119523.0,44971.0,88063.0,57483.0
2022-12-02,0.0,81299.0,34231.0,38154.0,46498.0
2022-12-03,27.0,375257.0,43327.0,119002.0,39870.0
2022-12-04,40.0,214192.0,548046.0,57468.0,138731.0
2022-12-05,34.0,121650.0,253069.0,37924.0,70774.0
2022-12-06,33.0,120870.0,132826.0,38659.0,53537.0
2022-12-07,12.0,93184.0,91472.0,28003.0,31407.0
2022-12-08,9.0,71310.0,71636.0,23384.0,22475.0
2022-12-09,13.0,333436.0,107794.0,195721.0,58997.0
2022-12-10,11.0,323061.0,431335.0,131509.0,191992.0
2022-12-11,1.0,192967.0,192041.0,63055.0,87297.0
2022-12-12,13.0,136278.0,105258.0,49765.0,42430.0
2022-12-13,50.0,484512.0,132314.0,223802.0,61035.0
2022-12-14,95.0,471547.0,432077.0,162736.0,191647.0
2022-12-15,174.0,259780.0,312491.0,83649.0,113943.0
2022-12-16,85.0,177968.0,148409.0,54905.0,52866.0
2022-12-17,105.0,196480.0,165480.0,60123.0,61181.0
2022-12-18,597.0,3086080.0,2216858.0,749244.0,394154.0
2022-12-19,8762.0,2022489.0,1256057.0,412097.0,140048.0
2022-12-20,35012.0,786925.0,506988.0,169040.0,54606.0
2022-12-21,24161.0,444473.0,297928.0,102205.0,32104.0
2022-12-22,18996.0,289875.0,181261.0,68644.0,22377.0
2022-12-23,13304.0,203980.0,126360.0,50430.0,17062.0
2022-12-24,12249.0,167005.0,102773.0,40427.0,13954.0
2022-12-25,11528.0,146707.0,98999.0,35406.0,12458.0
2022-12-26,9722.0,125717.0,76209.0,32300.0,11621.0
2022-12-27,6785.0,105540.0,61482.0,27242.0,9884.0
2022-12-28,6644.0,96122.0,56230.0,24483.0,9754.0
2022-12-29,6195.0,103166.0,62955.0,23641.0,8581.0
2022-12-30,6063.0,110006.0,54851.0,24056.0,8380.0
2022-12-31,5613.0,100068.0,42115.0,19739.0,7216.0
2023-01-01,4994.0,79963.0,37649.0,18456.0,6991.0
2023-01-02,4813.0,76815.0,33425.0,17843.0,7205.0
2023-01-03,4854.0,72579.0,35451.0,17095.0,6630.0
2023-01-04,4798.0,69055.0,33080.0,16310.0,6073.0
2023-01-05,4284.0,61151.0,31052.0,14540.0,6351.0
2023-01-06,4309.0,57138.0,28315.0,14999.0,6320.0
2023-01-07,4484.0,57794.0,26292.0,14352.0,6453.0
2023-01-08,4038.0,53172.0,24903.0,13467.0,6286.0
2023-01-09,3903.0,50168.0,23173.0,12439.0,10527.0
2023-01-10,3583.0,48474.0,20693.0,11926.0,10281.0
2023-01-11,3449.0,52221.0,21453.0,11116.0,6301.0
2023-01-12,3289.0,62788.0,20883.0,10809.0,5674.0
2023-01-13,2998.0,50429.0,18482.0,10277.0,5232.0
2023-01-14,3190.0,47366.0,20287.0,11045.0,5534.0
2023-01-15,3471.0,51765.0,20831.0,10736.0,6305.0
2023-01-16,2954.0,42302.0,17569.0,9158.0,4636.0
2023-01-17,2853.0,40787.0,16680.0,9145.0,4343.0
2023-01-18,3260.0,40832.0,16232.0,8900.0,3980.0
2023-01-19,3505.0,56106.0,23880.0,9261.0,4180.0
2023-01-20,3030.0,53270.0,22464.0,8588.0,3957.0
2023-01-21,2799.0,40948.0,19307.0,8417.0,3930.0
2023-01-22,3104.0,43787.0,21262.0,9207.0,4013.0
2023-01-23,2926.0,44104.0,26890.0,9341.0,4094.0
2023-01-24,2612.0,46003.0,37303.0,8295.0,4071.0
2023-01-25,2478.0,40218.0,20014.0,7401.0,3918.0
2023-01-26,2559.0,39902.0,16599.0,7582.0,3760.0
2023-01-27,2495.0,36898.0,15089.0,7579.0,3472.0
2023-01-28,2369.0,34504.0,15213.0,7973.0,3587.0
2023-01-29,2605.0,36488.0,16219.0,7593.0,3645.0
2023-01-30,2259.0,34044.0,14176.0,6993.0,3277.0
2023-01-31,2230.0,33051.0,13297.0,7226.0,3267.0
2023-02-01,2709.0,39263.0,16384.0,9113.0,3343.0
2023-02-02,2502.0,47828.0,17741.0,7446.0,6298.0
2023-02-03,2243.0,38498.0,14714.0,7593.0,4455.0
2023-02-04,2173.0,50000.0,14771.0,7135.0,4194.0
2023-02-05,2588.0,61244.0,16405.0,7490.0,4502.0
2023-02-06,1952.0,39695.0,13003.0,6353.0,3854.0
2023-02-07,2101.0,35891.0,12690.0,6318.0,3905.0
2023-02-08,1943.0,40312.0,15350.0,6056.0,3786.0
2023-02-09,1933.0,42812.0,15758.0,5911.0,3690.0
2023-02-10,1994.0,40918.0,14242.0,5991.0,3643.0
2023-02-11,2124.0,37891.0,14898.0,6481.0,4301.0
2023-02-12,2417.0,35545.0,15257.0,6486.0,4163.0
2023-02-13,2560.0,33571.0,15076.0,5873.0,3551.0
2023-02-14,2584.0,40133.0,22967.0,5524.0,4083.0
2023-02-15,2959.0,33802.0,18550.0,7299.0,4309.0
2023-02-16,2824.0,33722.0,14255.0,7850.0,4004.0
2023-02-17,2616.0,30275.0,14263.0,7643.0,3532.0
2023-02-18,2874.0,29490.0,16813.0,7988.0,3775.0
2023-02-19,3010.0,48571.0,20846.0,8179.0,4235.0
2023-02-20,2701.0,40548.0,17730.0,7389.0,3937.0
2023-02-21,2853.0,40097.0,16158.0,7998.0,4375.0
2023-02-22,2557.0,34075.0,14263.0,7698.0,4013.0
2023-02-23,2832.0,38007.0,14814.0,8532.0,4244.0
2023-02-24,2820.0,33345.0,12755.0,7955.0,3989.0
2023-02-25,2752.0,40085.0,14005.0,9527.0,3840.0
2023-02-26,3499.0,54828.0,24981.0,9473.0,4312.0
2023-02-27,2939.0,81597.0,34645.0,9720.0,4081.0
2023-02-28,2930.0,83247.0,23766.0,10036.0,4021.0
2023-03-01,2622.0,46707.0,19420.0,8219.0,4658.0
2023-03-02,2570.0,44818.0,18532.0,8807.0,3932.0
2023-03-03,2427.0,43556.0,13982.0,12830.0,3941.0
2023-03-04,2402.0,46313.0,28512.0,11459.0,4426.0
2023-03-05,2640.0,58087.0,50818.0,8749.0,4648.0
2023-03-06,2226.0,39510.0,22225.0,7297.0,4036.0
2023-03-07,2315.0,36966.0,19266.0,6945.0,3951.0
2023-03-08,2983.0,47791.0,26540.0,7044.0,4811.0
2023-03-09,2711.0,46041.0,21533.0,6062.0,4792.0
2023-03-10,2381.0,35338.0,15960.0,5638.0,4252.0
2023-03-11,2516.0,35436.0,17763.0,5636.0,4034.0
2023-03-12,2823.0,39318.0,17914.0,5755.0,3930.0
2023-03-13,2362.0,36351.0,13252.0,5464.0,3806.0
2023-03-14,2472.0,38917.0,17019.0,6038.0,4184.0
2023-03-15,2682.0,40427.0,20362.0,6264.0,4584.0
2023-03-16,2601.0,34840.0,14438.0,6616.0,9461.0
2023-03-17,2297.0,33227.0,12259.0,6907.0,7341.0
2023-03-18,2615.0,37530.0,14662.0,7131.0,6310.0
